; Ghidra-generated ARM listing. Reference only; not a build input.
; Program: mi5_secondary_lks32_cortex_m0.bin

000028C0  00f002f8      bl 0x000028c8
000028C4  00f032f8      bl 0x0000292c
000028C8  0ca0          adr r0,[0x28fc]
000028CA  30c8          ldmia r0!,{r4,r5}
000028CC  0838          subs r0,#0x8
000028CE  2418          adds r4,r4,r0
000028D0  2d18          adds r5,r5,r0
000028D2  a246          mov r10,r4
000028D4  671e          subs r7,r4,#0x1
000028D6  ab46          mov r11,r5
000028D8  5446          mov r4,r10
000028DA  5d46          mov r5,r11
000028DC  ac42          cmp r4,r5
000028DE  01d1          bne 0x000028e4
000028E0  00f024f8      bl 0x0000292c
000028E4  7e46          mov r6,pc
000028E6  0f3e          subs r6,#0xf
000028E8  0fcc          ldmia r4!,{r0,r1,r2,r3}
000028EA  b646          mov lr,r6
000028EC  0126          movs r6,#0x1
000028EE  3342          tst r3,r6
000028F0  00d0          beq 0x000028f4
000028F2  fb1a          subs r3,r7,r3
000028F4  a246          mov r10,r4
000028F6  ab46          mov r11,r5
000028F8  3343          orrs r3,r6
000028FA  1847          bx r3
00002920  1fb5          push {r0,r1,r2,r3,r4,lr}
00002922  00f067f8      bl 0x000029f4
00002926  1fbd          pop {r0,r1,r2,r3,r4,pc}
00002928  10b5          push {r4,lr}
0000292A  10bd          pop {r4,pc}
0000292C  01f0b6f8      bl 0x00003a9c
00002930  1146          mov r1,r2
00002932  fff7f5ff      bl 0x00002920
00002936  07f059fe      bl 0x0000a5ec
0000293A  01f0cef8      bl 0x00003ada
0000293E  03b4          push {r0,r1}
00002940  fff7f2ff      bl 0x00002928
00002944  03bc          pop {r0,r1}
00002946  01f021f9      bl 0x00003b8c
0000294A  0000          movs r0,r0
0000294C  30b4          push {r4,r5}
0000294E  0c49          ldr r1,[0x00002980]
00002950  0c68          ldr r4,[r1,#0x0]
00002952  4a68          ldr r2,[r1,#0x4]
00002954  2368          ldr r3,[r4,#0x0]
00002956  1068          ldr r0,[r2,#0x0]
00002958  c018          adds r0,r0,r3
0000295A  1060          str r0,[r2,#0x0]
0000295C  241d          adds r4,r4,#0x4
0000295E  121d          adds r2,r2,#0x4
00002960  8c42          cmp r4,r1
00002962  07d2          bcs 0x00002974
00002964  8a42          cmp r2,r1
00002966  08d2          bcs 0x0000297a
00002968  0c60          str r4,[r1,#0x0]
0000296A  4a60          str r2,[r1,#0x4]
0000296C  30bc          pop {r4,r5}
0000296E  4000          lsls r0,r0,#0x1
00002970  4008          lsrs r0,r0,#0x1
00002972  7047          bx lr
00002974  0c00          movs r4,r1
00002976  dc3c          subs r4,#0xdc
00002978  f6e7          b 0x00002968
0000297A  0a00          movs r2,r1
0000297C  dc3a          subs r2,#0xdc
0000297E  f3e7          b 0x00002968
00002984  0948          ldr r0,[0x000029ac]
00002986  80f30888      msr msp,r0
0000298A  0948          ldr r0,[0x000029b0]
0000298C  8047          blx r0
0000298E  0948          ldr r0,[0x000029b4]
00002990  0047          bx r0
00002992  fee7          b 0x00002992
00002994  fee7          b 0x00002994
00002996  fee7          b 0x00002996
00002998  fee7          b 0x00002998
0000299A  fee7          b 0x0000299a
0000299C  fee7          b 0x0000299c
000029A0  0548          ldr r0,[0x000029b8]
000029A2  0649          ldr r1,[0x000029bc]
000029A4  064a          ldr r2,[0x000029c0]
000029A6  074b          ldr r3,[0x000029c4]
000029A8  7047          bx lr
000029C8  0b4a          ldr r2,[0x000029f8]
000029CA  30b5          push {r4,r5,lr}
000029CC  1146          mov r1,r2
000029CE  0b4c          ldr r4,[0x000029fc]
000029D0  6031          adds r1,#0x60
000029D2  0b46          mov r3,r1
000029D4  dc3b          subs r3,#0xdc
000029D6  0cc1          stmia r1!,{r2,r3}
000029D8  3721          movs r1,#0x37
000029DA  06e0          b 0x000029ea
000029DC  020c          lsrs r2,r0,#0x10
000029DE  8d00          lsls r5,r1,#0x2
000029E0  1218          adds r2,r2,r0
000029E2  5a51          str r2,[r3,r5]
000029E4  064a          ldr r2,[0x00002a00]
000029E6  5043          muls r0,r2
000029E8  0019          adds r0,r0,r4
000029EA  0a46          mov r2,r1
000029EC  491e          subs r1,r1,#0x1
000029EE  002a          cmp r2,#0x0
000029F0  f4dc          bgt 0x000029dc
000029F2  30bd          pop {r4,r5,pc}
000029F4  0120          movs r0,#0x1
000029F6  e7e7          b 0x000029c8
00002A04  01e0          b 0x00002a0a
00002A06  04c0          stmia r0!,{r2}
00002A08  091f          subs r1,r1,#0x4
00002A0A  0429          cmp r1,#0x4
00002A0C  fbd2          bcs 0x00002a06
00002A0E  8b07          lsls r3,r1,#0x1e
00002A10  01d5          bpl 0x00002a16
00002A12  0280          strh r2,[r0,#0x0]
00002A14  801c          adds r0,r0,#0x2
00002A16  c907          lsls r1,r1,#0x1f
00002A18  00d0          beq 0x00002a1c
00002A1A  0270          strb r2,[r0,#0x0]
00002A1C  7047          bx lr
00002A1E  0029          cmp r1,#0x0
00002A20  0bd0          beq 0x00002a3a
00002A22  c307          lsls r3,r0,#0x1f
00002A24  02d0          beq 0x00002a2c
00002A26  0270          strb r2,[r0,#0x0]
00002A28  401c          adds r0,r0,#0x1
00002A2A  491e          subs r1,r1,#0x1
00002A2C  0229          cmp r1,#0x2
00002A2E  04d3          bcc 0x00002a3a
00002A30  8307          lsls r3,r0,#0x1e
00002A32  02d5          bpl 0x00002a3a
00002A34  0280          strh r2,[r0,#0x0]
00002A36  801c          adds r0,r0,#0x2
00002A38  891e          subs r1,r1,#0x2
00002A3A  e3e7          b 0x00002a04
00002A3C  0022          movs r2,#0x0
00002A3E  eee7          b 0x00002a1e
00002A40  0022          movs r2,#0x0
00002A42  dfe7          b 0x00002a04
00002A44  0022          movs r2,#0x0
00002A46  0309          lsrs r3,r0,#0x4
00002A48  8b42          cmp r3,r1
00002A4A  73d3          bcc 0x00002b34
00002A4C  030a          lsrs r3,r0,#0x8
00002A4E  8b42          cmp r3,r1
00002A50  58d3          bcc 0x00002b04
00002A52  030b          lsrs r3,r0,#0xc
00002A54  8b42          cmp r3,r1
00002A56  3cd3          bcc 0x00002ad2
00002A58  030c          lsrs r3,r0,#0x10
00002A5A  8b42          cmp r3,r1
00002A5C  21d3          bcc 0x00002aa2
00002A5E  12e0          b 0x00002a86
00002A60  0346          mov r3,r0
00002A62  0b43          orrs r3,r1
00002A64  7fd4          bmi 0x00002b66
00002A66  0022          movs r2,#0x0
00002A68  4308          lsrs r3,r0,#0x1
00002A6A  8b42          cmp r3,r1
00002A6C  74d3          bcc 0x00002b58
00002A6E  0309          lsrs r3,r0,#0x4
00002A70  8b42          cmp r3,r1
00002A72  5fd3          bcc 0x00002b34
00002A74  030a          lsrs r3,r0,#0x8
00002A76  8b42          cmp r3,r1
00002A78  44d3          bcc 0x00002b04
00002A7A  030b          lsrs r3,r0,#0xc
00002A7C  8b42          cmp r3,r1
00002A7E  28d3          bcc 0x00002ad2
00002A80  030c          lsrs r3,r0,#0x10
00002A82  8b42          cmp r3,r1
00002A84  0dd3          bcc 0x00002aa2
00002A86  ff22          movs r2,#0xff
00002A88  0902          lsls r1,r1,#0x8
00002A8A  12ba          rev r2,r2
00002A8C  030c          lsrs r3,r0,#0x10
00002A8E  8b42          cmp r3,r1
00002A90  02d3          bcc 0x00002a98
00002A92  1212          asrs r2,r2,#0x8
00002A94  0902          lsls r1,r1,#0x8
00002A96  65d0          beq 0x00002b64
00002A98  030b          lsrs r3,r0,#0xc
00002A9A  8b42          cmp r3,r1
00002A9C  19d3          bcc 0x00002ad2
00002A9E  00e0          b 0x00002aa2
00002AA0  090a          lsrs r1,r1,#0x8
00002AA2  c30b          lsrs r3,r0,#0xf
00002AA4  8b42          cmp r3,r1
00002AA6  01d3          bcc 0x00002aac
00002AA8  cb03          lsls r3,r1,#0xf
00002AAA  c01a          subs r0,r0,r3
00002AAC  5241          adcs r2,r2
00002AAE  830b          lsrs r3,r0,#0xe
00002AB0  8b42          cmp r3,r1
00002AB2  01d3          bcc 0x00002ab8
00002AB4  8b03          lsls r3,r1,#0xe
00002AB6  c01a          subs r0,r0,r3
00002AB8  5241          adcs r2,r2
00002ABA  430b          lsrs r3,r0,#0xd
00002ABC  8b42          cmp r3,r1
00002ABE  01d3          bcc 0x00002ac4
00002AC0  4b03          lsls r3,r1,#0xd
00002AC2  c01a          subs r0,r0,r3
00002AC4  5241          adcs r2,r2
00002AC6  030b          lsrs r3,r0,#0xc
00002AC8  8b42          cmp r3,r1
00002ACA  01d3          bcc 0x00002ad0
00002ACC  0b03          lsls r3,r1,#0xc
00002ACE  c01a          subs r0,r0,r3
00002AD0  5241          adcs r2,r2
00002AD2  c30a          lsrs r3,r0,#0xb
00002AD4  8b42          cmp r3,r1
00002AD6  01d3          bcc 0x00002adc
00002AD8  cb02          lsls r3,r1,#0xb
00002ADA  c01a          subs r0,r0,r3
00002ADC  5241          adcs r2,r2
00002ADE  830a          lsrs r3,r0,#0xa
00002AE0  8b42          cmp r3,r1
00002AE2  01d3          bcc 0x00002ae8
00002AE4  8b02          lsls r3,r1,#0xa
00002AE6  c01a          subs r0,r0,r3
00002AE8  5241          adcs r2,r2
00002AEA  430a          lsrs r3,r0,#0x9
00002AEC  8b42          cmp r3,r1
00002AEE  01d3          bcc 0x00002af4
00002AF0  4b02          lsls r3,r1,#0x9
00002AF2  c01a          subs r0,r0,r3
00002AF4  5241          adcs r2,r2
00002AF6  030a          lsrs r3,r0,#0x8
00002AF8  8b42          cmp r3,r1
00002AFA  01d3          bcc 0x00002b00
00002AFC  0b02          lsls r3,r1,#0x8
00002AFE  c01a          subs r0,r0,r3
00002B00  5241          adcs r2,r2
00002B02  cdd2          bcs 0x00002aa0
00002B04  c309          lsrs r3,r0,#0x7
00002B06  8b42          cmp r3,r1
00002B08  01d3          bcc 0x00002b0e
00002B0A  cb01          lsls r3,r1,#0x7
00002B0C  c01a          subs r0,r0,r3
00002B0E  5241          adcs r2,r2
00002B10  8309          lsrs r3,r0,#0x6
00002B12  8b42          cmp r3,r1
00002B14  01d3          bcc 0x00002b1a
00002B16  8b01          lsls r3,r1,#0x6
00002B18  c01a          subs r0,r0,r3
00002B1A  5241          adcs r2,r2
00002B1C  4309          lsrs r3,r0,#0x5
00002B1E  8b42          cmp r3,r1
00002B20  01d3          bcc 0x00002b26
00002B22  4b01          lsls r3,r1,#0x5
00002B24  c01a          subs r0,r0,r3
00002B26  5241          adcs r2,r2
00002B28  0309          lsrs r3,r0,#0x4
00002B2A  8b42          cmp r3,r1
00002B2C  01d3          bcc 0x00002b32
00002B2E  0b01          lsls r3,r1,#0x4
00002B30  c01a          subs r0,r0,r3
00002B32  5241          adcs r2,r2
00002B34  c308          lsrs r3,r0,#0x3
00002B36  8b42          cmp r3,r1
00002B38  01d3          bcc 0x00002b3e
00002B3A  cb00          lsls r3,r1,#0x3
00002B3C  c01a          subs r0,r0,r3
00002B3E  5241          adcs r2,r2
00002B40  8308          lsrs r3,r0,#0x2
00002B42  8b42          cmp r3,r1
00002B44  01d3          bcc 0x00002b4a
00002B46  8b00          lsls r3,r1,#0x2
00002B48  c01a          subs r0,r0,r3
00002B4A  5241          adcs r2,r2
00002B4C  4308          lsrs r3,r0,#0x1
00002B4E  8b42          cmp r3,r1
00002B50  01d3          bcc 0x00002b56
00002B52  4b00          lsls r3,r1,#0x1
00002B54  c01a          subs r0,r0,r3
00002B56  5241          adcs r2,r2
00002B58  411a          subs r1,r0,r1
00002B5A  00d2          bcs 0x00002b5e
00002B5C  0146          mov r1,r0
00002B5E  5241          adcs r2,r2
00002B60  1046          mov r0,r2
00002B62  7047          bx lr
00002B64  5de0          b 0x00002c22
00002B66  ca0f          lsrs r2,r1,#0x1f
00002B68  00d0          beq 0x00002b6c
00002B6A  4942          rsbs r1,r1
00002B6C  0310          asrs r3,r0,#0x20
00002B6E  00d3          bcc 0x00002b72
00002B70  4042          rsbs r0,r0
00002B72  5340          eors r3,r2
00002B74  0022          movs r2,#0x0
00002B76  9c46          mov r12,r3
00002B78  0309          lsrs r3,r0,#0x4
00002B7A  8b42          cmp r3,r1
00002B7C  2dd3          bcc 0x00002bda
00002B7E  030a          lsrs r3,r0,#0x8
00002B80  8b42          cmp r3,r1
00002B82  12d3          bcc 0x00002baa
00002B84  fc22          movs r2,#0xfc
00002B86  8901          lsls r1,r1,#0x6
00002B88  12ba          rev r2,r2
00002B8A  030a          lsrs r3,r0,#0x8
00002B8C  8b42          cmp r3,r1
00002B8E  0cd3          bcc 0x00002baa
00002B90  8901          lsls r1,r1,#0x6
00002B92  9211          asrs r2,r2,#0x6
00002B94  8b42          cmp r3,r1
00002B96  08d3          bcc 0x00002baa
00002B98  8901          lsls r1,r1,#0x6
00002B9A  9211          asrs r2,r2,#0x6
00002B9C  8b42          cmp r3,r1
00002B9E  04d3          bcc 0x00002baa
00002BA0  8901          lsls r1,r1,#0x6
00002BA2  3ad0          beq 0x00002c1a
00002BA4  9211          asrs r2,r2,#0x6
00002BA6  00e0          b 0x00002baa
00002BA8  8909          lsrs r1,r1,#0x6
00002BAA  c309          lsrs r3,r0,#0x7
00002BAC  8b42          cmp r3,r1
00002BAE  01d3          bcc 0x00002bb4
00002BB0  cb01          lsls r3,r1,#0x7
00002BB2  c01a          subs r0,r0,r3
00002BB4  5241          adcs r2,r2
00002BB6  8309          lsrs r3,r0,#0x6
00002BB8  8b42          cmp r3,r1
00002BBA  01d3          bcc 0x00002bc0
00002BBC  8b01          lsls r3,r1,#0x6
00002BBE  c01a          subs r0,r0,r3
00002BC0  5241          adcs r2,r2
00002BC2  4309          lsrs r3,r0,#0x5
00002BC4  8b42          cmp r3,r1
00002BC6  01d3          bcc 0x00002bcc
00002BC8  4b01          lsls r3,r1,#0x5
00002BCA  c01a          subs r0,r0,r3
00002BCC  5241          adcs r2,r2
00002BCE  0309          lsrs r3,r0,#0x4
00002BD0  8b42          cmp r3,r1
00002BD2  01d3          bcc 0x00002bd8
00002BD4  0b01          lsls r3,r1,#0x4
00002BD6  c01a          subs r0,r0,r3
00002BD8  5241          adcs r2,r2
00002BDA  c308          lsrs r3,r0,#0x3
00002BDC  8b42          cmp r3,r1
00002BDE  01d3          bcc 0x00002be4
00002BE0  cb00          lsls r3,r1,#0x3
00002BE2  c01a          subs r0,r0,r3
00002BE4  5241          adcs r2,r2
00002BE6  8308          lsrs r3,r0,#0x2
00002BE8  8b42          cmp r3,r1
00002BEA  01d3          bcc 0x00002bf0
00002BEC  8b00          lsls r3,r1,#0x2
00002BEE  c01a          subs r0,r0,r3
00002BF0  5241          adcs r2,r2
00002BF2  d9d2          bcs 0x00002ba8
00002BF4  4308          lsrs r3,r0,#0x1
00002BF6  8b42          cmp r3,r1
00002BF8  01d3          bcc 0x00002bfe
00002BFA  4b00          lsls r3,r1,#0x1
00002BFC  c01a          subs r0,r0,r3
00002BFE  5241          adcs r2,r2
00002C00  411a          subs r1,r0,r1
00002C02  00d2          bcs 0x00002c06
00002C04  0146          mov r1,r0
00002C06  6346          mov r3,r12
00002C08  5241          adcs r2,r2
00002C0A  5b10          asrs r3,r3,#0x1
00002C0C  1046          mov r0,r2
00002C0E  01d3          bcc 0x00002c14
00002C10  4042          rsbs r0,r0
00002C12  002b          cmp r3,#0x0
00002C14  00d5          bpl 0x00002c18
00002C16  4942          rsbs r1,r1
00002C18  7047          bx lr
00002C1A  6346          mov r3,r12
00002C1C  5b10          asrs r3,r3,#0x1
00002C1E  00d3          bcc 0x00002c22
00002C20  4042          rsbs r0,r0
00002C22  01b5          push {r0,lr}
00002C24  0020          movs r0,#0x0
00002C26  c046          mov r8,r8
00002C28  c046          mov r8,r8
00002C2A  02bd          pop {r1,pc}
00002C34  f0b5          push {r4,r5,r6,r7,lr}
00002C36  0c46          mov r4,r1
00002C38  871a          subs r7,r0,r2
00002C3A  9c41          sbcs r4,r3
00002C3C  0d46          mov r5,r1
00002C3E  861a          subs r6,r0,r2
00002C40  9d41          sbcs r5,r3
00002C42  03d2          bcs 0x00002c4c
00002C44  c01b          subs r0,r0,r7
00002C46  a141          sbcs r1,r4
00002C48  d219          adds r2,r2,r7
00002C4A  6341          adcs r3,r4
00002C4C  0d0d          lsrs r5,r1,#0x14
00002C4E  1f0d          lsrs r7,r3,#0x14
00002C50  c94e          ldr r6,[0x00002f78]
00002C52  ec1b          subs r4,r5,r7
00002C54  ae43          bics r6,r5
00002C56  5cd0          beq 0x00002d12
00002C58  7f05          lsls r7,r7,#0x15
00002C5A  7f0d          lsrs r7,r7,#0x15
00002C5C  0026          movs r6,#0x0
00002C5E  002f          cmp r7,#0x0
00002C60  51d0          beq 0x00002d06
00002C62  2d05          lsls r5,r5,#0x14
00002C64  ac46          mov r12,r5
00002C66  a943          bics r1,r5
00002C68  dd02          lsls r5,r3,#0xb
00002C6A  0123          movs r3,#0x1
00002C6C  ed0a          lsrs r5,r5,#0xb
00002C6E  1b05          lsls r3,r3,#0x14
00002C70  1d43          orrs r5,r3
00002C72  2023          movs r3,#0x20
00002C74  1b1b          subs r3,r3,r4
00002C76  24d4          bmi 0x00002cc2
00002C78  1746          mov r7,r2
00002C7A  e740          lsrs r7,r4
00002C7C  3818          adds r0,r7,r0
00002C7E  7141          adcs r1,r6
00002C80  2f46          mov r7,r5
00002C82  e740          lsrs r7,r4
00002C84  cc19          adds r4,r1,r7
00002C86  9d40          lsls r5,r3
00002C88  2818          adds r0,r5,r0
00002C8A  3146          mov r1,r6
00002C8C  6141          adcs r1,r4
00002C8E  0c0d          lsrs r4,r1,#0x14
00002C90  27d1          bne 0x00002ce2
00002C92  6144          add r1,r12
00002C94  9a40          lsls r2,r3
00002C96  13d5          bpl 0x00002cc0
00002C98  0023          movs r3,#0x0
00002C9A  401c          adds r0,r0,#0x1
00002C9C  5941          adcs r1,r3
00002C9E  5200          lsls r2,r2,#0x1
00002CA0  0ed1          bne 0x00002cc0
00002CA2  4008          lsrs r0,r0,#0x1
00002CA4  4000          lsls r0,r0,#0x1
00002CA6  0122          movs r2,#0x1
00002CA8  4b00          lsls r3,r1,#0x1
00002CAA  5205          lsls r2,r2,#0x15
00002CAC  d342          cmn r3,r2
00002CAE  07d3          bcc 0x00002cc0
00002CB0  0520          movs r0,#0x5
00002CB2  4007          lsls r0,r0,#0x1d
00002CB4  c142          cmn r1,r0
00002CB6  01d5          bpl 0x00002cbc
00002CB8  b049          ldr r1,[0x00002f7c]
00002CBA  00e0          b 0x00002cbe
00002CBC  b049          ldr r1,[0x00002f80]
00002CBE  3046          mov r0,r6
00002CC0  f0bd          pop {r4,r5,r6,r7,pc}
00002CC2  6b00          lsls r3,r5,#0x1
00002CC4  002a          cmp r2,#0x0
00002CC6  00d0          beq 0x00002cca
00002CC8  0122          movs r2,#0x1
00002CCA  9a18          adds r2,r3,r2
00002CCC  1f23          movs r3,#0x1f
00002CCE  203c          subs r4,#0x20
00002CD0  1b1b          subs r3,r3,r4
00002CD2  01d5          bpl 0x00002cd8
00002CD4  0023          movs r3,#0x0
00002CD6  02e0          b 0x00002cde
00002CD8  e540          lsrs r5,r4
00002CDA  2818          adds r0,r5,r0
00002CDC  7141          adcs r1,r6
00002CDE  0c0d          lsrs r4,r1,#0x14
00002CE0  d7d0          beq 0x00002c92
00002CE2  0124          movs r4,#0x1
00002CE4  2405          lsls r4,r4,#0x14
00002CE6  0919          adds r1,r1,r4
00002CE8  c407          lsls r4,r0,#0x1f
00002CEA  cd07          lsls r5,r1,#0x1f
00002CEC  4008          lsrs r0,r0,#0x1
00002CEE  4908          lsrs r1,r1,#0x1
00002CF0  e40f          lsrs r4,r4,#0x1f
00002CF2  2843          orrs r0,r5
00002CF4  6144          add r1,r12
00002CF6  002c          cmp r4,#0x0
00002CF8  d5d0          beq 0x00002ca6
00002CFA  0024          movs r4,#0x0
00002CFC  401c          adds r0,r0,#0x1
00002CFE  6141          adcs r1,r4
00002D00  9a40          lsls r2,r3
00002D02  d0d1          bne 0x00002ca6
00002D04  cde7          b 0x00002ca2
00002D06  6a05          lsls r2,r5,#0x15
00002D08  520d          lsrs r2,r2,#0x15
00002D0A  d9d1          bne 0x00002cc0
00002D0C  c90f          lsrs r1,r1,#0x1f
00002D0E  c907          lsls r1,r1,#0x1f
00002D10  d5e7          b 0x00002cbe
00002D12  9c4d          ldr r5,[0x00002f84]
00002D14  4e00          lsls r6,r1,#0x1
00002D16  0028          cmp r0,#0x0
00002D18  01d0          beq 0x00002d1e
00002D1A  0124          movs r4,#0x1
00002D1C  00e0          b 0x00002d20
00002D1E  0024          movs r4,#0x0
00002D20  3419          adds r4,r6,r4
00002D22  5f00          lsls r7,r3,#0x1
00002D24  002a          cmp r2,#0x0
00002D26  01d0          beq 0x00002d2c
00002D28  0126          movs r6,#0x1
00002D2A  00e0          b 0x00002d2e
00002D2C  0026          movs r6,#0x0
00002D2E  be19          adds r6,r7,r6
00002D30  954f          ldr r7,[0x00002f88]
00002D32  ac42          cmp r4,r5
00002D34  0cd8          bhi 0x00002d50
00002D36  ae42          cmp r6,r5
00002D38  0ad8          bhi 0x00002d50
00002D3A  b442          cmp r4,r6
00002D3C  06d0          beq 0x00002d4c
00002D3E  0125          movs r5,#0x1
00002D40  6d05          lsls r5,r5,#0x15
00002D42  ec42          cmn r4,r5
00002D44  bcd0          beq 0x00002cc0
00002D46  1046          mov r0,r2
00002D48  1946          mov r1,r3
00002D4A  f0bd          pop {r4,r5,r6,r7,pc}
00002D4C  9942          cmp r1,r3
00002D4E  fcd0          beq 0x00002d4a
00002D50  0020          movs r0,#0x0
00002D52  3946          mov r1,r7
00002D54  f0bd          pop {r4,r5,r6,r7,pc}
00002D56  f0b5          push {r4,r5,r6,r7,lr}
00002D58  1fb4          push {r0,r1,r2,r3,r4}
00002D5A  0c46          mov r4,r1
00002D5C  0f46          mov r7,r1
00002D5E  811a          subs r1,r0,r2
00002D60  9f41          sbcs r7,r3
00002D62  2546          mov r5,r4
00002D64  861a          subs r6,r0,r2
00002D66  9d41          sbcs r5,r3
00002D68  06d2          bcs 0x00002d78
00002D6A  0125          movs r5,#0x1
00002D6C  ed07          lsls r5,r5,#0x1f
00002D6E  6f40          eors r7,r5
00002D70  401a          subs r0,r0,r1
00002D72  bc41          sbcs r4,r7
00002D74  5218          adds r2,r2,r1
00002D76  7b41          adcs r3,r7
00002D78  210d          lsrs r1,r4,#0x14
00002D7A  1e0d          lsrs r6,r3,#0x14
00002D7C  8d1b          subs r5,r1,r6
00002D7E  ac46          mov r12,r5
00002D80  7d4d          ldr r5,[0x00002f78]
00002D82  8d43          bics r5,r1
00002D84  7ed0          beq 0x00002e84
00002D86  7505          lsls r5,r6,#0x15
00002D88  6d0d          lsrs r5,r5,#0x15
00002D8A  7cd0          beq 0x00002e86
00002D8C  0d05          lsls r5,r1,#0x14
00002D8E  ae46          mov lr,r5
00002D90  ac43          bics r4,r5
00002D92  1b03          lsls r3,r3,#0xc
00002D94  1b0b          lsrs r3,r3,#0xc
00002D96  794d          ldr r5,[0x00002f7c]
00002D98  5242          rsbs r2,r2
00002D9A  9d41          sbcs r5,r3
00002D9C  2023          movs r3,#0x20
00002D9E  6646          mov r6,r12
00002DA0  9b1b          subs r3,r3,r6
00002DA2  14d3          bcc 0x00002dce
00002DA4  1746          mov r7,r2
00002DA6  f740          lsrs r7,r6
00002DA8  3818          adds r0,r7,r0
00002DAA  0026          movs r6,#0x0
00002DAC  0090          str r0,[sp,#0x0]
00002DAE  7441          adcs r4,r6
00002DB0  6046          mov r0,r12
00002DB2  2f46          mov r7,r5
00002DB4  0741          asrs r7,r0
00002DB6  e419          adds r4,r4,r7
00002DB8  0098          ldr r0,[sp,#0x0]
00002DBA  9d40          lsls r5,r3
00002DBC  2818          adds r0,r5,r0
00002DBE  6641          adcs r6,r4
00002DC0  16d4          bmi 0x00002df0
00002DC2  7146          mov r1,lr
00002DC4  7118          adds r1,r6,r1
00002DC6  9a40          lsls r2,r3
00002DC8  25d5          bpl 0x00002e16
00002DCA  0123          movs r3,#0x1
00002DCC  20e0          b 0x00002e10
00002DCE  9318          adds r3,r2,r2
00002DD0  2a46          mov r2,r5
00002DD2  6a41          adcs r2,r5
00002DD4  5200          lsls r2,r2,#0x1
00002DD6  002b          cmp r3,#0x0
00002DD8  00d0          beq 0x00002ddc
00002DDA  521c          adds r2,r2,#0x1
00002DDC  1e23          movs r3,#0x1e
00002DDE  203e          subs r6,#0x20
00002DE0  9b1b          subs r3,r3,r6
00002DE2  002b          cmp r3,#0x0
00002DE4  61dd          ble 0x00002eaa
00002DE6  3541          asrs r5,r6
00002DE8  ee17          asrs r6,r5,#0x1f
00002DEA  2818          adds r0,r5,r0
00002DEC  6641          adcs r6,r4
00002DEE  e8d5          bpl 0x00002dc2
00002DF0  0018          adds r0,r0,r0
00002DF2  7641          adcs r6,r6
00002DF4  5b1c          adds r3,r3,#0x1
00002DF6  9a40          lsls r2,r3
00002DF8  00d3          bcc 0x00002dfc
00002DFA  401c          adds r0,r0,#0x1
00002DFC  4b05          lsls r3,r1,#0x15
00002DFE  f318          adds r3,r6,r3
00002E00  1524          movs r4,#0x15
00002E02  e340          lsrs r3,r4
00002E04  10d3          bcc 0x00002e28
00002E06  002b          cmp r3,#0x0
00002E08  52d0          beq 0x00002eb0
00002E0A  7146          mov r1,lr
00002E0C  7118          adds r1,r6,r1
00002E0E  d30f          lsrs r3,r2,#0x1f
00002E10  c018          adds r0,r0,r3
00002E12  02d3          bcc 0x00002e1a
00002E14  491c          adds r1,r1,#0x1
00002E16  05b0          add sp,#0x14
00002E18  f0bd          pop {r4,r5,r6,r7,pc}
00002E1A  0123          movs r3,#0x1
00002E1C  db07          lsls r3,r3,#0x1f
00002E1E  9a42          cmp r2,r3
00002E20  f9d1          bne 0x00002e16
00002E22  4008          lsrs r0,r0,#0x1
00002E24  4000          lsls r0,r0,#0x1
00002E26  f6e7          b 0x00002e16
00002E28  0122          movs r2,#0x1
00002E2A  5205          lsls r2,r2,#0x15
00002E2C  b218          adds r2,r6,r2
00002E2E  01d1          bne 0x00002e34
00002E30  0028          cmp r0,#0x0
00002E32  53d0          beq 0x00002edc
00002E34  0123          movs r3,#0x1
00002E36  cc0a          lsrs r4,r1,#0xb
00002E38  db02          lsls r3,r3,#0xb
00002E3A  9943          bics r1,r3
00002E3C  891e          subs r1,r1,#0x2
00002E3E  002a          cmp r2,#0x0
00002E40  08d1          bne 0x00002e54
00002E42  020c          lsrs r2,r0,#0x10
00002E44  03d0          beq 0x00002e4e
00002E46  020c          lsrs r2,r0,#0x10
00002E48  0004          lsls r0,r0,#0x10
00002E4A  1039          subs r1,#0x10
00002E4C  02e0          b 0x00002e54
00002E4E  0246          mov r2,r0
00002E50  0020          movs r0,#0x0
00002E52  2039          subs r1,#0x20
00002E54  0023          movs r3,#0x0
00002E56  550b          lsrs r5,r2,#0xd
00002E58  05d1          bne 0x00002e66
00002E5A  1202          lsls r2,r2,#0x8
00002E5C  0823          movs r3,#0x8
00002E5E  550b          lsrs r5,r2,#0xd
00002E60  01d1          bne 0x00002e66
00002E62  5201          lsls r2,r2,#0x5
00002E64  0d23          movs r3,#0xd
00002E66  550c          lsrs r5,r2,#0x11
00002E68  01d1          bne 0x00002e6e
00002E6A  1201          lsls r2,r2,#0x4
00002E6C  1b1d          adds r3,r3,#0x4
00002E6E  d50c          lsrs r5,r2,#0x13
00002E70  01d1          bne 0x00002e76
00002E72  9200          lsls r2,r2,#0x2
00002E74  9b1c          adds r3,r3,#0x2
00002E76  150d          lsrs r5,r2,#0x14
00002E78  01d1          bne 0x00002e7e
00002E7A  5200          lsls r2,r2,#0x1
00002E7C  5b1c          adds r3,r3,#0x1
00002E7E  2025          movs r5,#0x20
00002E80  ee1a          subs r6,r5,r3
00002E82  01e0          b 0x00002e88
00002E84  2ce0          b 0x00002ee0
00002E86  22e0          b 0x00002ece
00002E88  0546          mov r5,r0
00002E8A  f540          lsrs r5,r6
00002E8C  1543          orrs r5,r2
00002E8E  9840          lsls r0,r3
00002E90  ca1a          subs r2,r1,r3
00002E92  e107          lsls r1,r4,#0x1f
00002E94  6918          adds r1,r5,r1
00002E96  1305          lsls r3,r2,#0x14
00002E98  c918          adds r1,r1,r3
00002E9A  002a          cmp r2,#0x0
00002E9C  bbda          bge 0x00002e16
00002E9E  0320          movs r0,#0x3
00002EA0  4007          lsls r0,r0,#0x1d
00002EA2  0818          adds r0,r1,r0
00002EA4  c10f          lsrs r1,r0,#0x1f
00002EA6  c907          lsls r1,r1,#0x1f
00002EA8  0fe0          b 0x00002eca
00002EAA  7146          mov r1,lr
00002EAC  6118          adds r1,r4,r1
00002EAE  b2e7          b 0x00002e16
00002EB0  f107          lsls r1,r6,#0x1f
00002EB2  4008          lsrs r0,r0,#0x1
00002EB4  0843          orrs r0,r1
00002EB6  7110          asrs r1,r6,#0x1
00002EB8  7144          add r1,lr
00002EBA  4a00          lsls r2,r1,#0x1
00002EBC  0cd0          beq 0x00002ed8
00002EBE  0123          movs r3,#0x1
00002EC0  5b05          lsls r3,r3,#0x15
00002EC2  9a42          cmp r2,r3
00002EC4  a7d2          bcs 0x00002e16
00002EC6  c90f          lsrs r1,r1,#0x1f
00002EC8  c907          lsls r1,r1,#0x1f
00002ECA  0020          movs r0,#0x0
00002ECC  a3e7          b 0x00002e16
00002ECE  4905          lsls r1,r1,#0x15
00002ED0  490d          lsrs r1,r1,#0x15
00002ED2  26d1          bne 0x00002f22
00002ED4  0020          movs r0,#0x0
00002ED6  01e0          b 0x00002edc
00002ED8  0028          cmp r0,#0x0
00002EDA  f4d1          bne 0x00002ec6
00002EDC  0021          movs r1,#0x0
00002EDE  9ae7          b 0x00002e16
00002EE0  284d          ldr r5,[0x00002f84]
00002EE2  6600          lsls r6,r4,#0x1
00002EE4  0028          cmp r0,#0x0
00002EE6  01d0          beq 0x00002eec
00002EE8  0121          movs r1,#0x1
00002EEA  00e0          b 0x00002eee
00002EEC  0021          movs r1,#0x0
00002EEE  7118          adds r1,r6,r1
00002EF0  5f00          lsls r7,r3,#0x1
00002EF2  002a          cmp r2,#0x0
00002EF4  01d0          beq 0x00002efa
00002EF6  0126          movs r6,#0x1
00002EF8  00e0          b 0x00002efc
00002EFA  0026          movs r6,#0x0
00002EFC  be19          adds r6,r7,r6
00002EFE  224f          ldr r7,[0x00002f88]
00002F00  a942          cmp r1,r5
00002F02  10d8          bhi 0x00002f26
00002F04  ae42          cmp r6,r5
00002F06  0ed8          bhi 0x00002f26
00002F08  b142          cmp r1,r6
00002F0A  08d0          beq 0x00002f1e
00002F0C  0125          movs r5,#0x1
00002F0E  6d05          lsls r5,r5,#0x15
00002F10  e942          cmn r1,r5
00002F12  06d0          beq 0x00002f22
00002F14  1946          mov r1,r3
00002F16  a802          lsls r0,r5,#0xa
00002F18  4140          eors r1,r0
00002F1A  1046          mov r0,r2
00002F1C  7be7          b 0x00002e16
00002F1E  9c42          cmp r4,r3
00002F20  01d0          beq 0x00002f26
00002F22  2146          mov r1,r4
00002F24  77e7          b 0x00002e16
00002F26  0020          movs r0,#0x0
00002F28  3946          mov r1,r7
00002F2A  74e7          b 0x00002e16
00002F2C  10b5          push {r4,lr}
00002F2E  0c46          mov r4,r1
00002F30  5c40          eors r4,r3
00002F32  05d5          bpl 0x00002f40
00002F34  0124          movs r4,#0x1
00002F36  e407          lsls r4,r4,#0x1f
00002F38  6340          eors r3,r4
00002F3A  fff70cff      bl 0x00002d56
00002F3E  10bd          pop {r4,pc}
00002F40  fff778fe      bl 0x00002c34
00002F44  10bd          pop {r4,pc}
00002F46  30b4          push {r4,r5}
00002F48  0c46          mov r4,r1
00002F4A  5c40          eors r4,r3
00002F4C  04d5          bpl 0x00002f58
00002F4E  0124          movs r4,#0x1
00002F50  e407          lsls r4,r4,#0x1f
00002F52  6340          eors r3,r4
00002F54  30bc          pop {r4,r5}
00002F56  6de6          b 0x00002c34
00002F58  30bc          pop {r4,r5}
00002F5A  fce6          b 0x00002d56
00002F5C  70b5          push {r4,r5,r6,lr}
00002F5E  0124          movs r4,#0x1
00002F60  e407          lsls r4,r4,#0x1f
00002F62  6140          eors r1,r4
00002F64  0d46          mov r5,r1
00002F66  5d40          eors r5,r3
00002F68  02d4          bmi 0x00002f70
00002F6A  fff763fe      bl 0x00002c34
00002F6E  70bd          pop {r4,r5,r6,pc}
00002F70  6340          eors r3,r4
00002F72  fff7f0fe      bl 0x00002d56
00002F76  70bd          pop {r4,r5,r6,pc}
00002F8C  f0b5          push {r4,r5,r6,r7,lr}
00002F8E  f94d          ldr r5,[0x00003374]
00002F90  0c09          lsrs r4,r1,#0x4
00002F92  1e09          lsrs r6,r3,#0x4
00002F94  2c40          ands r4,r5
00002F96  2e40          ands r6,r5
00002F98  2f46          mov r7,r5
00002F9A  8bb0          sub sp,#0x2c
00002F9C  a743          bics r7,r4
00002F9E  7dd0          beq 0x0000309c
00002FA0  b543          bics r5,r6
00002FA2  fcd0          beq 0x00002f9e
00002FA4  002e          cmp r6,#0x0
00002FA6  7ad0          beq 0x0000309e
00002FA8  002c          cmp r4,#0x0
00002FAA  fcd0          beq 0x00002fa6
00002FAC  0d46          mov r5,r1
00002FAE  5d40          eors r5,r3
00002FB0  ed0f          lsrs r5,r5,#0x1f
00002FB2  2543          orrs r5,r4
00002FB4  ac1b          subs r4,r5,r6
00002FB6  ff25          movs r5,#0xff
00002FB8  ad04          lsls r5,r5,#0x12
00002FBA  6419          adds r4,r4,r5
00002FBC  0894          str r4,[sp,#0x20]
00002FBE  c502          lsls r5,r0,#0xb
00002FC0  440d          lsrs r4,r0,#0x15
00002FC2  c902          lsls r1,r1,#0xb
00002FC4  2143          orrs r1,r4
00002FC6  500d          lsrs r0,r2,#0x15
00002FC8  dc02          lsls r4,r3,#0xb
00002FCA  0443          orrs r4,r0
00002FCC  0120          movs r0,#0x1
00002FCE  c007          lsls r0,r0,#0x1f
00002FD0  0143          orrs r1,r0
00002FD2  0443          orrs r4,r0
00002FD4  d202          lsls r2,r2,#0xb
00002FD6  0191          str r1,[sp,#0x4]
00002FD8  200c          lsrs r0,r4,#0x10
00002FDA  110c          lsrs r1,r2,#0x10
00002FDC  0095          str r5,[sp,#0x0]
00002FDE  8c46          mov r12,r1
00002FE0  0104          lsls r1,r0,#0x10
00002FE2  2346          mov r3,r4
00002FE4  8b43          bics r3,r1
00002FE6  0a91          str r1,[sp,#0x28]
00002FE8  6146          mov r1,r12
00002FEA  0904          lsls r1,r1,#0x10
00002FEC  e24d          ldr r5,[0x00003378]
00002FEE  8a43          bics r2,r1
00002FF0  0991          str r1,[sp,#0x24]
00002FF2  010a          lsrs r1,r0,#0x8
00002FF4  7d44          add r5,pc
00002FF6  4919          adds r1,r1,r5
00002FF8  8039          subs r1,#0x80
00002FFA  0978          ldrb r1,[r1,#0x0]
00002FFC  0546          mov r5,r0
00002FFE  4d43          muls r5,r1
00003000  0126          movs r6,#0x1
00003002  6d18          adds r5,r5,r1
00003004  f605          lsls r6,r6,#0x17
00003006  751b          subs r5,r6,r5
00003008  6943          muls r1,r5
0000300A  c90c          lsrs r1,r1,#0x13
0000300C  640b          lsrs r4,r4,#0xd
0000300E  891c          adds r1,r1,#0x2
00003010  4c43          muls r4,r1
00003012  6418          adds r4,r4,r1
00003014  b501          lsls r5,r6,#0x6
00003016  2c1b          subs r4,r5,r4
00003018  250c          lsrs r5,r4,#0x10
0000301A  2e04          lsls r6,r5,#0x10
0000301C  b443          bics r4,r6
0000301E  4c43          muls r4,r1
00003020  4d43          muls r5,r1
00003022  210c          lsrs r1,r4,#0x10
00003024  6918          adds r1,r5,r1
00003026  8909          lsrs r1,r1,#0x6
00003028  0591          str r1,[sp,#0x14]
0000302A  009d          ldr r5,[sp,#0x0]
0000302C  e907          lsls r1,r5,#0x1f
0000302E  01d0          beq 0x00003034
00003030  0121          movs r1,#0x1
00003032  c907          lsls r1,r1,#0x1f
00003034  0491          str r1,[sp,#0x10]
00003036  2c46          mov r4,r5
00003038  0199          ldr r1,[sp,#0x4]
0000303A  6708          lsrs r7,r4,#0x1
0000303C  cd07          lsls r5,r1,#0x1f
0000303E  2f43          orrs r7,r5
00003040  4c08          lsrs r4,r1,#0x1
00003042  059d          ldr r5,[sp,#0x14]
00003044  e10b          lsrs r1,r4,#0xf
00003046  4d43          muls r5,r1
00003048  2d0c          lsrs r5,r5,#0x10
0000304A  2946          mov r1,r5
0000304C  6646          mov r6,r12
0000304E  7543          muls r5,r6
00003050  0295          str r5,[sp,#0x8]
00003052  0d46          mov r5,r1
00003054  4543          muls r5,r0
00003056  2e46          mov r6,r5
00003058  029d          ldr r5,[sp,#0x8]
0000305A  7d1b          subs r5,r7,r5
0000305C  b441          sbcs r4,r6
0000305E  0095          str r5,[sp,#0x0]
00003060  0d46          mov r5,r1
00003062  5d43          muls r5,r3
00003064  0194          str r4,[sp,#0x4]
00003066  2c0c          lsrs r4,r5,#0x10
00003068  2f04          lsls r7,r5,#0x10
0000306A  0d46          mov r5,r1
0000306C  5543          muls r5,r2
0000306E  ae46          mov lr,r5
00003070  2d0c          lsrs r5,r5,#0x10
00003072  3d43          orrs r5,r7
00003074  0295          str r5,[sp,#0x8]
00003076  0394          str r4,[sp,#0xc]
00003078  7546          mov r5,lr
0000307A  049c          ldr r4,[sp,#0x10]
0000307C  2d04          lsls r5,r5,#0x10
0000307E  641b          subs r4,r4,r5
00003080  0494          str r4,[sp,#0x10]
00003082  06d2          bcs 0x00003092
00003084  029c          ldr r4,[sp,#0x8]
00003086  039d          ldr r5,[sp,#0xc]
00003088  641c          adds r4,r4,#0x1
0000308A  0026          movs r6,#0x0
0000308C  7541          adcs r5,r6
0000308E  0395          str r5,[sp,#0xc]
00003090  0294          str r4,[sp,#0x8]
00003092  01ac          add r4,sp,#0x4
00003094  70cc          ldmia r4,{r4,r5,r6}
00003096  009f          ldr r7,[sp,#0x0]
00003098  7d1b          subs r5,r7,r5
0000309A  01e0          b 0x000030a0
0000309C  3ee1          b 0x0000331c
0000309E  62e1          b 0x00003366
000030A0  b441          sbcs r4,r6
000030A2  0904          lsls r1,r1,#0x10
000030A4  0095          str r5,[sp,#0x0]
000030A6  0791          str r1,[sp,#0x1c]
000030A8  0194          str r4,[sp,#0x4]
000030AA  0599          ldr r1,[sp,#0x14]
000030AC  a408          lsrs r4,r4,#0x2
000030AE  6143          muls r1,r4
000030B0  090c          lsrs r1,r1,#0x10
000030B2  0c46          mov r4,r1
000030B4  4443          muls r4,r0
000030B6  650b          lsrs r5,r4,#0xd
000030B8  e704          lsls r7,r4,#0x13
000030BA  0c46          mov r4,r1
000030BC  6646          mov r6,r12
000030BE  7443          muls r4,r6
000030C0  a646          mov lr,r4
000030C2  640b          lsrs r4,r4,#0xd
000030C4  3c43          orrs r4,r7
000030C6  0395          str r5,[sp,#0xc]
000030C8  0294          str r4,[sp,#0x8]
000030CA  7446          mov r4,lr
000030CC  049d          ldr r5,[sp,#0x10]
000030CE  e404          lsls r4,r4,#0x13
000030D0  2c1b          subs r4,r5,r4
000030D2  0494          str r4,[sp,#0x10]
000030D4  06d2          bcs 0x000030e4
000030D6  029c          ldr r4,[sp,#0x8]
000030D8  039d          ldr r5,[sp,#0xc]
000030DA  641c          adds r4,r4,#0x1
000030DC  0026          movs r6,#0x0
000030DE  7541          adcs r5,r6
000030E0  0395          str r5,[sp,#0xc]
000030E2  0294          str r4,[sp,#0x8]
000030E4  01ac          add r4,sp,#0x4
000030E6  70cc          ldmia r4,{r4,r5,r6}
000030E8  009f          ldr r7,[sp,#0x0]
000030EA  7d1b          subs r5,r7,r5
000030EC  b441          sbcs r4,r6
000030EE  0194          str r4,[sp,#0x4]
000030F0  0c46          mov r4,r1
000030F2  5c43          muls r4,r3
000030F4  0095          str r5,[sp,#0x0]
000030F6  650f          lsrs r5,r4,#0x1d
000030F8  e700          lsls r7,r4,#0x3
000030FA  0c46          mov r4,r1
000030FC  5443          muls r4,r2
000030FE  a646          mov lr,r4
00003100  640f          lsrs r4,r4,#0x1d
00003102  3c43          orrs r4,r7
00003104  0395          str r5,[sp,#0xc]
00003106  0294          str r4,[sp,#0x8]
00003108  7446          mov r4,lr
0000310A  049d          ldr r5,[sp,#0x10]
0000310C  e400          lsls r4,r4,#0x3
0000310E  2c1b          subs r4,r5,r4
00003110  0494          str r4,[sp,#0x10]
00003112  06d2          bcs 0x00003122
00003114  029c          ldr r4,[sp,#0x8]
00003116  039d          ldr r5,[sp,#0xc]
00003118  641c          adds r4,r4,#0x1
0000311A  0026          movs r6,#0x0
0000311C  7541          adcs r5,r6
0000311E  0395          str r5,[sp,#0xc]
00003120  0294          str r4,[sp,#0x8]
00003122  01ac          add r4,sp,#0x4
00003124  70cc          ldmia r4,{r4,r5,r6}
00003126  009f          ldr r7,[sp,#0x0]
00003128  7d1b          subs r5,r7,r5
0000312A  b441          sbcs r4,r6
0000312C  ae09          lsrs r6,r5,#0x6
0000312E  af06          lsls r7,r5,#0x1a
00003130  049d          ldr r5,[sp,#0x10]
00003132  c900          lsls r1,r1,#0x3
00003134  ad09          lsrs r5,r5,#0x6
00003136  2f43          orrs r7,r5
00003138  049d          ldr r5,[sp,#0x10]
0000313A  a406          lsls r4,r4,#0x1a
0000313C  ad06          lsls r5,r5,#0x1a
0000313E  0495          str r5,[sp,#0x10]
00003140  079d          ldr r5,[sp,#0x1c]
00003142  3443          orrs r4,r6
00003144  6918          adds r1,r5,r1
00003146  0791          str r1,[sp,#0x1c]
00003148  059d          ldr r5,[sp,#0x14]
0000314A  e10b          lsrs r1,r4,#0xf
0000314C  4d43          muls r5,r1
0000314E  2d0c          lsrs r5,r5,#0x10
00003150  2946          mov r1,r5
00003152  6646          mov r6,r12
00003154  7543          muls r5,r6
00003156  0295          str r5,[sp,#0x8]
00003158  0d46          mov r5,r1
0000315A  4543          muls r5,r0
0000315C  2e46          mov r6,r5
0000315E  029d          ldr r5,[sp,#0x8]
00003160  7d1b          subs r5,r7,r5
00003162  b441          sbcs r4,r6
00003164  0095          str r5,[sp,#0x0]
00003166  0d46          mov r5,r1
00003168  5d43          muls r5,r3
0000316A  0194          str r4,[sp,#0x4]
0000316C  2c0c          lsrs r4,r5,#0x10
0000316E  2f04          lsls r7,r5,#0x10
00003170  0d46          mov r5,r1
00003172  5543          muls r5,r2
00003174  ae46          mov lr,r5
00003176  2d0c          lsrs r5,r5,#0x10
00003178  3d43          orrs r5,r7
0000317A  0295          str r5,[sp,#0x8]
0000317C  0394          str r4,[sp,#0xc]
0000317E  7546          mov r5,lr
00003180  049c          ldr r4,[sp,#0x10]
00003182  2d04          lsls r5,r5,#0x10
00003184  641b          subs r4,r4,r5
00003186  0494          str r4,[sp,#0x10]
00003188  06d2          bcs 0x00003198
0000318A  029c          ldr r4,[sp,#0x8]
0000318C  039d          ldr r5,[sp,#0xc]
0000318E  641c          adds r4,r4,#0x1
00003190  0026          movs r6,#0x0
00003192  7541          adcs r5,r6
00003194  0395          str r5,[sp,#0xc]
00003196  0294          str r4,[sp,#0x8]
00003198  01ac          add r4,sp,#0x4
0000319A  70cc          ldmia r4,{r4,r5,r6}
0000319C  009f          ldr r7,[sp,#0x0]
0000319E  7d1b          subs r5,r7,r5
000031A0  b441          sbcs r4,r6
000031A2  0194          str r4,[sp,#0x4]
000031A4  8c05          lsls r4,r1,#0x16
000031A6  0694          str r4,[sp,#0x18]
000031A8  079c          ldr r4,[sp,#0x1c]
000031AA  890a          lsrs r1,r1,#0xa
000031AC  6118          adds r1,r4,r1
000031AE  0095          str r5,[sp,#0x0]
000031B0  0791          str r1,[sp,#0x1c]
000031B2  019c          ldr r4,[sp,#0x4]
000031B4  0599          ldr r1,[sp,#0x14]
000031B6  a408          lsrs r4,r4,#0x2
000031B8  6143          muls r1,r4
000031BA  090c          lsrs r1,r1,#0x10
000031BC  0d46          mov r5,r1
000031BE  4543          muls r5,r0
000031C0  680b          lsrs r0,r5,#0xd
000031C2  ef04          lsls r7,r5,#0x13
000031C4  0d46          mov r5,r1
000031C6  6446          mov r4,r12
000031C8  6543          muls r5,r4
000031CA  6c0b          lsrs r4,r5,#0xd
000031CC  3c43          orrs r4,r7
000031CE  049f          ldr r7,[sp,#0x10]
000031D0  ed04          lsls r5,r5,#0x13
000031D2  7d1b          subs r5,r7,r5
000031D4  ac46          mov r12,r5
000031D6  02d2          bcs 0x000031de
000031D8  0025          movs r5,#0x0
000031DA  641c          adds r4,r4,#0x1
000031DC  6841          adcs r0,r5
000031DE  009e          ldr r6,[sp,#0x0]
000031E0  019d          ldr r5,[sp,#0x4]
000031E2  371b          subs r7,r6,r4
000031E4  8541          sbcs r5,r0
000031E6  0846          mov r0,r1
000031E8  5843          muls r0,r3
000031EA  0195          str r5,[sp,#0x4]
000031EC  0c46          mov r4,r1
000031EE  460f          lsrs r6,r0,#0x1d
000031F0  c500          lsls r5,r0,#0x3
000031F2  5443          muls r4,r2
000031F4  600f          lsrs r0,r4,#0x1d
000031F6  2843          orrs r0,r5
000031F8  6546          mov r5,r12
000031FA  e400          lsls r4,r4,#0x3
000031FC  2c1b          subs r4,r5,r4
000031FE  02d2          bcs 0x00003206
00003200  0025          movs r5,#0x0
00003202  401c          adds r0,r0,#0x1
00003204  6e41          adcs r6,r5
00003206  019d          ldr r5,[sp,#0x4]
00003208  3f1a          subs r7,r7,r0
0000320A  b541          sbcs r5,r6
0000320C  2846          mov r0,r5
0000320E  bd09          lsrs r5,r7,#0x6
00003210  8006          lsls r0,r0,#0x1a
00003212  2843          orrs r0,r5
00003214  8446          mov r12,r0
00003216  a009          lsrs r0,r4,#0x6
00003218  bf06          lsls r7,r7,#0x1a
0000321A  4e02          lsls r6,r1,#0x9
0000321C  0699          ldr r1,[sp,#0x18]
0000321E  a406          lsls r4,r4,#0x1a
00003220  7618          adds r6,r6,r1
00003222  0743          orrs r7,r0
00003224  079d          ldr r5,[sp,#0x1c]
00003226  0020          movs r0,#0x0
00003228  6841          adcs r0,r5
0000322A  0a99          ldr r1,[sp,#0x28]
0000322C  0790          str r0,[sp,#0x1c]
0000322E  1943          orrs r1,r3
00003230  0020          movs r0,#0x0
00003232  099b          ldr r3,[sp,#0x24]
00003234  0090          str r0,[sp,#0x0]
00003236  6046          mov r0,r12
00003238  ff19          adds r7,r7,r7
0000323A  1343          orrs r3,r2
0000323C  4041          adcs r0,r0
0000323E  e20f          lsrs r2,r4,#0x1f
00003240  6400          lsls r4,r4,#0x1
00003242  3a43          orrs r2,r7
00003244  a446          mov r12,r4
00003246  0446          mov r4,r0
00003248  d71a          subs r7,r2,r3
0000324A  8c41          sbcs r4,r1
0000324C  a042          cmp r0,r4
0000324E  03d9          bls 0x00003258
00003250  0120          movs r0,#0x1
00003252  0090          str r0,[sp,#0x0]
00003254  2046          mov r0,r4
00003256  3a46          mov r2,r7
00003258  c70f          lsrs r7,r0,#0x1f
0000325A  9418          adds r4,r2,r2
0000325C  4041          adcs r0,r0
0000325E  6246          mov r2,r12
00003260  d20f          lsrs r2,r2,#0x1f
00003262  2243          orrs r2,r4
00003264  6446          mov r4,r12
00003266  6400          lsls r4,r4,#0x1
00003268  0494          str r4,[sp,#0x10]
0000326A  009c          ldr r4,[sp,#0x0]
0000326C  be46          mov lr,r7
0000326E  6400          lsls r4,r4,#0x1
00003270  d71a          subs r7,r2,r3
00003272  a446          mov r12,r4
00003274  0446          mov r4,r0
00003276  0297          str r7,[sp,#0x8]
00003278  8c41          sbcs r4,r1
0000327A  7746          mov r7,lr
0000327C  002f          cmp r7,#0x0
0000327E  01d1          bne 0x00003284
00003280  a042          cmp r0,r4
00003282  04d9          bls 0x0000328e
00003284  6046          mov r0,r12
00003286  401c          adds r0,r0,#0x1
00003288  8446          mov r12,r0
0000328A  029a          ldr r2,[sp,#0x8]
0000328C  2046          mov r0,r4
0000328E  c40f          lsrs r4,r0,#0x1f
00003290  a646          mov lr,r4
00003292  9418          adds r4,r2,r2
00003294  4041          adcs r0,r0
00003296  049a          ldr r2,[sp,#0x10]
00003298  0546          mov r5,r0
0000329A  d20f          lsrs r2,r2,#0x1f
0000329C  2243          orrs r2,r4
0000329E  6446          mov r4,r12
000032A0  6400          lsls r4,r4,#0x1
000032A2  d31a          subs r3,r2,r3
000032A4  8d41          sbcs r5,r1
000032A6  7146          mov r1,lr
000032A8  0029          cmp r1,#0x0
000032AA  01d1          bne 0x000032b0
000032AC  a842          cmp r0,r5
000032AE  02d9          bls 0x000032b6
000032B0  2846          mov r0,r5
000032B2  1a46          mov r2,r3
000032B4  641c          adds r4,r4,#0x1
000032B6  1043          orrs r0,r2
000032B8  0122          movs r2,#0x1
000032BA  0028          cmp r0,#0x0
000032BC  00d0          beq 0x000032c0
000032BE  1643          orrs r6,r2
000032C0  6102          lsls r1,r4,#0x9
000032C2  0020          movs r0,#0x0
000032C4  079b          ldr r3,[sp,#0x1c]
000032C6  8919          adds r1,r1,r6
000032C8  0446          mov r4,r0
000032CA  5c41          adcs r4,r3
000032CC  0223          movs r3,#0x2
000032CE  002c          cmp r4,#0x0
000032D0  02db          blt 0x000032d8
000032D2  4918          adds r1,r1,r1
000032D4  1346          mov r3,r2
000032D6  6441          adcs r4,r4
000032D8  089d          ldr r5,[sp,#0x20]
000032DA  ce0a          lsrs r6,r1,#0xb
000032DC  2d14          asrs r5,r5,#0x10
000032DE  5d19          adds r5,r3,r5
000032E0  4b05          lsls r3,r1,#0x15
000032E2  6705          lsls r7,r4,#0x15
000032E4  e10a          lsrs r1,r4,#0xb
000032E6  2c05          lsls r4,r5,#0x14
000032E8  0d19          adds r5,r1,r4
000032EA  0899          ldr r1,[sp,#0x20]
000032EC  3e43          orrs r6,r7
000032EE  c907          lsls r1,r1,#0x1f
000032F0  6940          eors r1,r5
000032F2  002b          cmp r3,#0x0
000032F4  08d0          beq 0x00003308
000032F6  9340          lsls r3,r2
000032F8  06d3          bcc 0x00003308
000032FA  0022          movs r2,#0x0
000032FC  761c          adds r6,r6,#0x1
000032FE  5141          adcs r1,r2
00003300  002b          cmp r3,#0x0
00003302  01d1          bne 0x00003308
00003304  7608          lsrs r6,r6,#0x1
00003306  7600          lsls r6,r6,#0x1
00003308  1c4a          ldr r2,[0x0000337c]
0000330A  002d          cmp r5,#0x0
0000330C  43db          blt 0x00003396
0000330E  1542          tst r5,r2
00003310  41d0          beq 0x00003396
00003312  aa43          bics r2,r5
00003314  3fd0          beq 0x00003396
00003316  3046          mov r0,r6
00003318  0bb0          add sp,#0x2c
0000331A  f0bd          pop {r4,r5,r6,r7,pc}
0000331C  0618          adds r6,r0,r0
0000331E  0d46          mov r5,r1
00003320  4d41          adcs r5,r1
00003322  174c          ldr r4,[0x00003380]
00003324  7642          rsbs r6,r6
00003326  ac41          sbcs r4,r5
00003328  1ad3          bcc 0x00003360
0000332A  9518          adds r5,r2,r2
0000332C  1c46          mov r4,r3
0000332E  5c41          adcs r4,r3
00003330  134a          ldr r2,[0x00003380]
00003332  6d42          rsbs r5,r5
00003334  a241          sbcs r2,r4
00003336  13d3          bcc 0x00003360
00003338  0122          movs r2,#0x1
0000333A  5205          lsls r2,r2,#0x15
0000333C  4c00          lsls r4,r1,#0x1
0000333E  d442          cmn r4,r2
00003340  0ad1          bne 0x00003358
00003342  5c00          lsls r4,r3,#0x1
00003344  d442          cmn r4,r2
00003346  0bd0          beq 0x00003360
00003348  4b40          eors r3,r1
0000334A  02d5          bpl 0x00003352
0000334C  9202          lsls r2,r2,#0xa
0000334E  1143          orrs r1,r2
00003350  e2e7          b 0x00003318
00003352  4900          lsls r1,r1,#0x1
00003354  4908          lsrs r1,r1,#0x1
00003356  dfe7          b 0x00003318
00003358  5940          eors r1,r3
0000335A  c90f          lsrs r1,r1,#0x1f
0000335C  c907          lsls r1,r1,#0x1f
0000335E  18e0          b 0x00003392
00003360  0020          movs r0,#0x0
00003362  0849          ldr r1,[0x00003384]
00003364  d8e7          b 0x00003318
00003366  0548          ldr r0,[0x0000337c]
00003368  0142          tst r1,r0
0000336A  0dd1          bne 0x00003388
0000336C  0342          tst r3,r0
0000336E  f7d0          beq 0x00003360
00003370  f2e7          b 0x00003358
00003388  1148          ldr r0,[0x000033d0]
0000338A  5940          eors r1,r3
0000338C  0143          orrs r1,r0
0000338E  c012          asrs r0,r0,#0xb
00003390  4140          eors r1,r0
00003392  0020          movs r0,#0x0
00003394  c0e7          b 0x00003318
00003396  0123          movs r3,#0x1
00003398  089a          ldr r2,[sp,#0x20]
0000339A  9b06          lsls r3,r3,#0x1a
0000339C  9a42          cmp r2,r3
0000339E  05dc          bgt 0x000033ac
000033A0  0322          movs r2,#0x3
000033A2  5207          lsls r2,r2,#0x1d
000033A4  8918          adds r1,r1,r2
000033A6  c90f          lsrs r1,r1,#0x1f
000033A8  c907          lsls r1,r1,#0x1f
000033AA  b5e7          b 0x00003318
000033AC  0522          movs r2,#0x5
000033AE  5207          lsls r2,r2,#0x1d
000033B0  8918          adds r1,r1,r2
000033B2  074a          ldr r2,[0x000033d0]
000033B4  1143          orrs r1,r2
000033B6  d212          asrs r2,r2,#0xb
000033B8  5140          eors r1,r2
000033BA  ade7          b 0x00003318
000033BC  70b5          push {r4,r5,r6,lr}
000033BE  1546          mov r5,r2
000033C0  1c46          mov r4,r3
000033C2  0246          mov r2,r0
000033C4  0b46          mov r3,r1
000033C6  2846          mov r0,r5
000033C8  2146          mov r1,r4
000033CA  fff7dffd      bl 0x00002f8c
000033CE  70bd          pop {r4,r5,r6,pc}
000033D4  30b5          push {r4,r5,lr}
000033D6  0346          mov r3,r0
000033D8  ca02          lsls r2,r1,#0xb
000033DA  400d          lsrs r0,r0,#0x15
000033DC  1043          orrs r0,r2
000033DE  164d          ldr r5,[0x00003438]
000033E0  164c          ldr r4,[0x0000343c]
000033E2  0a15          asrs r2,r1,#0x14
000033E4  02d0          beq 0x000033ec
000033E6  2043          orrs r0,r4
000033E8  002a          cmp r2,#0x0
000033EA  06db          blt 0x000033fa
000033EC  aa1a          subs r2,r5,r2
000033EE  002a          cmp r2,#0x0
000033F0  12dd          ble 0x00003418
000033F2  d040          lsrs r0,r2
000033F4  ff2a          cmp r2,#0xff
000033F6  0bdc          bgt 0x00003410
000033F8  30bd          pop {r4,r5,pc}
000033FA  5205          lsls r2,r2,#0x15
000033FC  520d          lsrs r2,r2,#0x15
000033FE  01d1          bne 0x00003404
00003400  4000          lsls r0,r0,#0x1
00003402  4008          lsrs r0,r0,#0x1
00003404  aa1a          subs r2,r5,r2
00003406  07d4          bmi 0x00003418
00003408  d040          lsrs r0,r2
0000340A  4042          rsbs r0,r0
0000340C  ff2a          cmp r2,#0xff
0000340E  01dd          ble 0x00003414
00003410  0020          movs r0,#0x0
00003412  30bd          pop {r4,r5,pc}
00003414  0028          cmp r0,#0x0
00003416  fcdd          ble 0x00003412
00003418  4a00          lsls r2,r1,#0x1
0000341A  002b          cmp r3,#0x0
0000341C  01d0          beq 0x00003422
0000341E  0120          movs r0,#0x1
00003420  00e0          b 0x00003424
00003422  0020          movs r0,#0x0
00003424  1018          adds r0,r2,r0
00003426  0122          movs r2,#0x1
00003428  5205          lsls r2,r2,#0x15
0000342A  d042          cmn r0,r2
0000342C  f0d8          bhi 0x00003410
0000342E  c817          asrs r0,r1,#0x1f
00003430  c043          mvns r0,r0
00003432  6040          eors r0,r4
00003434  30bd          pop {r4,r5,pc}
00003488  1f22          movs r2,#0x1f
0000348A  030c          lsrs r3,r0,#0x10
0000348C  02d1          bne 0x00003494
0000348E  0f22          movs r2,#0xf
00003490  0004          lsls r0,r0,#0x10
00003492  02d0          beq 0x0000349a
00003494  030e          lsrs r3,r0,#0x18
00003496  03d0          beq 0x000034a0
00003498  04e0          b 0x000034a4
0000349A  0020          movs r0,#0x0
0000349C  0146          mov r1,r0
0000349E  7047          bx lr
000034A0  0002          lsls r0,r0,#0x8
000034A2  083a          subs r2,#0x8
000034A4  030f          lsrs r3,r0,#0x1c
000034A6  01d1          bne 0x000034ac
000034A8  0001          lsls r0,r0,#0x4
000034AA  121f          subs r2,r2,#0x4
000034AC  830f          lsrs r3,r0,#0x1e
000034AE  01d1          bne 0x000034b4
000034B0  8000          lsls r0,r0,#0x2
000034B2  921e          subs r2,r2,#0x2
000034B4  0028          cmp r0,#0x0
000034B6  01db          blt 0x000034bc
000034B8  4000          lsls r0,r0,#0x1
000034BA  521e          subs r2,r2,#0x1
000034BC  1205          lsls r2,r2,#0x14
000034BE  5118          adds r1,r2,r1
000034C0  4205          lsls r2,r0,#0x15
000034C2  c012          asrs r0,r0,#0xb
000034C4  4118          adds r1,r0,r1
000034C6  1046          mov r0,r2
000034C8  7047          bx lr
000034CA  c10f          lsrs r1,r0,#0x1f
000034CC  c907          lsls r1,r1,#0x1f
000034CE  00d0          beq 0x000034d2
000034D0  4042          rsbs r0,r0
000034D2  0122          movs r2,#0x1
000034D4  9207          lsls r2,r2,#0x1e
000034D6  1143          orrs r1,r2
000034D8  d6e7          b 0x00003488
000034DA  0121          movs r1,#0x1
000034DC  8907          lsls r1,r1,#0x1e
000034DE  d3e7          b 0x00003488
000034E0  f0b5          push {r4,r5,r6,r7,lr}
000034E2  8b4c          ldr r4,[0x00003710]
000034E4  0f09          lsrs r7,r1,#0x4
000034E6  2546          mov r5,r4
000034E8  89b0          sub sp,#0x24
000034EA  bd43          bics r5,r7
000034EC  7bd0          beq 0x000035e6
000034EE  1d09          lsrs r5,r3,#0x4
000034F0  2646          mov r6,r4
000034F2  ae43          bics r6,r5
000034F4  fad0          beq 0x000034ec
000034F6  0e46          mov r6,r1
000034F8  5e40          eors r6,r3
000034FA  2740          ands r7,r4
000034FC  f60f          lsrs r6,r6,#0x1f
000034FE  3e43          orrs r6,r7
00003500  2540          ands r5,r4
00003502  71d0          beq 0x000035e8
00003504  2401          lsls r4,r4,#0x4
00003506  2142          tst r1,r4
00003508  fbd0          beq 0x00003502
0000350A  ff24          movs r4,#0xff
0000350C  ad19          adds r5,r5,r6
0000350E  a404          lsls r4,r4,#0x12
00003510  2d1b          subs r5,r5,r4
00003512  0395          str r5,[sp,#0xc]
00003514  0125          movs r5,#0x1
00003516  2d05          lsls r5,r5,#0x14
00003518  db02          lsls r3,r3,#0xb
0000351A  db0a          lsrs r3,r3,#0xb
0000351C  c902          lsls r1,r1,#0xb
0000351E  2b43          orrs r3,r5
00003520  c90a          lsrs r1,r1,#0xb
00003522  2943          orrs r1,r5
00003524  1e01          lsls r6,r3,#0x4
00003526  0901          lsls r1,r1,#0x4
00003528  040f          lsrs r4,r0,#0x1c
0000352A  130f          lsrs r3,r2,#0x1c
0000352C  0501          lsls r5,r0,#0x4
0000352E  2143          orrs r1,r4
00003530  1701          lsls r7,r2,#0x4
00003532  880b          lsrs r0,r1,#0xe
00003534  8203          lsls r2,r0,#0xe
00003536  9143          bics r1,r2
00003538  2d09          lsrs r5,r5,#0x4
0000353A  8c46          mov r12,r1
0000353C  a90b          lsrs r1,r5,#0xe
0000353E  1e43          orrs r6,r3
00003540  8a03          lsls r2,r1,#0xe
00003542  9543          bics r5,r2
00003544  b30b          lsrs r3,r6,#0xe
00003546  9a03          lsls r2,r3,#0xe
00003548  9643          bics r6,r2
0000354A  3f09          lsrs r7,r7,#0x4
0000354C  ba0b          lsrs r2,r7,#0xe
0000354E  9403          lsls r4,r2,#0xe
00003550  a743          bics r7,r4
00003552  0296          str r6,[sp,#0x8]
00003554  2e46          mov r6,r5
00003556  7e43          muls r6,r7
00003558  0497          str r7,[sp,#0x10]
0000355A  b646          mov lr,r6
0000355C  4e19          adds r6,r1,r5
0000355E  d719          adds r7,r2,r7
00003560  0c46          mov r4,r1
00003562  0196          str r6,[sp,#0x4]
00003564  5443          muls r4,r2
00003566  0597          str r7,[sp,#0x14]
00003568  7e43          muls r6,r7
0000356A  371b          subs r7,r6,r4
0000356C  7646          mov r6,lr
0000356E  bf1b          subs r7,r7,r6
00003570  3601          lsls r6,r6,#0x4
00003572  b646          mov lr,r6
00003574  be0b          lsrs r6,r7,#0xe
00003576  3619          adds r6,r6,r4
00003578  0096          str r6,[sp,#0x0]
0000357A  7646          mov r6,lr
0000357C  bc04          lsls r4,r7,#0x12
0000357E  3719          adds r7,r6,r4
00003580  009c          ldr r4,[sp,#0x0]
00003582  01d3          bcc 0x00003588
00003584  641c          adds r4,r4,#0x1
00003586  0094          str r4,[sp,#0x0]
00003588  6400          lsls r4,r4,#0x1
0000358A  002f          cmp r7,#0x0
0000358C  01d0          beq 0x00003592
0000358E  0126          movs r6,#0x1
00003590  3443          orrs r4,r6
00003592  029e          ldr r6,[sp,#0x8]
00003594  049f          ldr r7,[sp,#0x10]
00003596  7543          muls r5,r6
00003598  6646          mov r6,r12
0000359A  7e43          muls r6,r7
0000359C  0496          str r6,[sp,#0x10]
0000359E  7600          lsls r6,r6,#0x1
000035A0  3419          adds r4,r6,r4
000035A2  6e00          lsls r6,r5,#0x1
000035A4  3419          adds r4,r6,r4
000035A6  0094          str r4,[sp,#0x0]
000035A8  029c          ldr r4,[sp,#0x8]
000035AA  019e          ldr r6,[sp,#0x4]
000035AC  1c19          adds r4,r3,r4
000035AE  6643          muls r6,r4
000035B0  751b          subs r5,r6,r5
000035B2  ae46          mov lr,r5
000035B4  0694          str r4,[sp,#0x18]
000035B6  6546          mov r5,r12
000035B8  4519          adds r5,r0,r5
000035BA  059c          ldr r4,[sp,#0x14]
000035BC  0595          str r5,[sp,#0x14]
000035BE  6c43          muls r4,r5
000035C0  5943          muls r1,r3
000035C2  7546          mov r5,lr
000035C4  0891          str r1,[sp,#0x20]
000035C6  691a          subs r1,r5,r1
000035C8  0191          str r1,[sp,#0x4]
000035CA  049e          ldr r6,[sp,#0x10]
000035CC  0146          mov r1,r0
000035CE  5143          muls r1,r2
000035D0  a41b          subs r4,r4,r6
000035D2  0491          str r1,[sp,#0x10]
000035D4  611a          subs r1,r4,r1
000035D6  009c          ldr r4,[sp,#0x0]
000035D8  0791          str r1,[sp,#0x1c]
000035DA  e106          lsls r1,r4,#0x1b
000035DC  05d0          beq 0x000035ea
000035DE  6109          lsrs r1,r4,#0x5
000035E0  0122          movs r2,#0x1
000035E2  1143          orrs r1,r2
000035E4  02e0          b 0x000035ec
000035E6  72e0          b 0x000036ce
000035E8  6ee0          b 0x000036c8
000035EA  6109          lsrs r1,r4,#0x5
000035EC  089d          ldr r5,[sp,#0x20]
000035EE  0027          movs r7,#0x0
000035F0  2c0a          lsrs r4,r5,#0x8
000035F2  2d06          lsls r5,r5,#0x18
000035F4  6918          adds r1,r5,r1
000035F6  049d          ldr r5,[sp,#0x10]
000035F8  7c41          adcs r4,r7
000035FA  2a0a          lsrs r2,r5,#0x8
000035FC  2d06          lsls r5,r5,#0x18
000035FE  6918          adds r1,r5,r1
00003600  019d          ldr r5,[sp,#0x4]
00003602  6241          adcs r2,r4
00003604  ac0d          lsrs r4,r5,#0x16
00003606  ad02          lsls r5,r5,#0xa
00003608  6d18          adds r5,r5,r1
0000360A  5441          adcs r4,r2
0000360C  079a          ldr r2,[sp,#0x1c]
0000360E  910d          lsrs r1,r2,#0x16
00003610  9202          lsls r2,r2,#0xa
00003612  5519          adds r5,r2,r5
00003614  6141          adcs r1,r4
00003616  029a          ldr r2,[sp,#0x8]
00003618  6446          mov r4,r12
0000361A  5843          muls r0,r3
0000361C  5443          muls r4,r2
0000361E  069b          ldr r3,[sp,#0x18]
00003620  059a          ldr r2,[sp,#0x14]
00003622  5a43          muls r2,r3
00003624  121a          subs r2,r2,r0
00003626  131b          subs r3,r2,r4
00003628  9a0e          lsrs r2,r3,#0x1a
0000362A  9b01          lsls r3,r3,#0x6
0000362C  5b18          adds r3,r3,r1
0000362E  7a41          adcs r2,r7
00003630  010b          lsrs r1,r0,#0xc
00003632  0005          lsls r0,r0,#0x14
00003634  c318          adds r3,r0,r3
00003636  5141          adcs r1,r2
00003638  220a          lsrs r2,r4,#0x8
0000363A  2006          lsls r0,r4,#0x18
0000363C  4419          adds r4,r0,r5
0000363E  5a41          adcs r2,r3
00003640  9a42          cmp r2,r3
00003642  00d2          bcs 0x00003646
00003644  491c          adds r1,r1,#0x1
00003646  0120          movs r0,#0x1
00003648  4002          lsls r0,r0,#0x9
0000364A  8142          cmp r1,r0
0000364C  03d3          bcc 0x00003656
0000364E  1523          movs r3,#0x15
00003650  0226          movs r6,#0x2
00003652  f643          mvns r6,r6
00003654  02e0          b 0x0000365c
00003656  1423          movs r3,#0x14
00003658  0326          movs r6,#0x3
0000365A  f643          mvns r6,r6
0000365C  2020          movs r0,#0x20
0000365E  c51a          subs r5,r0,r3
00003660  a940          lsls r1,r5
00003662  1746          mov r7,r2
00003664  af40          lsls r7,r5
00003666  da40          lsrs r2,r3
00003668  0a43          orrs r2,r1
0000366A  2046          mov r0,r4
0000366C  0399          ldr r1,[sp,#0xc]
0000366E  d840          lsrs r0,r3
00003670  0914          asrs r1,r1,#0x10
00003672  7318          adds r3,r6,r1
00003674  1905          lsls r1,r3,#0x14
00003676  5118          adds r1,r2,r1
00003678  039a          ldr r2,[sp,#0xc]
0000367A  3843          orrs r0,r7
0000367C  d207          lsls r2,r2,#0x1f
0000367E  5140          eors r1,r2
00003680  ac40          lsls r4,r5
00003682  09d0          beq 0x00003698
00003684  0122          movs r2,#0x1
00003686  9440          lsls r4,r2
00003688  06d3          bcc 0x00003698
0000368A  0022          movs r2,#0x0
0000368C  401c          adds r0,r0,#0x1
0000368E  5141          adcs r1,r2
00003690  002c          cmp r4,#0x0
00003692  01d1          bne 0x00003698
00003694  4008          lsrs r0,r0,#0x1
00003696  4000          lsls r0,r0,#0x1
00003698  1e4a          ldr r2,[0x00003714]
0000369A  9342          cmp r3,r2
0000369C  12d3          bcc 0x000036c4
0000369E  0122          movs r2,#0x1
000036A0  0398          ldr r0,[sp,#0xc]
000036A2  9206          lsls r2,r2,#0x1a
000036A4  9042          cmp r0,r2
000036A6  07db          blt 0x000036b8
000036A8  0520          movs r0,#0x5
000036AA  4007          lsls r0,r0,#0x1d
000036AC  0918          adds r1,r1,r0
000036AE  1a48          ldr r0,[0x00003718]
000036B0  0143          orrs r1,r0
000036B2  c012          asrs r0,r0,#0xb
000036B4  4140          eors r1,r0
000036B6  04e0          b 0x000036c2
000036B8  0320          movs r0,#0x3
000036BA  4007          lsls r0,r0,#0x1d
000036BC  0818          adds r0,r1,r0
000036BE  c10f          lsrs r1,r0,#0x1f
000036C0  c907          lsls r1,r1,#0x1f
000036C2  0020          movs r0,#0x0
000036C4  09b0          add sp,#0x24
000036C6  f0bd          pop {r4,r5,r6,r7,pc}
000036C8  0020          movs r0,#0x0
000036CA  f107          lsls r1,r6,#0x1f
000036CC  fae7          b 0x000036c4
000036CE  0518          adds r5,r0,r0
000036D0  0c46          mov r4,r1
000036D2  4c41          adcs r4,r1
000036D4  1148          ldr r0,[0x0000371c]
000036D6  6d42          rsbs r5,r5
000036D8  a041          sbcs r0,r4
000036DA  15d3          bcc 0x00003708
000036DC  9418          adds r4,r2,r2
000036DE  1a46          mov r2,r3
000036E0  5a41          adcs r2,r3
000036E2  0e48          ldr r0,[0x0000371c]
000036E4  6442          rsbs r4,r4
000036E6  9041          sbcs r0,r2
000036E8  0ed3          bcc 0x00003708
000036EA  0120          movs r0,#0x1
000036EC  4a00          lsls r2,r1,#0x1
000036EE  4005          lsls r0,r0,#0x15
000036F0  8242          cmp r2,r0
000036F2  09d3          bcc 0x00003708
000036F4  5a00          lsls r2,r3,#0x1
000036F6  8242          cmp r2,r0
000036F8  06d3          bcc 0x00003708
000036FA  5940          eors r1,r3
000036FC  c90f          lsrs r1,r1,#0x1f
000036FE  084a          ldr r2,[0x00003720]
00003700  c907          lsls r1,r1,#0x1f
00003702  0020          movs r0,#0x0
00003704  1143          orrs r1,r2
00003706  dde7          b 0x000036c4
00003708  0020          movs r0,#0x0
0000370A  0649          ldr r1,[0x00003724]
0000370C  dae7          b 0x000036c4
00003728  0121          movs r1,#0x1
0000372A  c905          lsls r1,r1,#0x17
0000372C  0123          movs r3,#0x1
0000372E  4118          adds r1,r0,r1
00003730  4200          lsls r2,r0,#0x1
00003732  1b06          lsls r3,r3,#0x18
00003734  d318          adds r3,r2,r3
00003736  5b0e          lsrs r3,r3,#0x19
00003738  0ad0          beq 0x00003750
0000373A  c110          asrs r1,r0,#0x3
0000373C  0722          movs r2,#0x7
0000373E  d206          lsls r2,r2,#0x1b
00003740  8918          adds r1,r1,r2
00003742  4007          lsls r0,r0,#0x1d
00003744  5242          rsbs r2,r2
00003746  d142          cmn r1,r2
00003748  01d5          bpl 0x0000374e
0000374A  5200          lsls r2,r2,#0x1
0000374C  8918          adds r1,r1,r2
0000374E  7047          bx lr
00003750  0902          lsls r1,r1,#0x8
00003752  08d5          bpl 0x00003766
00003754  0146          mov r1,r0
00003756  002a          cmp r2,#0x0
00003758  03d0          beq 0x00003762
0000375A  c10f          lsrs r1,r0,#0x1f
0000375C  c907          lsls r1,r1,#0x1f
0000375E  0020          movs r0,#0x0
00003760  7047          bx lr
00003762  1046          mov r0,r2
00003764  7047          bx lr
00003766  4202          lsls r2,r0,#0x9
00003768  02d0          beq 0x00003770
0000376A  0020          movs r0,#0x0
0000376C  0249          ldr r1,[0x00003778]
0000376E  7047          bx lr
00003770  0721          movs r1,#0x7
00003772  0905          lsls r1,r1,#0x14
00003774  0143          orrs r1,r0
00003776  f4e7          b 0x00003762
0000377C  f0b5          push {r4,r5,r6,r7,lr}
0000377E  ff25          movs r5,#0xff
00003780  2d04          lsls r5,r5,#0x10
00003782  c609          lsrs r6,r0,#0x7
00003784  c209          lsrs r2,r0,#0x7
00003786  ff27          movs r7,#0xff
00003788  0446          mov r4,r0
0000378A  2e40          ands r6,r5
0000378C  0137          adds r7,#0x1
0000378E  cb09          lsrs r3,r1,#0x7
00003790  3e43          orrs r6,r7
00003792  4840          eors r0,r1
00003794  2a40          ands r2,r5
00003796  2b40          ands r3,r5
00003798  0746          mov r7,r0
0000379A  002a          cmp r2,#0x0
0000379C  6bd0          beq 0x00003876
0000379E  002b          cmp r3,#0x0
000037A0  69d0          beq 0x00003876
000037A2  aa42          cmp r2,r5
000037A4  67d0          beq 0x00003876
000037A6  ab42          cmp r3,r5
000037A8  65d0          beq 0x00003876
000037AA  0028          cmp r0,#0x0
000037AC  00da          bge 0x000037b0
000037AE  3246          mov r2,r6
000037B0  0125          movs r5,#0x1
000037B2  ed05          lsls r5,r5,#0x17
000037B4  2943          orrs r1,r5
000037B6  2c43          orrs r4,r5
000037B8  0902          lsls r1,r1,#0x8
000037BA  2002          lsls r0,r4,#0x8
000037BC  090a          lsrs r1,r1,#0x8
000037BE  d21a          subs r2,r2,r3
000037C0  4b0c          lsrs r3,r1,#0x11
000037C2  7f24          movs r4,#0x7f
000037C4  e31a          subs r3,r4,r3
000037C6  434c          ldr r4,[0x000038d4]
000037C8  000a          lsrs r0,r0,#0x8
000037CA  7c44          add r4,pc
000037CC  e35c          ldrb r3,[r4,r3]
000037CE  7d24          movs r4,#0x7d
000037D0  2404          lsls r4,r4,#0x10
000037D2  1219          adds r2,r2,r4
000037D4  1414          asrs r4,r2,#0x10
000037D6  5b00          lsls r3,r3,#0x1
000037D8  a218          adds r2,r4,r2
000037DA  8842          cmp r0,r1
000037DC  01d3          bcc 0x000037e2
000037DE  521c          adds r2,r2,#0x1
000037E0  00e0          b 0x000037e4
000037E2  4000          lsls r0,r0,#0x1
000037E4  4942          rsbs r1,r1
000037E6  0c46          mov r4,r1
000037E8  5c43          muls r4,r3
000037EA  2411          asrs r4,r4,#0x4
000037EC  5c43          muls r4,r3
000037EE  db01          lsls r3,r3,#0x7
000037F0  6415          asrs r4,r4,#0x15
000037F2  e318          adds r3,r4,r3
000037F4  040a          lsrs r4,r0,#0x8
000037F6  5c43          muls r4,r3
000037F8  c502          lsls r5,r0,#0xb
000037FA  200d          lsrs r0,r4,#0x14
000037FC  0c46          mov r4,r1
000037FE  4443          muls r4,r0
00003800  6419          adds r4,r4,r5
00003802  250a          lsrs r5,r4,#0x8
00003804  5d43          muls r5,r3
00003806  2303          lsls r3,r4,#0xc
00003808  ec0c          lsrs r4,r5,#0x13
0000380A  0d46          mov r5,r1
0000380C  6543          muls r5,r4
0000380E  0003          lsls r0,r0,#0xc
00003810  0019          adds r0,r0,r4
00003812  eb18          adds r3,r5,r3
00003814  4c42          rsbs r4,r1
00003816  a342          cmp r3,r4
00003818  01d3          bcc 0x0000381e
0000381A  5b18          adds r3,r3,r1
0000381C  401c          adds r0,r0,#0x1
0000381E  d405          lsls r4,r2,#0x17
00003820  2018          adds r0,r4,r0
00003822  002b          cmp r3,#0x0
00003824  07d0          beq 0x00003836
00003826  5b00          lsls r3,r3,#0x1
00003828  c918          adds r1,r1,r3
0000382A  04d3          bcc 0x00003836
0000382C  401c          adds r0,r0,#0x1
0000382E  0029          cmp r1,#0x0
00003830  01d1          bne 0x00003836
00003832  4008          lsrs r0,r0,#0x1
00003834  4000          lsls r0,r0,#0x1
00003836  3f21          movs r1,#0x3f
00003838  8904          lsls r1,r1,#0x12
0000383A  8a42          cmp r2,r1
0000383C  09d3          bcc 0x00003852
0000383E  002a          cmp r2,#0x0
00003840  08dc          bgt 0x00003854
00003842  1106          lsls r1,r2,#0x18
00003844  090f          lsrs r1,r1,#0x1c
00003846  04d0          beq 0x00003852
00003848  0321          movs r1,#0x3
0000384A  4907          lsls r1,r1,#0x1d
0000384C  4018          adds r0,r0,r1
0000384E  c00f          lsrs r0,r0,#0x1f
00003850  c007          lsls r0,r0,#0x1f
00003852  f0bd          pop {r4,r5,r6,r7,pc}
00003854  0122          movs r2,#0x1
00003856  4100          lsls r1,r0,#0x1
00003858  1206          lsls r2,r2,#0x18
0000385A  8918          adds r1,r1,r2
0000385C  7f22          movs r2,#0x7f
0000385E  5206          lsls r2,r2,#0x19
00003860  9142          cmp r1,r2
00003862  f6d2          bcs 0x00003852
00003864  0521          movs r1,#0x5
00003866  4907          lsls r1,r1,#0x1d
00003868  c842          cmn r0,r1
0000386A  01d5          bpl 0x00003870
0000386C  9010          asrs r0,r2,#0x2
0000386E  f0bd          pop {r4,r5,r6,r7,pc}
00003870  ff20          movs r0,#0xff
00003872  c005          lsls r0,r0,#0x17
00003874  f0bd          pop {r4,r5,r6,r7,pc}
00003876  002f          cmp r7,#0x0
00003878  00da          bge 0x0000387c
0000387A  3246          mov r2,r6
0000387C  1648          ldr r0,[0x000038d8]
0000387E  aa42          cmp r2,r5
00003880  07d2          bcs 0x00003892
00003882  ab42          cmp r3,r5
00003884  05d2          bcs 0x00003892
00003886  1902          lsls r1,r3,#0x8
00003888  090e          lsrs r1,r1,#0x18
0000388A  17d0          beq 0x000038bc
0000388C  f80f          lsrs r0,r7,#0x1f
0000388E  c007          lsls r0,r0,#0x1f
00003890  f0bd          pop {r4,r5,r6,r7,pc}
00003892  ff25          movs r5,#0xff
00003894  6300          lsls r3,r4,#0x1
00003896  2d06          lsls r5,r5,#0x18
00003898  ab42          cmp r3,r5
0000389A  f9d8          bhi 0x00003890
0000389C  4900          lsls r1,r1,#0x1
0000389E  a942          cmp r1,r5
000038A0  f6d8          bhi 0x00003890
000038A2  ab42          cmp r3,r5
000038A4  01d1          bne 0x000038aa
000038A6  a942          cmp r1,r5
000038A8  f2d0          beq 0x00003890
000038AA  a942          cmp r1,r5
000038AC  01d1          bne 0x000038b2
000038AE  0021          movs r1,#0x0
000038B0  01e0          b 0x000038b6
000038B2  6100          lsls r1,r4,#0x1
000038B4  4908          lsrs r1,r1,#0x1
000038B6  d005          lsls r0,r2,#0x17
000038B8  0843          orrs r0,r1
000038BA  f0bd          pop {r4,r5,r6,r7,pc}
000038BC  1102          lsls r1,r2,#0x8
000038BE  090e          lsrs r1,r1,#0x18
000038C0  fbd0          beq 0x000038ba
000038C2  ff20          movs r0,#0xff
000038C4  0243          orrs r2,r0
000038C6  d005          lsls r0,r2,#0x17
000038C8  f0bd          pop {r4,r5,r6,r7,pc}
000038DC  10b5          push {r4,lr}
000038DE  0146          mov r1,r0
000038E0  9e24          movs r4,#0x9e
000038E2  0002          lsls r0,r0,#0x8
000038E4  ca15          asrs r2,r1,#0x17
000038E6  a307          lsls r3,r4,#0x1e
000038E8  002a          cmp r2,#0x0
000038EA  02d0          beq 0x000038f2
000038EC  1843          orrs r0,r3
000038EE  002a          cmp r2,#0x0
000038F0  04db          blt 0x000038fc
000038F2  a21a          subs r2,r4,r2
000038F4  002a          cmp r2,#0x0
000038F6  0cdd          ble 0x00003912
000038F8  d040          lsrs r0,r2
000038FA  10bd          pop {r4,pc}
000038FC  1206          lsls r2,r2,#0x18
000038FE  120e          lsrs r2,r2,#0x18
00003900  01d1          bne 0x00003906
00003902  4000          lsls r0,r0,#0x1
00003904  4008          lsrs r0,r0,#0x1
00003906  a21a          subs r2,r4,r2
00003908  03d4          bmi 0x00003912
0000390A  d040          lsrs r0,r2
0000390C  4042          rsbs r0,r0
0000390E  0028          cmp r0,#0x0
00003910  f3dd          ble 0x000038fa
00003912  ff22          movs r2,#0xff
00003914  4800          lsls r0,r1,#0x1
00003916  1206          lsls r2,r2,#0x18
00003918  9042          cmp r0,r2
0000391A  01d9          bls 0x00003920
0000391C  0020          movs r0,#0x0
0000391E  10bd          pop {r4,pc}
00003920  c817          asrs r0,r1,#0x1f
00003922  c043          mvns r0,r0
00003924  5840          eors r0,r3
00003926  10bd          pop {r4,pc}
00003928  1f22          movs r2,#0x1f
0000392A  030c          lsrs r3,r0,#0x10
0000392C  02d1          bne 0x00003934
0000392E  0f22          movs r2,#0xf
00003930  0004          lsls r0,r0,#0x10
00003932  1cd0          beq 0x0000396e
00003934  030e          lsrs r3,r0,#0x18
00003936  01d1          bne 0x0000393c
00003938  0002          lsls r0,r0,#0x8
0000393A  083a          subs r2,#0x8
0000393C  030f          lsrs r3,r0,#0x1c
0000393E  01d1          bne 0x00003944
00003940  0001          lsls r0,r0,#0x4
00003942  121f          subs r2,r2,#0x4
00003944  830f          lsrs r3,r0,#0x1e
00003946  01d1          bne 0x0000394c
00003948  8000          lsls r0,r0,#0x2
0000394A  921e          subs r2,r2,#0x2
0000394C  0028          cmp r0,#0x0
0000394E  01db          blt 0x00003954
00003950  4000          lsls r0,r0,#0x1
00003952  521e          subs r2,r2,#0x1
00003954  d205          lsls r2,r2,#0x17
00003956  5118          adds r1,r2,r1
00003958  0212          asrs r2,r0,#0x8
0000395A  5118          adds r1,r2,r1
0000395C  1922          movs r2,#0x19
0000395E  9040          lsls r0,r2
00003960  04d3          bcc 0x0000396c
00003962  491c          adds r1,r1,#0x1
00003964  0028          cmp r0,#0x0
00003966  01d1          bne 0x0000396c
00003968  4908          lsrs r1,r1,#0x1
0000396A  4900          lsls r1,r1,#0x1
0000396C  0846          mov r0,r1
0000396E  7047          bx lr
00003970  c10f          lsrs r1,r0,#0x1f
00003972  c907          lsls r1,r1,#0x1f
00003974  00d0          beq 0x00003978
00003976  4042          rsbs r0,r0
00003978  0122          movs r2,#0x1
0000397A  9207          lsls r2,r2,#0x1e
0000397C  1143          orrs r1,r2
0000397E  d3e7          b 0x00003928
00003980  0121          movs r1,#0x1
00003982  8907          lsls r1,r1,#0x1e
00003984  d0e7          b 0x00003928
00003990  10b5          push {r4,lr}
00003992  0446          mov r4,r0
00003994  00f032f8      bl 0x000039fc
00003998  0460          str r4,[r0,#0x0]
0000399A  10bd          pop {r4,pc}
0000399C  70b5          push {r4,r5,r6,lr}
0000399E  0546          mov r5,r0
000039A0  4800          lsls r0,r1,#0x1
000039A2  440d          lsrs r4,r0,#0x15
000039A4  124b          ldr r3,[0x000039f0]
000039A6  0020          movs r0,#0x0
000039A8  002c          cmp r4,#0x0
000039AA  0ad0          beq 0x000039c2
000039AC  6340          eors r3,r4
000039AE  08d0          beq 0x000039c2
000039B0  9a42          cmp r2,r3
000039B2  06da          bge 0x000039c2
000039B4  6642          rsbs r6,r4
000039B6  b242          cmp r2,r6
000039B8  03dd          ble 0x000039c2
000039BA  1205          lsls r2,r2,#0x14
000039BC  4019          adds r0,r0,r5
000039BE  5141          adcs r1,r2
000039C0  70bd          pop {r4,r5,r6,pc}
000039C2  002c          cmp r4,#0x0
000039C4  08d0          beq 0x000039d8
000039C6  002b          cmp r3,#0x0
000039C8  09d0          beq 0x000039de
000039CA  c90f          lsrs r1,r1,#0x1f
000039CC  c907          lsls r1,r1,#0x1f
000039CE  002a          cmp r2,#0x0
000039D0  f6db          blt 0x000039c0
000039D2  084a          ldr r2,[0x000039f4]
000039D4  1143          orrs r1,r2
000039D6  70bd          pop {r4,r5,r6,pc}
000039D8  c90f          lsrs r1,r1,#0x1f
000039DA  c907          lsls r1,r1,#0x1f
000039DC  70bd          pop {r4,r5,r6,pc}
000039DE  2846          mov r0,r5
000039E0  0a03          lsls r2,r1,#0xc
000039E2  1043          orrs r0,r2
000039E4  02d0          beq 0x000039ec
000039E6  0020          movs r0,#0x0
000039E8  0349          ldr r1,[0x000039f8]
000039EA  70bd          pop {r4,r5,r6,pc}
000039EC  2846          mov r0,r5
000039EE  70bd          pop {r4,r5,r6,pc}
000039FC  0048          ldr r0,[0x00003a00]
000039FE  7047          bx lr
00003A04  f8b5          push {r3,r4,r5,r6,r7,lr}
00003A06  224c          ldr r4,[0x00003a90]
00003A08  4e00          lsls r6,r1,#0x1
00003A0A  069d          ldr r5,[sp,#0x18]
00003A0C  a642          cmp r6,r4
00003A0E  0ad8          bhi 0x00003a26
00003A10  a642          cmp r6,r4
00003A12  01d1          bne 0x00003a18
00003A14  0028          cmp r0,#0x0
00003A16  06d1          bne 0x00003a26
00003A18  5e00          lsls r6,r3,#0x1
00003A1A  a642          cmp r6,r4
00003A1C  03d8          bhi 0x00003a26
00003A1E  a642          cmp r6,r4
00003A20  0ad1          bne 0x00003a38
00003A22  002a          cmp r2,#0x0
00003A24  08d0          beq 0x00003a38
00003A26  0d24          movs r4,#0xd
00003A28  2404          lsls r4,r4,#0x10
00003A2A  2542          tst r5,r4
00003A2C  2cd0          beq 0x00003a88
00003A2E  2946          mov r1,r5
00003A30  0020          movs r0,#0x0
00003A32  00f05af8      bl 0x00003aea
00003A36  f8bd          pop {r3,r4,r5,r6,r7,pc}
00003A38  0c46          mov r4,r1
00003A3A  1c43          orrs r4,r3
00003A3C  0cd4          bmi 0x00003a58
00003A3E  9942          cmp r1,r3
00003A40  02d0          beq 0x00003a48
00003A42  eff30080      mrs r0,cpsr
00003A46  f8bd          pop {r3,r4,r5,r6,r7,pc}
00003A48  9042          cmp r0,r2
00003A4A  02d0          beq 0x00003a52
00003A4C  eff30080      mrs r0,cpsr
00003A50  f8bd          pop {r3,r4,r5,r6,r7,pc}
00003A52  eff30080      mrs r0,cpsr
00003A56  f8bd          pop {r3,r4,r5,r6,r7,pc}
00003A58  0924          movs r4,#0x9
00003A5A  2407          lsls r4,r4,#0x1c
00003A5C  e500          lsls r5,r4,#0x3
00003A5E  8b42          cmp r3,r1
00003A60  06d0          beq 0x00003a70
00003A62  eff30080      mrs r0,cpsr
00003A66  a043          bics r0,r4
00003A68  591a          subs r1,r3,r1
00003A6A  06d2          bcs 0x00003a7a
00003A6C  2843          orrs r0,r5
00003A6E  04e0          b 0x00003a7a
00003A70  101a          subs r0,r2,r0
00003A72  05d3          bcc 0x00003a80
00003A74  eff30080      mrs r0,cpsr
00003A78  a043          bics r0,r4
00003A7A  80f30088      msr apsr,r0
00003A7E  f8bd          pop {r3,r4,r5,r6,r7,pc}
00003A80  eff30080      mrs r0,cpsr
00003A84  a043          bics r0,r4
00003A86  f1e7          b 0x00003a6c
00003A88  0095          str r5,[sp,#0x0]
00003A8A  00f045f8      bl 0x00003b18
00003A8E  f8bd          pop {r3,r4,r5,r6,r7,pc}
00003A94  0048          ldr r0,[0x00003a98]
00003A96  7047          bx lr
00003A9C  7546          mov r5,lr
00003A9E  fff7f9ff      bl 0x00003a94
00003AA2  ae46          mov lr,r5
00003AA4  0500          movs r5,r0
00003AA6  6946          mov r1,sp
00003AA8  5346          mov r3,r10
00003AAA  c008          lsrs r0,r0,#0x3
00003AAC  c000          lsls r0,r0,#0x3
00003AAE  8546          mov sp,r0
00003AB0  18b0          add sp,#0x60
00003AB2  20b5          push {r5,lr}
00003AB4  fef774ff      bl 0x000029a0
00003AB8  60bc          pop {r5,r6}
00003ABA  0027          movs r7,#0x0
00003ABC  4908          lsrs r1,r1,#0x1
00003ABE  b646          mov lr,r6
00003AC0  0026          movs r6,#0x0
00003AC2  c0c5          stmia r5!,{r6,r7}
00003AC4  c0c5          stmia r5!,{r6,r7}
00003AC6  c0c5          stmia r5!,{r6,r7}
00003AC8  c0c5          stmia r5!,{r6,r7}
00003ACA  c0c5          stmia r5!,{r6,r7}
00003ACC  c0c5          stmia r5!,{r6,r7}
00003ACE  c0c5          stmia r5!,{r6,r7}
00003AD0  c0c5          stmia r5!,{r6,r7}
00003AD2  403d          subs r5,#0x40
00003AD4  4900          lsls r1,r1,#0x1
00003AD6  8d46          mov sp,r1
00003AD8  7047          bx lr
00003ADA  10b5          push {r4,lr}
00003ADC  0446          mov r4,r0
00003ADE  c046          mov r8,r8
00003AE0  c046          mov r8,r8
00003AE2  2046          mov r0,r4
00003AE4  fef72bff      bl 0x0000293e
00003AE8  10bd          pop {r4,pc}
00003AEA  c802          lsls r0,r1,#0xb
00003AEC  12d5          bpl 0x00003b14
00003AEE  4803          lsls r0,r1,#0xd
00003AF0  400f          lsrs r0,r0,#0x1d
00003AF2  0028          cmp r0,#0x0
00003AF4  04d0          beq 0x00003b00
00003AF6  c803          lsls r0,r1,#0xf
00003AF8  c043          mvns r0,r0
00003AFA  0121          movs r1,#0x1
00003AFC  8840          lsls r0,r1
00003AFE  7047          bx lr
00003B00  eff30080      mrs r0,cpsr
00003B04  0001          lsls r0,r0,#0x4
00003B06  0009          lsrs r0,r0,#0x4
00003B08  0321          movs r1,#0x3
00003B0A  0907          lsls r1,r1,#0x1c
00003B0C  0843          orrs r0,r1
00003B0E  80f30088      msr apsr,r0
00003B12  7047          bx lr
00003B14  0020          movs r0,#0x0
00003B16  7047          bx lr
00003B18  10b5          push {r4,lr}
00003B1A  0020          movs r0,#0x0
00003B1C  0249          ldr r1,[0x00003b28]
00003B1E  029a          ldr r2,[sp,#0x8]
00003B20  00f004f8      bl 0x00003b2c
00003B24  10bd          pop {r4,pc}
00003B2C  10b5          push {r4,lr}
00003B2E  0c46          mov r4,r1
00003B30  1107          lsls r1,r2,#0x1c
00003B32  090f          lsrs r1,r1,#0x1c
00003B34  0929          cmp r1,#0x9
00003B36  04d0          beq 0x00003b42
00003B38  0a29          cmp r1,#0xa
00003B3A  0ad0          beq 0x00003b52
00003B3C  0829          cmp r1,#0x8
00003B3E  0cd1          bne 0x00003b5a
00003B40  04e0          b 0x00003b4c
00003B42  1146          mov r1,r2
00003B44  0820          movs r0,#0x8
00003B46  fff7d0ff      bl 0x00003aea
00003B4A  06e0          b 0x00003b5a
00003B4C  5106          lsls r1,r2,#0x19
00003B4E  06d5          bpl 0x00003b5e
00003B50  01e0          b 0x00003b56
00003B52  5106          lsls r1,r2,#0x19
00003B54  01d5          bpl 0x00003b5a
00003B56  0120          movs r0,#0x1
00003B58  c007          lsls r0,r0,#0x1f
00003B5A  2146          mov r1,r4
00003B5C  10bd          pop {r4,pc}
00003B5E  d106          lsls r1,r2,#0x1b
00003B60  07d5          bpl 0x00003b72
00003B62  0101          lsls r1,r0,#0x4
00003B64  0909          lsrs r1,r1,#0x4
00003B66  cc08          lsrs r4,r1,#0x3
00003B68  4907          lsls r1,r1,#0x1d
00003B6A  000e          lsrs r0,r0,#0x18
00003B6C  0006          lsls r0,r0,#0x18
00003B6E  0443          orrs r4,r0
00003B70  09e0          b 0x00003b86
00003B72  410f          lsrs r1,r0,#0x1d
00003B74  2002          lsls r0,r4,#0x8
00003B76  4907          lsls r1,r1,#0x1d
00003B78  000a          lsrs r0,r0,#0x8
00003B7A  0143          orrs r1,r0
00003B7C  200e          lsrs r0,r4,#0x18
00003B7E  0006          lsls r0,r0,#0x18
00003B80  1d22          movs r2,#0x1d
00003B82  d141          rors r1,r2
00003B84  0143          orrs r1,r0
00003B86  0846          mov r0,r1
00003B88  e7e7          b 0x00003b5a
00003B8C  0149          ldr r1,[0x00003b94]
00003B8E  1820          movs r0,#0x18
00003B90  abbe          bkpt 0xab
00003B92  fee7          b 0x00003b92
00003B9A  70b5          push {r4,r5,r6,lr}
00003B9C  8c18          adds r4,r1,r2
00003B9E  0578          ldrb r5,[r0,#0x0]
00003BA0  401c          adds r0,r0,#0x1
00003BA2  6b07          lsls r3,r5,#0x1d
00003BA4  5b0f          lsrs r3,r3,#0x1d
00003BA6  01d1          bne 0x00003bac
00003BA8  0378          ldrb r3,[r0,#0x0]
00003BAA  401c          adds r0,r0,#0x1
00003BAC  2a11          asrs r2,r5,#0x4
00003BAE  06d1          bne 0x00003bbe
00003BB0  0278          ldrb r2,[r0,#0x0]
00003BB2  401c          adds r0,r0,#0x1
00003BB4  03e0          b 0x00003bbe
00003BB6  0678          ldrb r6,[r0,#0x0]
00003BB8  401c          adds r0,r0,#0x1
00003BBA  0e70          strb r6,[r1,#0x0]
00003BBC  491c          adds r1,r1,#0x1
00003BBE  5b1e          subs r3,r3,#0x1
00003BC0  f9d1          bne 0x00003bb6
00003BC2  2b07          lsls r3,r5,#0x1c
00003BC4  05d4          bmi 0x00003bd2
00003BC6  0023          movs r3,#0x0
00003BC8  521e          subs r2,r2,#0x1
00003BCA  0dd4          bmi 0x00003be8
00003BCC  0b70          strb r3,[r1,#0x0]
00003BCE  491c          adds r1,r1,#0x1
00003BD0  fae7          b 0x00003bc8
00003BD2  0378          ldrb r3,[r0,#0x0]
00003BD4  401c          adds r0,r0,#0x1
00003BD6  cb1a          subs r3,r1,r3
00003BD8  921c          adds r2,r2,#0x2
00003BDA  03e0          b 0x00003be4
00003BDC  1d78          ldrb r5,[r3,#0x0]
00003BDE  0d70          strb r5,[r1,#0x0]
00003BE0  491c          adds r1,r1,#0x1
00003BE2  5b1c          adds r3,r3,#0x1
00003BE4  521e          subs r2,r2,#0x1
00003BE6  f9d5          bpl 0x00003bdc
00003BE8  a142          cmp r1,r4
00003BEA  d8d3          bcc 0x00003b9e
00003BEC  0020          movs r0,#0x0
00003BEE  70bd          pop {r4,r5,r6,pc}
00003BF0  10b5          push {r4,lr}
00003BF2  0c49          ldr r1,[0x00003c24]
00003BF4  0968          ldr r1,[r1,#0x0]
00003BF6  491e          subs r1,r1,#0x1
00003BF8  4a1e          subs r2,r1,#0x1
00003BFA  9141          sbcs r1,r2
00003BFC  ca02          lsls r2,r1,#0xb
00003BFE  0121          movs r1,#0x1
00003C00  4904          lsls r1,r1,#0x11
00003C02  0b68          ldr r3,[r1,#0x0]
00003C04  084c          ldr r4,[0x00003c28]
00003C06  2340          ands r3,r4
00003C08  9a18          adds r2,r3,r2
00003C0A  0a60          str r2,[r1,#0x0]
00003C0C  5922          movs r2,#0x59
00003C0E  1206          lsls r2,r2,#0x18
00003C10  4a60          str r2,[r1,#0x4]
00003C12  4860          str r0,[r1,#0x4]
00003C14  c868          ldr r0,[r1,#0xc]
00003C16  9522          movs r2,#0x95
00003C18  1206          lsls r2,r2,#0x18
00003C1A  4a60          str r2,[r1,#0x4]
00003C1C  0a68          ldr r2,[r1,#0x0]
00003C1E  2240          ands r2,r4
00003C20  0a60          str r2,[r1,#0x0]
00003C22  10bd          pop {r4,pc}
00003C2C  10b5          push {r4,lr}
00003C2E  012b          cmp r3,#0x1
00003C30  03d1          bne 0x00003c3a
00003C32  446e          ldr r4,[r0,#0x64]
00003C34  8b40          lsls r3,r1
00003C36  1c43          orrs r4,r3
00003C38  4466          str r4,[r0,#0x64]
00003C3A  0b07          lsls r3,r1,#0x1c
00003C3C  9b0f          lsrs r3,r3,#0x1e
00003C3E  8907          lsls r1,r1,#0x1e
00003C40  090f          lsrs r1,r1,#0x1c
00003C42  9b00          lsls r3,r3,#0x2
00003C44  1818          adds r0,r3,r0
00003C46  036d          ldr r3,[r0,#0x50]
00003C48  0f24          movs r4,#0xf
00003C4A  8c40          lsls r4,r1
00003C4C  a343          bics r3,r4
00003C4E  8a40          lsls r2,r1
00003C50  1a43          orrs r2,r3
00003C52  0265          str r2,[r0,#0x50]
00003C54  10bd          pop {r4,pc}
00003C56  8030          adds r0,#0x80
00003C58  4161          str r1,[r0,#0x14]
00003C5A  7047          bx lr
00003C5C  70b5          push {r4,r5,r6,lr}
00003C5E  0c46          mov r4,r1
00003C60  0546          mov r5,r0
00003C62  0121          movs r1,#0x1
00003C64  0846          mov r0,r1
00003C66  03f0e5fe      bl 0x00007a34
00003C6A  2188          ldrh r1,[r4,#0x0]
00003C6C  6088          ldrh r0,[r4,#0x2]
00003C6E  0143          orrs r1,r0
00003C70  2846          mov r0,r5
00003C72  8030          adds r0,#0x80
00003C74  0161          str r1,[r0,#0x10]
00003C76  e18a          ldrh r1,[r4,#0x16]
00003C78  a28a          ldrh r2,[r4,#0x14]
00003C7A  0902          lsls r1,r1,#0x8
00003C7C  1201          lsls r2,r2,#0x4
00003C7E  1143          orrs r1,r2
00003C80  628a          ldrh r2,[r4,#0x12]
00003C82  1143          orrs r1,r2
00003C84  2966          str r1,[r5,#0x60]
00003C86  218a          ldrh r1,[r4,#0x10]
00003C88  a967          str r1,[r5,#0x78]
00003C8A  a188          ldrh r1,[r4,#0x4]
00003C8C  e288          ldrh r2,[r4,#0x6]
00003C8E  0903          lsls r1,r1,#0xc
00003C90  9202          lsls r2,r2,#0xa
00003C92  1143          orrs r1,r2
00003C94  2289          ldrh r2,[r4,#0x8]
00003C96  1202          lsls r2,r2,#0x8
00003C98  1143          orrs r1,r2
00003C9A  6289          ldrh r2,[r4,#0xa]
00003C9C  1201          lsls r2,r2,#0x4
00003C9E  1143          orrs r1,r2
00003CA0  a289          ldrh r2,[r4,#0xc]
00003CA2  d200          lsls r2,r2,#0x3
00003CA4  1143          orrs r1,r2
00003CA6  e289          ldrh r2,[r4,#0xe]
00003CA8  1143          orrs r1,r2
00003CAA  6967          str r1,[r5,#0x74]
00003CAC  618b          ldrh r1,[r4,#0x1a]
00003CAE  4164          str r1,[r0,#0x44]
00003CB0  a18b          ldrh r1,[r4,#0x1c]
00003CB2  8164          str r1,[r0,#0x48]
00003CB4  e18b          ldrh r1,[r4,#0x1e]
00003CB6  c164          str r1,[r0,#0x4c]
00003CB8  a120          movs r0,#0xa1
00003CBA  4001          lsls r0,r0,#0x5
00003CBC  fff798ff      bl 0x00003bf0
00003CC0  124c          ldr r4,[0x00003d0c]
00003CC2  2060          str r0,[r4,#0x0]
00003CC4  1248          ldr r0,[0x00003d10]
00003CC6  fff793ff      bl 0x00003bf0
00003CCA  6060          str r0,[r4,#0x4]
00003CCC  1048          ldr r0,[0x00003d10]
00003CCE  001d          adds r0,r0,#0x4
00003CD0  fff78eff      bl 0x00003bf0
00003CD4  a060          str r0,[r4,#0x8]
00003CD6  0e48          ldr r0,[0x00003d10]
00003CD8  0830          adds r0,#0x8
00003CDA  fff789ff      bl 0x00003bf0
00003CDE  e060          str r0,[r4,#0xc]
00003CE0  0b48          ldr r0,[0x00003d10]
00003CE2  0c30          adds r0,#0xc
00003CE4  fff784ff      bl 0x00003bf0
00003CE8  0a4c          ldr r4,[0x00003d14]
00003CEA  2060          str r0,[r4,#0x0]
00003CEC  0848          ldr r0,[0x00003d10]
00003CEE  1030          adds r0,#0x10
00003CF0  fff77eff      bl 0x00003bf0
00003CF4  6060          str r0,[r4,#0x4]
00003CF6  0648          ldr r0,[0x00003d10]
00003CF8  1430          adds r0,#0x14
00003CFA  fff779ff      bl 0x00003bf0
00003CFE  a060          str r0,[r4,#0x8]
00003D00  0348          ldr r0,[0x00003d10]
00003D02  1830          adds r0,#0x18
00003D04  fff774ff      bl 0x00003bf0
00003D08  e060          str r0,[r4,#0xc]
00003D0A  70bd          pop {r4,r5,r6,pc}
00003D18  0021          movs r1,#0x0
00003D1A  0180          strh r1,[r0,#0x0]
00003D1C  4180          strh r1,[r0,#0x2]
00003D1E  8180          strh r1,[r0,#0x4]
00003D20  c180          strh r1,[r0,#0x6]
00003D22  0181          strh r1,[r0,#0x8]
00003D24  4181          strh r1,[r0,#0xa]
00003D26  8181          strh r1,[r0,#0xc]
00003D28  c181          strh r1,[r0,#0xe]
00003D2A  0182          strh r1,[r0,#0x10]
00003D2C  0122          movs r2,#0x1
00003D2E  4282          strh r2,[r0,#0x12]
00003D30  8282          strh r2,[r0,#0x14]
00003D32  c282          strh r2,[r0,#0x16]
00003D34  0183          strh r1,[r0,#0x18]
00003D36  7047          bx lr
00003D38  ffb5          push {r0,r1,r2,r3,r4,r5,r6,r7,lr}
00003D3A  89b0          sub sp,#0x24
00003D3C  9c46          mov r12,r3
00003D3E  0b46          mov r3,r1
00003D40  0246          mov r2,r0
00003D42  0025          movs r5,#0x0
00003D44  6f46          mov r7,sp
00003D46  0024          movs r4,#0x0
00003D48  a900          lsls r1,r5,#0x2
00003D4A  0819          adds r0,r1,r4
00003D4C  165c          ldrb r6,[r2,r0]
00003D4E  a000          lsls r0,r4,#0x2
00003D50  c019          adds r0,r0,r7
00003D52  641c          adds r4,r4,#0x1
00003D54  e4b2          uxtb r4,r4
00003D56  4655          strb r6,[r0,r5]
00003D58  042c          cmp r4,#0x4
00003D5A  f6d3          bcc 0x00003d4a
00003D5C  6d1c          adds r5,r5,#0x1
00003D5E  edb2          uxtb r5,r5
00003D60  042d          cmp r5,#0x4
00003D62  f0d3          bcc 0x00003d46
00003D64  0021          movs r1,#0x0
00003D66  04aa          add r2,sp,#0x10
00003D68  0020          movs r0,#0x0
00003D6A  8e00          lsls r6,r1,#0x2
00003D6C  3418          adds r4,r6,r0
00003D6E  8500          lsls r5,r0,#0x2
00003D70  ad18          adds r5,r5,r2
00003D72  401c          adds r0,r0,#0x1
00003D74  1c5d          ldrb r4,[r3,r4]
00003D76  c0b2          uxtb r0,r0
00003D78  6c54          strb r4,[r5,r1]
00003D7A  0428          cmp r0,#0x4
00003D7C  f6d3          bcc 0x00003d6c
00003D7E  491c          adds r1,r1,#0x1
00003D80  c9b2          uxtb r1,r1
00003D82  0429          cmp r1,#0x4
00003D84  f0d3          bcc 0x00003d68
00003D86  6246          mov r2,r12
00003D88  04a9          add r1,sp,#0x10
00003D8A  3846          mov r0,r7
00003D8C  06f05ff9      bl 0x0000a04e
00003D90  0021          movs r1,#0x0
00003D92  0020          movs r0,#0x0
00003D94  8a00          lsls r2,r1,#0x2
00003D96  8300          lsls r3,r0,#0x2
00003D98  1518          adds r5,r2,r0
00003D9A  db19          adds r3,r3,r7
00003D9C  0b9c          ldr r4,[sp,#0x2c]
00003D9E  401c          adds r0,r0,#0x1
00003DA0  5b5c          ldrb r3,[r3,r1]
00003DA2  c0b2          uxtb r0,r0
00003DA4  6355          strb r3,[r4,r5]
00003DA6  0428          cmp r0,#0x4
00003DA8  f5d3          bcc 0x00003d96
00003DAA  491c          adds r1,r1,#0x1
00003DAC  c9b2          uxtb r1,r1
00003DAE  0429          cmp r1,#0x4
00003DB0  efd3          bcc 0x00003d92
00003DB2  0db0          add sp,#0x34
00003DB4  f0bd          pop {r4,r5,r6,r7,pc}
00003DB8  f0b5          push {r4,r5,r6,r7,lr}
00003DBA  a64f          ldr r7,[0x00004054]
00003DBC  8db0          sub sp,#0x34
00003DBE  7978          ldrb r1,[r7,#0x1]
00003DC0  3a46          mov r2,r7
00003DC2  1379          ldrb r3,[r2,#0x4]
00003DC4  0a93          str r3,[sp,#0x28]
00003DC6  0020          movs r0,#0x0
00003DC8  9678          ldrb r6,[r2,#0x2]
00003DCA  1378          ldrb r3,[r2,#0x0]
00003DCC  5479          ldrb r4,[r2,#0x5]
00003DCE  8c46          mov r12,r1
00003DD0  4029          cmp r1,#0x40
00003DD2  03d0          beq 0x00003ddc
00003DD4  f11c          adds r1,r6,#0x3
00003DD6  cab2          uxtb r2,r1
00003DD8  0021          movs r1,#0x0
00003DDA  11e0          b 0x00003e00
00003DDC  0021          movs r1,#0x0
00003DDE  7a5c          ldrb r2,[r7,r1]
00003DE0  491c          adds r1,r1,#0x1
00003DE2  1018          adds r0,r2,r0
00003DE4  c9b2          uxtb r1,r1
00003DE6  c0b2          uxtb r0,r0
00003DE8  0429          cmp r1,#0x4
00003DEA  f8d3          bcc 0x00003dde
00003DEC  0a99          ldr r1,[sp,#0x28]
00003DEE  8142          cmp r1,r0
00003DF0  6fd1          bne 0x00003ed2
00003DF2  e018          adds r0,r4,r3
00003DF4  0ce0          b 0x00003e10
00003DF6  7d5c          ldrb r5,[r7,r1]
00003DF8  2818          adds r0,r5,r0
00003DFA  491c          adds r1,r1,#0x1
00003DFC  c0b2          uxtb r0,r0
00003DFE  c9b2          uxtb r1,r1
00003E00  9142          cmp r1,r2
00003E02  f8d3          bcc 0x00003df6
00003E04  b95c          ldrb r1,[r7,r2]
00003E06  8142          cmp r1,r0
00003E08  63d1          bne 0x00003ed2
00003E0A  b818          adds r0,r7,r2
00003E0C  4078          ldrb r0,[r0,#0x1]
00003E0E  c018          adds r0,r0,r3
00003E10  ff28          cmp r0,#0xff
00003E12  5ed1          bne 0x00003ed2
00003E14  9048          ldr r0,[0x00004058]
00003E16  0021          movs r1,#0x0
00003E18  c182          strh r1,[r0,#0x16]
00003E1A  4172          strb r1,[r0,#0x9]
00003E1C  742b          cmp r3,#0x74
00003E1E  58d1          bne 0x00003ed2
00003E20  0020          movs r0,#0x0
00003E22  0b90          str r0,[sp,#0x2c]
00003E24  6420          movs r0,#0x64
00003E26  6946          mov r1,sp
00003E28  0870          strb r0,[r1,#0x0]
00003E2A  8a48          ldr r0,[0x00004054]
00003E2C  6746          mov r7,r12
00003E2E  c578          ldrb r5,[r0,#0x3]
00003E30  472f          cmp r7,#0x47
00003E32  7dd0          beq 0x00003f30
00003E34  1fdc          bgt 0x00003e76
00003E36  874b          ldr r3,[0x00004054]
00003E38  413f          subs r7,#0x41
00003E3A  d878          ldrb r0,[r3,#0x3]
00003E3C  1979          ldrb r1,[r3,#0x4]
00003E3E  0002          lsls r0,r0,#0x8
00003E40  4018          adds r0,r0,r1
00003E42  80b2          uxth r0,r0
00003E44  0990          str r0,[sp,#0x24]
00003E46  9e79          ldrb r6,[r3,#0x6]
00003E48  0896          str r6,[sp,#0x20]
00003E4A  5979          ldrb r1,[r3,#0x5]
00003E4C  1a7a          ldrb r2,[r3,#0x8]
00003E4E  0902          lsls r1,r1,#0x8
00003E50  8919          adds r1,r1,r6
00003E52  587a          ldrb r0,[r3,#0x9]
00003E54  89b2          uxth r1,r1
00003E56  0791          str r1,[sp,#0x1c]
00003E58  d979          ldrb r1,[r3,#0x7]
00003E5A  0e02          lsls r6,r1,#0x8
00003E5C  b618          adds r6,r6,r2
00003E5E  b6b2          uxth r6,r6
00003E60  0696          str r6,[sp,#0x18]
00003E62  9e7a          ldrb r6,[r3,#0xa]
00003E64  0596          str r6,[sp,#0x14]
00003E66  de7a          ldrb r6,[r3,#0xb]
00003E68  3b00          movs r3,r7
00003E6A  06f007f8      bl 0x00009e7c
00003E76  4a2f          cmp r7,#0x4a
00003E78  72d0          beq 0x00003f60
00003E7A  08dc          bgt 0x00003e8e
00003E7C  482f          cmp r7,#0x48
00003E7E  70d0          beq 0x00003f62
00003E80  492f          cmp r7,#0x49
00003E82  26d1          bne 0x00003ed2
00003E84  2e20          movs r0,#0x2e
00003E86  4870          strb r0,[r1,#0x1]
00003E88  1a20          movs r0,#0x1a
00003E8A  8870          strb r0,[r1,#0x2]
00003E8C  9ee0          b 0x00003fcc
00003E8E  602f          cmp r7,#0x60
00003E90  68d0          beq 0x00003f64
00003E92  612f          cmp r7,#0x61
00003E94  1dd1          bne 0x00003ed2
00003E96  5120          movs r0,#0x51
00003E98  4870          strb r0,[r1,#0x1]
00003E9A  0820          movs r0,#0x8
00003E9C  f5e7          b 0x00003e8a
00003ED2  0db0          add sp,#0x34
00003ED4  f0bd          pop {r4,r5,r6,r7,pc}
00003F30  54e0          b 0x00003fdc
00003F5E  b8e7          b 0x00003ed2
00003F60  44e0          b 0x00003fec
00003F62  3fe0          b 0x00003fe4
00003F64  50e0          b 0x00004008
00003FCC  244c          ldr r4,[0x00004060]
00003FCE  2078          ldrb r0,[r4,#0x0]
00003FD0  0028          cmp r0,#0x0
00003FD2  c4d1          bne 0x00003f5e
00003FD4  0320          movs r0,#0x3
00003FD6  6b46          mov r3,sp
00003FD8  1e49          ldr r1,[0x00004054]
00003FDA  1de0          b 0x00004018
00003FDC  1e49          ldr r1,[0x00004058]
00003FDE  0120          movs r0,#0x1
00003FE0  0872          strb r0,[r1,#0x8]
00003FE2  76e7          b 0x00003ed2
00003FE4  2c20          movs r0,#0x2c
00003FE6  4870          strb r0,[r1,#0x1]
00003FE8  0420          movs r0,#0x4
00003FEA  4ee7          b 0x00003e8a
00003FEC  2f20          movs r0,#0x2f
00003FEE  4870          strb r0,[r1,#0x1]
00003FF0  1848          ldr r0,[0x00004054]
00003FF2  8e70          strb r6,[r1,#0x2]
00003FF4  2906          lsls r1,r5,#0x18
00003FF6  03d5          bpl 0x00004000
00003FF8  6806          lsls r0,r5,#0x19
00003FFA  400e          lsrs r0,r0,#0x19
00003FFC  4142          rsbs r1,r0
00003FFE  00e0          b 0x00004002
00004000  c178          ldrb r1,[r0,#0x3]
00004002  1548          ldr r0,[0x00004058]
00004004  0170          strb r1,[r0,#0x0]
00004006  e1e7          b 0x00003fcc
00004008  5020          movs r0,#0x50
0000400A  4870          strb r0,[r1,#0x1]
0000400C  0a20          movs r0,#0xa
0000400E  3ce7          b 0x00003e8a
00004010  0a5c          ldrb r2,[r1,r0]
00004012  1a54          strb r2,[r3,r0]
00004014  401c          adds r0,r0,#0x1
00004016  c0b2          uxtb r0,r0
00004018  9a78          ldrb r2,[r3,#0x2]
0000401A  d21c          adds r2,r2,#0x3
0000401C  8242          cmp r2,r0
0000401E  f7d8          bhi 0x00004010
00004020  0022          movs r2,#0x0
00004022  1146          mov r1,r2
00004024  04e0          b 0x00004030
00004026  5d5c          ldrb r5,[r3,r1]
00004028  aa18          adds r2,r5,r2
0000402A  491c          adds r1,r1,#0x1
0000402C  d2b2          uxtb r2,r2
0000402E  c9b2          uxtb r1,r1
00004030  8142          cmp r1,r0
00004032  f8d3          bcc 0x00004026
00004034  5a54          strb r2,[r3,r1]
00004036  491c          adds r1,r1,#0x1
00004038  c8b2          uxtb r0,r1
0000403A  1978          ldrb r1,[r3,#0x0]
0000403C  ff22          movs r2,#0xff
0000403E  511a          subs r1,r2,r1
00004040  1954          strb r1,[r3,r0]
00004042  401c          adds r0,r0,#0x1
00004044  c1b2          uxtb r1,r0
00004046  0120          movs r0,#0x1
00004048  2070          strb r0,[r4,#0x0]
0000404A  1846          mov r0,r3
0000404C  05f024f8      bl 0x00009098
00004050  3fe7          b 0x00003ed2
0000414C  05f096fe      bl 0x00009e7c
000041E8  6946          mov r1,sp
000041EA  0b5c          ldrb r3,[r1,r0]
000041EC  401c          adds r0,r0,#0x1
000041EE  9a18          adds r2,r3,r2
000041F0  c0b2          uxtb r0,r0
000041F2  d2b2          uxtb r2,r2
000041F4  0a28          cmp r0,#0xa
000041F6  f8d3          bcc 0x000041ea
000041F8  8a72          strb r2,[r1,#0xa]
000041FA  0c21          movs r1,#0xc
000041FC  29e0          b 0x00004252
00004252  224f          ldr r7,[0x000042dc]
00004254  f87c          ldrb r0,[r7,#0x13]
00004256  0028          cmp r0,#0x0
00004258  27d0          beq 0x000042aa
0000425A  b87c          ldrb r0,[r7,#0x12]
0000425C  3874          strb r0,[r7,#0x10]
0000425E  401c          adds r0,r0,#0x1
00004260  c0b2          uxtb r0,r0
00004262  b874          strb r0,[r7,#0x12]
00004264  0628          cmp r0,#0x6
00004266  01d9          bls 0x0000426c
00004268  0320          movs r0,#0x3
0000426A  b874          strb r0,[r7,#0x12]
0000426C  fc74          strb r4,[r7,#0x13]
0000426E  002d          cmp r5,#0x0
00004270  09d0          beq 0x00004286
00004272  0329          cmp r1,#0x3
00004274  07d9          bls 0x00004286
00004276  6846          mov r0,sp
00004278  4018          adds r0,r0,r1
0000427A  9c22          movs r2,#0x9c
0000427C  2038          subs r0,#0x20
0000427E  c277          strb r2,[r0,#0x1f]
00004280  6846          mov r0,sp
00004282  04f06dff      bl 0x00009160
00004286  ff21          movs r1,#0xff
00004288  0398          ldr r0,[sp,#0xc]
0000428A  f531          adds r1,#0xf5
0000428C  f028          cmp r0,#0xf0
0000428E  16d9          bls 0x000042be
00004290  387d          ldrb r0,[r7,#0x14]
00004292  401c          adds r0,r0,#0x1
00004294  c0b2          uxtb r0,r0
00004296  3875          strb r0,[r7,#0x14]
00004298  0528          cmp r0,#0x5
0000429A  15d9          bls 0x000042c8
0000429C  f88a          ldrh r0,[r7,#0x16]
0000429E  8842          cmp r0,r1
000042A0  01d2          bcs 0x000042a6
000042A2  401c          adds r0,r0,#0x1
000042A4  f882          strh r0,[r7,#0x16]
000042A6  3c75          strb r4,[r7,#0x14]
000042A8  0ee0          b 0x000042c8
000042AA  787c          ldrb r0,[r7,#0x11]
000042AC  3874          strb r0,[r7,#0x10]
000042AE  0028          cmp r0,#0x0
000042B0  02d0          beq 0x000042b8
000042B2  7c74          strb r4,[r7,#0x11]
000042B4  fe74          strb r6,[r7,#0x13]
000042B6  dae7          b 0x0000426e
000042B8  0220          movs r0,#0x2
000042BA  7874          strb r0,[r7,#0x11]
000042BC  d7e7          b 0x0000426e
000042BE  f88a          ldrh r0,[r7,#0x16]
000042C0  8842          cmp r0,r1
000042C2  01d2          bcs 0x000042c8
000042C4  401c          adds r0,r0,#0x1
000042C6  f882          strh r0,[r7,#0x16]
000042C8  f88a          ldrh r0,[r7,#0x16]
000042CA  ff21          movs r1,#0xff
000042CC  2d31          adds r1,#0x2d
000042CE  8842          cmp r0,r1
000042D0  01d9          bls 0x000042d6
000042D2  0320          movs r0,#0x3
000042D4  7872          strb r0,[r7,#0x9]
000042D6  ffbd          pop {r0,r1,r2,r3,r4,r5,r6,r7,pc}
000042E8  10b5          push {r4,lr}
000042EA  1948          ldr r0,[0x00004350]
000042EC  04f000fa      bl 0x000086f0
000042F0  184b          ldr r3,[0x00004354]
000042F2  194a          ldr r2,[0x00004358]
000042F4  1949          ldr r1,[0x0000435c]
000042F6  0628          cmp r0,#0x6
000042F8  16d0          beq 0x00004328
000042FA  0728          cmp r0,#0x7
000042FC  13d1          bne 0x00004326
000042FE  1078          ldrb r0,[r2,#0x0]
00004300  0128          cmp r0,#0x1
00004302  10d1          bne 0x00004326
00004304  1878          ldrb r0,[r3,#0x0]
00004306  0128          cmp r0,#0x1
00004308  0dd1          bne 0x00004326
0000430A  0020          movs r0,#0x0
0000430C  1822          movs r2,#0x18
0000430E  0a54          strb r2,[r1,r0]
00004310  401c          adds r0,r0,#0x1
00004312  c0b2          uxtb r0,r0
00004314  0328          cmp r0,#0x3
00004316  fad3          bcc 0x0000430e
00004318  0324          movs r4,#0x3
0000431A  00f0c7fc      bl 0x00004cac
0000431E  2146          mov r1,r4
00004320  0e48          ldr r0,[0x0000435c]
00004322  04f0b9fe      bl 0x00009098
00004326  10bd          pop {r4,pc}
00004328  1078          ldrb r0,[r2,#0x0]
0000432A  0128          cmp r0,#0x1
0000432C  fbd1          bne 0x00004326
0000432E  1878          ldrb r0,[r3,#0x0]
00004330  0128          cmp r0,#0x1
00004332  f8d1          bne 0x00004326
00004334  0620          movs r0,#0x6
00004336  0870          strb r0,[r1,#0x0]
00004338  0849          ldr r1,[0x0000435c]
0000433A  0120          movs r0,#0x1
0000433C  1839          subs r1,#0x18
0000433E  c872          strb r0,[r1,#0xb]
00004340  0020          movs r0,#0x0
00004342  0873          strb r0,[r1,#0xc]
00004344  0124          movs r4,#0x1
00004346  1070          strb r0,[r2,#0x0]
00004348  0549          ldr r1,[0x00004360]
0000434A  1020          movs r0,#0x10
0000434C  0860          str r0,[r1,#0x0]
0000434E  e6e7          b 0x0000431e
00004364  38b5          push {r3,r4,r5,lr}
00004366  1648          ldr r0,[0x000043c0]
00004368  6946          mov r1,sp
0000436A  0078          ldrb r0,[r0,#0x0]
0000436C  154d          ldr r5,[0x000043c4]
0000436E  0870          strb r0,[r1,#0x0]
00004370  2978          ldrb r1,[r5,#0x0]
00004372  0024          movs r4,#0x0
00004374  0029          cmp r1,#0x0
00004376  21d0          beq 0x000043bc
00004378  1828          cmp r0,#0x18
0000437A  09d1          bne 0x00004390
0000437C  1249          ldr r1,[0x000043c8]
0000437E  487d          ldrb r0,[r1,#0x15]
00004380  401c          adds r0,r0,#0x1
00004382  c0b2          uxtb r0,r0
00004384  4875          strb r0,[r1,#0x15]
00004386  0328          cmp r0,#0x3
00004388  02d9          bls 0x00004390
0000438A  4c75          strb r4,[r1,#0x15]
0000438C  00f08efc      bl 0x00004cac
00004390  0e49          ldr r1,[0x000043cc]
00004392  0878          ldrb r0,[r1,#0x0]
00004394  0128          cmp r0,#0x1
00004396  0dd1          bne 0x000043b4
00004398  6846          mov r0,sp
0000439A  0078          ldrb r0,[r0,#0x0]
0000439C  0628          cmp r0,#0x6
0000439E  08d1          bne 0x000043b2
000043A0  2c70          strb r4,[r5,#0x0]
000043A2  0b48          ldr r0,[0x000043d0]
000043A4  0278          ldrb r2,[r0,#0x0]
000043A6  002a          cmp r2,#0x0
000043A8  03d0          beq 0x000043b2
000043AA  0a4b          ldr r3,[0x000043d4]
000043AC  0122          movs r2,#0x1
000043AE  1a70          strb r2,[r3,#0x0]
000043B0  0470          strb r4,[r0,#0x0]
000043B2  0c70          strb r4,[r1,#0x0]
000043B4  0121          movs r1,#0x1
000043B6  6846          mov r0,sp
000043B8  04f06efe      bl 0x00009098
000043BC  38bd          pop {r3,r4,r5,pc}
000043D8  0749          ldr r1,[0x000043f8]
000043DA  0648          ldr r0,[0x000043f4]
000043DC  8862          str r0,[r1,#0x28]
000043DE  c805          lsls r0,r1,#0x17
000043E0  c269          ldr r2,[r0,#0x1c]
000043E2  0821          movs r1,#0x8
000043E4  0a43          orrs r2,r1
000043E6  c261          str r2,[r0,#0x1c]
000043E8  0448          ldr r0,[0x000043fc]
000043EA  8160          str r1,[r0,#0x8]
000043EC  0221          movs r1,#0x2
000043EE  c160          str r1,[r0,#0xc]
000043F0  7047          bx lr
00004400  024a          ldr r2,[0x0000440c]
00004402  1062          str r0,[r2,#0x20]
00004404  5162          str r1,[r2,#0x24]
00004406  906a          ldr r0,[r2,#0x28]
00004408  7047          bx lr
00004410  30b5          push {r4,r5,lr}
00004412  0346          mov r3,r0
00004414  0020          movs r0,#0x0
00004416  0a4c          ldr r4,[0x00004440]
00004418  0fe0          b 0x0000443a
0000441A  1a78          ldrb r2,[r3,#0x0]
0000441C  1202          lsls r2,r2,#0x8
0000441E  5040          eors r0,r2
00004420  0022          movs r2,#0x0
00004422  5b1c          adds r3,r3,#0x1
00004424  0504          lsls r5,r0,#0x10
00004426  02d5          bpl 0x0000442e
00004428  4000          lsls r0,r0,#0x1
0000442A  6040          eors r0,r4
0000442C  00e0          b 0x00004430
0000442E  4000          lsls r0,r0,#0x1
00004430  521c          adds r2,r2,#0x1
00004432  d2b2          uxtb r2,r2
00004434  80b2          uxth r0,r0
00004436  082a          cmp r2,#0x8
00004438  f4d3          bcc 0x00004424
0000443A  491e          subs r1,r1,#0x1
0000443C  edd2          bcs 0x0000441a
0000443E  30bd          pop {r4,r5,pc}
000044AC  2c49          ldr r1,[0x00004560]
000044AE  10b5          push {r4,lr}
000044B0  8842          cmp r0,r1
000044B2  01d2          bcs 0x000044b8
000044B4  0020          movs r0,#0x0
000044B6  10bd          pop {r4,pc}
000044B8  2949          ldr r1,[0x00004560]
000044BA  3631          adds r1,#0x36
000044BC  8842          cmp r0,r1
000044BE  08d2          bcs 0x000044d2
000044C0  2749          ldr r1,[0x00004560]
000044C2  4942          rsbs r1,r1
000044C4  4018          adds r0,r0,r1
000044C6  0a21          movs r1,#0xa
000044C8  4843          muls r0,r1
000044CA  3621          movs r1,#0x36
000044CC  fef7c8fa      bl 0x00002a60
000044D0  0be0          b 0x000044ea
000044D2  2349          ldr r1,[0x00004560]
000044D4  4b31          adds r1,#0x4b
000044D6  8842          cmp r0,r1
000044D8  09d2          bcs 0x000044ee
000044DA  2249          ldr r1,[0x00004564]
000044DC  4018          adds r0,r0,r1
000044DE  0a21          movs r1,#0xa
000044E0  4843          muls r0,r1
000044E2  1521          movs r1,#0x15
000044E4  fef7bcfa      bl 0x00002a60
000044E8  0a30          adds r0,#0xa
000044EA  c0b2          uxtb r0,r0
000044EC  10bd          pop {r4,pc}
000044EE  db21          movs r1,#0xdb
000044F0  8900          lsls r1,r1,#0x2
000044F2  8842          cmp r0,r1
000044F4  09d2          bcs 0x0000450a
000044F6  1b49          ldr r1,[0x00004564]
000044F8  1539          subs r1,#0x15
000044FA  4018          adds r0,r0,r1
000044FC  1421          movs r1,#0x14
000044FE  4843          muls r0,r1
00004500  1221          movs r1,#0x12
00004502  fef7adfa      bl 0x00002a60
00004506  1430          adds r0,#0x14
00004508  efe7          b 0x000044ea
0000450A  154a          ldr r2,[0x00004560]
0000450C  7c32          adds r2,#0x7c
0000450E  9042          cmp r0,r2
00004510  07d2          bcs 0x00004522
00004512  401a          subs r0,r0,r1
00004514  1421          movs r1,#0x14
00004516  4843          muls r0,r1
00004518  1f21          movs r1,#0x1f
0000451A  fef7a1fa      bl 0x00002a60
0000451E  2830          adds r0,#0x28
00004520  e3e7          b 0x000044ea
00004522  0f49          ldr r1,[0x00004560]
00004524  a831          adds r1,#0xa8
00004526  8842          cmp r0,r1
00004528  09d2          bcs 0x0000453e
0000452A  0e49          ldr r1,[0x00004564]
0000452C  4639          subs r1,#0x46
0000452E  4018          adds r0,r0,r1
00004530  1421          movs r1,#0x14
00004532  4843          muls r0,r1
00004534  2c21          movs r1,#0x2c
00004536  fef793fa      bl 0x00002a60
0000453A  3c30          adds r0,#0x3c
0000453C  d5e7          b 0x000044ea
0000453E  0849          ldr r1,[0x00004560]
00004540  e031          adds r1,#0xe0
00004542  8842          cmp r0,r1
00004544  09d2          bcs 0x0000455a
00004546  0749          ldr r1,[0x00004564]
00004548  7239          subs r1,#0x72
0000454A  4018          adds r0,r0,r1
0000454C  1421          movs r1,#0x14
0000454E  4843          muls r0,r1
00004550  3821          movs r1,#0x38
00004552  fef785fa      bl 0x00002a60
00004556  5030          adds r0,#0x50
00004558  c7e7          b 0x000044ea
0000455A  6420          movs r0,#0x64
0000455C  10bd          pop {r4,pc}
00004568  10b5          push {r4,lr}
0000456A  1e4a          ldr r2,[0x000045e4]
0000456C  0020          movs r0,#0x0
0000456E  105e          ldrsh r0,[r2,r0]
00004570  1d4b          ldr r3,[0x000045e8]
00004572  0021          movs r1,#0x0
00004574  595e          ldrsh r1,[r3,r1]
00004576  401a          subs r0,r0,r1
00004578  1c49          ldr r1,[0x000045ec]
0000457A  0024          movs r4,#0x0
0000457C  0c5f          ldrsh r4,[r1,r4]
0000457E  6100          lsls r1,r4,#0x1
00004580  0024          movs r4,#0x0
00004582  145f          ldrsh r4,[r2,r4]
00004584  091b          subs r1,r1,r4
00004586  0022          movs r2,#0x0
00004588  9a5e          ldrsh r2,[r3,r2]
0000458A  4043          muls r0,r0
0000458C  891a          subs r1,r1,r2
0000458E  184a          ldr r2,[0x000045f0]
00004590  5143          muls r1,r2
00004592  c913          asrs r1,r1,#0xf
00004594  4943          muls r1,r1
00004596  4018          adds r0,r0,r1
00004598  00d5          bpl 0x0000459c
0000459A  0020          movs r0,#0x0
0000459C  04f0a0f8      bl 0x000086e0
000045A0  1449          ldr r1,[0x000045f4]
000045A2  4862          str r0,[r1,#0x24]
000045A4  144a          ldr r2,[0x000045f8]
000045A6  1088          ldrh r0,[r2,#0x0]
000045A8  144c          ldr r4,[0x000045fc]
000045AA  0a28          cmp r0,#0xa
000045AC  17d9          bls 0x000045de
000045AE  486a          ldr r0,[r1,#0x24]
000045B0  0a28          cmp r0,#0xa
000045B2  14dd          ble 0x000045de
000045B4  486a          ldr r0,[r1,#0x24]
000045B6  1388          ldrh r3,[r2,#0x0]
000045B8  9842          cmp r0,r3
000045BA  01dd          ble 0x000045c0
000045BC  1088          ldrh r0,[r2,#0x0]
000045BE  4862          str r0,[r1,#0x24]
000045C0  486a          ldr r0,[r1,#0x24]
000045C2  8102          lsls r1,r0,#0xa
000045C4  081a          subs r0,r1,r0
000045C6  1188          ldrh r1,[r2,#0x0]
000045C8  09b2          sxth r1,r1
000045CA  fff719ff      bl 0x00004400
000045CE  2080          strh r0,[r4,#0x0]
000045D0  0021          movs r1,#0x0
000045D2  615e          ldrsh r1,[r4,r1]
000045D4  0a48          ldr r0,[0x00004600]
000045D6  8142          cmp r1,r0
000045D8  00dd          ble 0x000045dc
000045DA  2080          strh r0,[r4,#0x0]
000045DC  10bd          pop {r4,pc}
000045DE  0020          movs r0,#0x0
000045E0  fbe7          b 0x000045da
00004604  10b5          push {r4,lr}
00004606  1446          mov r4,r2
00004608  0268          ldr r2,[r0,#0x0]
0000460A  0c4b          ldr r3,[0x0000463c]
0000460C  1a40          ands r2,r3
0000460E  0123          movs r3,#0x1
00004610  5b07          lsls r3,r3,#0x1d
00004612  9a42          cmp r2,r3
00004614  0fd1          bne 0x00004636
00004616  0268          ldr r2,[r0,#0x0]
00004618  0523          movs r3,#0x5
0000461A  520c          lsrs r2,r2,#0x11
0000461C  5204          lsls r2,r2,#0x11
0000461E  db02          lsls r3,r3,#0xb
00004620  1b68          ldr r3,[r3,#0x0]
00004622  5b0c          lsrs r3,r3,#0x11
00004624  5b04          lsls r3,r3,#0x11
00004626  9a42          cmp r2,r3
00004628  05d1          bne 0x00004636
0000462A  00f069fb      bl 0x00004d00
0000462E  a042          cmp r0,r4
00004630  01d1          bne 0x00004636
00004632  0020          movs r0,#0x0
00004634  10bd          pop {r4,pc}
00004636  0120          movs r0,#0x1
00004638  10bd          pop {r4,pc}
00004640  0248          ldr r0,[0x0000464c]
00004642  0021          movs r1,#0x0
00004644  4160          str r1,[r0,#0x4]
00004646  a721          movs r1,#0xa7
00004648  0170          strb r1,[r0,#0x0]
0000464A  7047          bx lr
00004650  10b5          push {r4,lr}
00004652  0d4a          ldr r2,[0x00004688]
00004654  1068          ldr r0,[r2,#0x0]
00004656  0d4b          ldr r3,[0x0000468c]
00004658  9842          cmp r0,r3
0000465A  14d0          beq 0x00004686
0000465C  0c48          ldr r0,[0x00004690]
0000465E  0d49          ldr r1,[0x00004694]
00004660  0478          ldrb r4,[r0,#0x0]
00004662  0c70          strb r4,[r1,#0x0]
00004664  4478          ldrb r4,[r0,#0x1]
00004666  4c70          strb r4,[r1,#0x1]
00004668  8478          ldrb r4,[r0,#0x2]
0000466A  8c70          strb r4,[r1,#0x2]
0000466C  c078          ldrb r0,[r0,#0x3]
0000466E  c870          strb r0,[r1,#0x3]
00004670  0948          ldr r0,[0x00004698]
00004672  0a49          ldr r1,[0x0000469c]
00004674  0478          ldrb r4,[r0,#0x0]
00004676  0c70          strb r4,[r1,#0x0]
00004678  4478          ldrb r4,[r0,#0x1]
0000467A  4c70          strb r4,[r1,#0x1]
0000467C  8078          ldrb r0,[r0,#0x2]
0000467E  8870          strb r0,[r1,#0x2]
00004680  1360          str r3,[r2,#0x0]
00004682  03f007fb      bl 0x00007c94
00004686  10bd          pop {r4,pc}
000046A0  10b5          push {r4,lr}
000046A2  094b          ldr r3,[0x000046c8]
000046A4  0020          movs r0,#0x0
000046A6  1a68          ldr r2,[r3,#0x0]
000046A8  a021          movs r1,#0xa0
000046AA  084c          ldr r4,[0x000046cc]
000046AC  a242          cmp r2,r4
000046AE  0ad0          beq 0x000046c6
000046B0  074a          ldr r2,[0x000046d0]
000046B2  1154          strb r1,[r2,r0]
000046B4  491c          adds r1,r1,#0x1
000046B6  401c          adds r0,r0,#0x1
000046B8  c0b2          uxtb r0,r0
000046BA  c9b2          uxtb r1,r1
000046BC  1028          cmp r0,#0x10
000046BE  f8d3          bcc 0x000046b2
000046C0  1c60          str r4,[r3,#0x0]
000046C2  03f0e7fa      bl 0x00007c94
000046C6  10bd          pop {r4,pc}
000046D4  f0b5          push {r4,r5,r6,r7,lr}
000046D6  3f20          movs r0,#0x3f
000046D8  c002          lsls r0,r0,#0xb
000046DA  85b0          sub sp,#0x14
000046DC  0021          movs r1,#0x0
000046DE  0391          str r1,[sp,#0xc]
000046E0  5e4a          ldr r2,[0x0000485c]
000046E2  525c          ldrb r2,[r2,r1]
000046E4  ff2a          cmp r2,#0xff
000046E6  03d0          beq 0x000046f0
000046E8  039a          ldr r2,[sp,#0xc]
000046EA  521c          adds r2,r2,#0x1
000046EC  d2b2          uxtb r2,r2
000046EE  0392          str r2,[sp,#0xc]
000046F0  491c          adds r1,r1,#0x1
000046F2  c9b2          uxtb r1,r1
000046F4  1229          cmp r1,#0x12
000046F6  f3d3          bcc 0x000046e0
000046F8  0021          movs r1,#0x0
000046FA  0291          str r1,[sp,#0x8]
000046FC  584a          ldr r2,[0x00004860]
000046FE  525c          ldrb r2,[r2,r1]
00004700  ff2a          cmp r2,#0xff
00004702  03d0          beq 0x0000470c
00004704  029a          ldr r2,[sp,#0x8]
00004706  521c          adds r2,r2,#0x1
00004708  d2b2          uxtb r2,r2
0000470A  0292          str r2,[sp,#0x8]
0000470C  491c          adds r1,r1,#0x1
0000470E  c9b2          uxtb r1,r1
00004710  1729          cmp r1,#0x17
00004712  f3d3          bcc 0x000046fc
00004714  0299          ldr r1,[sp,#0x8]
00004716  0029          cmp r1,#0x0
00004718  02d0          beq 0x00004720
0000471A  0399          ldr r1,[sp,#0xc]
0000471C  0029          cmp r1,#0x0
0000471E  7dd1          bne 0x0000481c
00004720  72b6          cpsid i
00004722  5049          ldr r1,[0x00004864]
00004724  504a          ldr r2,[0x00004868]
00004726  1160          str r1,[r2,#0x0]
00004728  0021          movs r1,#0x0
0000472A  00f06ffa      bl 0x00004c0c
0000472E  0020          movs r0,#0x0
00004730  0190          str r0,[sp,#0x4]
00004732  3f24          movs r4,#0x3f
00004734  e402          lsls r4,r4,#0xb
00004736  0027          movs r7,#0x0
00004738  0398          ldr r0,[sp,#0xc]
0000473A  3e46          mov r6,r7
0000473C  2546          mov r5,r4
0000473E  0028          cmp r0,#0x0
00004740  3dd0          beq 0x000047be
00004742  0020          movs r0,#0x0
00004744  0090          str r0,[sp,#0x0]
00004746  4548          ldr r0,[0x0000485c]
00004748  0099          ldr r1,[sp,#0x0]
0000474A  415c          ldrb r1,[r0,r1]
0000474C  2046          mov r0,r4
0000474E  01f0d5fb      bl 0x00005efc
00004752  0098          ldr r0,[sp,#0x0]
00004754  241d          adds r4,r4,#0x4
00004756  401c          adds r0,r0,#0x1
00004758  c0b2          uxtb r0,r0
0000475A  0090          str r0,[sp,#0x0]
0000475C  1228          cmp r0,#0x12
0000475E  f2d3          bcc 0x00004746
00004760  3e4b          ldr r3,[0x0000485c]
00004762  0020          movs r0,#0x0
00004764  02cd          ldmia r5!,{r1}
00004766  1a5c          ldrb r2,[r3,r0]
00004768  8a42          cmp r2,r1
0000476A  01d0          beq 0x00004770
0000476C  7f1c          adds r7,r7,#0x1
0000476E  ffb2          uxtb r7,r7
00004770  401c          adds r0,r0,#0x1
00004772  c0b2          uxtb r0,r0
00004774  1228          cmp r0,#0x12
00004776  f5d3          bcc 0x00004764
00004778  0298          ldr r0,[sp,#0x8]
0000477A  3c4d          ldr r5,[0x0000486c]
0000477C  0028          cmp r0,#0x0
0000477E  36d0          beq 0x000047ee
00004780  0020          movs r0,#0x0
00004782  0090          str r0,[sp,#0x0]
00004784  3648          ldr r0,[0x00004860]
00004786  0099          ldr r1,[sp,#0x0]
00004788  415c          ldrb r1,[r0,r1]
0000478A  2046          mov r0,r4
0000478C  01f0b6fb      bl 0x00005efc
00004790  0098          ldr r0,[sp,#0x0]
00004792  241d          adds r4,r4,#0x4
00004794  401c          adds r0,r0,#0x1
00004796  c0b2          uxtb r0,r0
00004798  0090          str r0,[sp,#0x0]
0000479A  1728          cmp r0,#0x17
0000479C  f2d3          bcc 0x00004784
0000479E  304a          ldr r2,[0x00004860]
000047A0  0020          movs r0,#0x0
000047A2  02cd          ldmia r5!,{r1}
000047A4  135c          ldrb r3,[r2,r0]
000047A6  8b42          cmp r3,r1
000047A8  01d0          beq 0x000047ae
000047AA  761c          adds r6,r6,#0x1
000047AC  f6b2          uxtb r6,r6
000047AE  401c          adds r0,r0,#0x1
000047B0  c0b2          uxtb r0,r0
000047B2  1728          cmp r0,#0x17
000047B4  f5d3          bcc 0x000047a2
000047B6  3e43          orrs r6,r7
000047B8  37d0          beq 0x0000482a
000047BA  0198          ldr r0,[sp,#0x4]
000047BC  37e0          b 0x0000482e
000047BE  0020          movs r0,#0x0
000047C0  0090          str r0,[sp,#0x0]
000047C2  3021          movs r1,#0x30
000047C4  2046          mov r0,r4
000047C6  01f099fb      bl 0x00005efc
000047CA  0098          ldr r0,[sp,#0x0]
000047CC  241d          adds r4,r4,#0x4
000047CE  401c          adds r0,r0,#0x1
000047D0  c0b2          uxtb r0,r0
000047D2  0090          str r0,[sp,#0x0]
000047D4  1228          cmp r0,#0x12
000047D6  f4d3          bcc 0x000047c2
000047D8  0020          movs r0,#0x0
000047DA  02cd          ldmia r5!,{r1}
000047DC  3029          cmp r1,#0x30
000047DE  01d0          beq 0x000047e4
000047E0  7f1c          adds r7,r7,#0x1
000047E2  ffb2          uxtb r7,r7
000047E4  401c          adds r0,r0,#0x1
000047E6  c0b2          uxtb r0,r0
000047E8  1228          cmp r0,#0x12
000047EA  f6d3          bcc 0x000047da
000047EC  c4e7          b 0x00004778
000047EE  0020          movs r0,#0x0
000047F0  0090          str r0,[sp,#0x0]
000047F2  1f48          ldr r0,[0x00004870]
000047F4  0099          ldr r1,[sp,#0x0]
000047F6  415c          ldrb r1,[r0,r1]
000047F8  2046          mov r0,r4
000047FA  01f07ffb      bl 0x00005efc
000047FE  0098          ldr r0,[sp,#0x0]
00004800  241d          adds r4,r4,#0x4
00004802  401c          adds r0,r0,#0x1
00004804  c0b2          uxtb r0,r0
00004806  0090          str r0,[sp,#0x0]
00004808  1728          cmp r0,#0x17
0000480A  f2d3          bcc 0x000047f2
0000480C  184a          ldr r2,[0x00004870]
0000480E  0020          movs r0,#0x0
00004810  02cd          ldmia r5!,{r1}
00004812  135c          ldrb r3,[r2,r0]
00004814  8b42          cmp r3,r1
00004816  03d0          beq 0x00004820
00004818  761c          adds r6,r6,#0x1
0000481A  00e0          b 0x0000481e
0000481C  16e0          b 0x0000484c
0000481E  f6b2          uxtb r6,r6
00004820  401c          adds r0,r0,#0x1
00004822  c0b2          uxtb r0,r0
00004824  1728          cmp r0,#0x17
00004826  f3d3          bcc 0x00004810
00004828  c5e7          b 0x000047b6
0000482A  0a20          movs r0,#0xa
0000482C  0190          str r0,[sp,#0x4]
0000482E  401c          adds r0,r0,#0x1
00004830  c0b2          uxtb r0,r0
00004832  0190          str r0,[sp,#0x4]
00004834  0828          cmp r0,#0x8
00004836  00d2          bcs 0x0000483a
00004838  7be7          b 0x00004732
0000483A  07d1          bne 0x0000484c
0000483C  0a49          ldr r1,[0x00004868]
0000483E  0948          ldr r0,[0x00004864]
00004840  0860          str r0,[r1,#0x0]
00004842  3f20          movs r0,#0x3f
00004844  0021          movs r1,#0x0
00004846  c002          lsls r0,r0,#0xb
00004848  00f0e0f9      bl 0x00004c0c
0000484C  0020          movs r0,#0x0
0000484E  401c          adds r0,r0,#0x1
00004850  c0b2          uxtb r0,r0
00004852  1728          cmp r0,#0x17
00004854  fbd3          bcc 0x0000484e
00004856  62b6          cpsie i
00004858  05b0          add sp,#0x14
0000485A  f0bd          pop {r4,r5,r6,r7,pc}
00004874  f8b5          push {r3,r4,r5,r6,r7,lr}
00004876  0e4c          ldr r4,[0x000048b0]
00004878  0c4e          ldr r6,[0x000048ac]
0000487A  a662          str r6,[r4,#0x28]
0000487C  0d48          ldr r0,[0x000048b4]
0000487E  6062          str r0,[r4,#0x24]
00004880  0025          movs r5,#0x0
00004882  6562          str r5,[r4,#0x24]
00004884  0c48          ldr r0,[0x000048b8]
00004886  8707          lsls r7,r0,#0x1e
00004888  7862          str r0,[r7,#0x24]
0000488A  0120          movs r0,#0x1
0000488C  03f088f9      bl 0x00007ba0
00004890  6420          movs r0,#0x64
00004892  03f013ff      bl 0x000086bc
00004896  0120          movs r0,#0x1
00004898  03f0dcf8      bl 0x00007a54
0000489C  a662          str r6,[r4,#0x28]
0000489E  a561          str r5,[r4,#0x18]
000048A0  0648          ldr r0,[0x000048bc]
000048A2  e061          str r0,[r4,#0x1c]
000048A4  0120          movs r0,#0x1
000048A6  7861          str r0,[r7,#0x14]
000048A8  a562          str r5,[r4,#0x28]
000048AA  f8bd          pop {r3,r4,r5,r6,r7,pc}
000048C0  0348          ldr r0,[0x000048d0]
000048C2  0121          movs r1,#0x1
000048C4  4160          str r1,[r0,#0x4]
000048C6  0021          movs r1,#0x0
000048C8  8160          str r1,[r0,#0x8]
000048CA  0249          ldr r1,[0x000048d4]
000048CC  c160          str r1,[r0,#0xc]
000048CE  7047          bx lr
000048D8  30b5          push {r4,r5,lr}
000048DA  0546          mov r5,r0
000048DC  0020          movs r0,#0x0
000048DE  0246          mov r2,r0
000048E0  10e0          b 0x00004904
000048E2  030a          lsrs r3,r0,#0x8
000048E4  0002          lsls r0,r0,#0x8
000048E6  0343          orrs r3,r0
000048E8  a85c          ldrb r0,[r5,r2]
000048EA  9bb2          uxth r3,r3
000048EC  5840          eors r0,r3
000048EE  0306          lsls r3,r0,#0x18
000048F0  1c0f          lsrs r4,r3,#0x1c
000048F2  4440          eors r4,r0
000048F4  2007          lsls r0,r4,#0x1c
000048F6  030c          lsrs r3,r0,#0x10
000048F8  6340          eors r3,r4
000048FA  1806          lsls r0,r3,#0x18
000048FC  c00c          lsrs r0,r0,#0x13
000048FE  5840          eors r0,r3
00004900  521c          adds r2,r2,#0x1
00004902  d2b2          uxtb r2,r2
00004904  8a42          cmp r2,r1
00004906  ecd3          bcc 0x000048e2
00004908  30bd          pop {r4,r5,pc}
0000490A  10b5          push {r4,lr}
0000490C  0028          cmp r0,#0x0
0000490E  05d0          beq 0x0000491c
00004910  0128          cmp r0,#0x1
00004912  02d1          bne 0x0000491a
00004914  4002          lsls r0,r0,#0x9
00004916  03f08df8      bl 0x00007a34
0000491A  10bd          pop {r4,pc}
0000491C  0120          movs r0,#0x1
0000491E  0003          lsls r0,r0,#0xc
00004920  f9e7          b 0x00004916
00004922  08b5          push {r3,lr}
00004924  6846          mov r0,sp
00004926  00f08bf8      bl 0x00004a40
0000492A  0020          movs r0,#0x0
0000492C  6946          mov r1,sp
0000492E  0090          str r0,[sp,#0x0]
00004930  00f00af8      bl 0x00004948
00004934  cb21          movs r1,#0xcb
00004936  0020          movs r0,#0x0
00004938  00f074f8      bl 0x00004a24
0000493C  0121          movs r1,#0x1
0000493E  0020          movs r0,#0x0
00004940  fff7e3ff      bl 0x0000490a
00004944  08bd          pop {r3,pc}
00004948  f8b5          push {r3,r4,r5,r6,r7,lr}
0000494A  0c46          mov r4,r1
0000494C  324f          ldr r7,[0x00004a18]
0000494E  3149          ldr r1,[0x00004a14]
00004950  b962          str r1,[r7,#0x28]
00004952  fe05          lsls r6,r7,#0x17
00004954  7269          ldr r2,[r6,#0x14]
00004956  811d          adds r1,r0,#0x6
00004958  0123          movs r3,#0x1
0000495A  8b40          lsls r3,r1
0000495C  9a43          bics r2,r3
0000495E  7261          str r2,[r6,#0x14]
00004960  7269          ldr r2,[r6,#0x14]
00004962  2378          ldrb r3,[r4,#0x0]
00004964  8b40          lsls r3,r1
00004966  1a43          orrs r2,r3
00004968  7261          str r2,[r6,#0x14]
0000496A  2b4d          ldr r5,[0x00004a18]
0000496C  403d          subs r5,#0x40
0000496E  0028          cmp r0,#0x0
00004970  02d0          beq 0x00004978
00004972  0128          cmp r0,#0x1
00004974  24d0          beq 0x000049c0
00004976  4ae0          b 0x00004a0e
00004978  7069          ldr r0,[r6,#0x14]
0000497A  4006          lsls r0,r0,#0x19
0000497C  06d5          bpl 0x0000498c
0000497E  2748          ldr r0,[0x00004a1c]
00004980  fff736f9      bl 0x00003bf0
00004984  e862          str r0,[r5,#0x2c]
00004986  2548          ldr r0,[0x00004a1c]
00004988  001f          subs r0,r0,#0x4
0000498A  0ae0          b 0x000049a2
0000498C  7069          ldr r0,[r6,#0x14]
0000498E  8009          lsrs r0,r0,#0x6
00004990  c007          lsls r0,r0,#0x1f
00004992  09d1          bne 0x000049a8
00004994  2148          ldr r0,[0x00004a1c]
00004996  0838          subs r0,#0x8
00004998  fff72af9      bl 0x00003bf0
0000499C  e862          str r0,[r5,#0x2c]
0000499E  1f48          ldr r0,[0x00004a1c]
000049A0  0c38          subs r0,#0xc
000049A2  fff725f9      bl 0x00003bf0
000049A6  a862          str r0,[r5,#0x28]
000049A8  e869          ldr r0,[r5,#0x1c]
000049AA  e178          ldrb r1,[r4,#0x3]
000049AC  0843          orrs r0,r1
000049AE  0221          movs r1,#0x2
000049B0  6156          ldrsb r1,[r4,r1]
000049B2  0901          lsls r1,r1,#0x4
000049B4  0843          orrs r0,r1
000049B6  e861          str r0,[r5,#0x1c]
000049B8  f069          ldr r0,[r6,#0x1c]
000049BA  6178          ldrb r1,[r4,#0x1]
000049BC  c902          lsls r1,r1,#0xb
000049BE  24e0          b 0x00004a0a
000049C0  7069          ldr r0,[r6,#0x14]
000049C2  0006          lsls r0,r0,#0x18
000049C4  07d5          bpl 0x000049d6
000049C6  1548          ldr r0,[0x00004a1c]
000049C8  1030          adds r0,#0x10
000049CA  fff711f9      bl 0x00003bf0
000049CE  6863          str r0,[r5,#0x34]
000049D0  1248          ldr r0,[0x00004a1c]
000049D2  0c30          adds r0,#0xc
000049D4  0ae0          b 0x000049ec
000049D6  7069          ldr r0,[r6,#0x14]
000049D8  c009          lsrs r0,r0,#0x7
000049DA  c007          lsls r0,r0,#0x1f
000049DC  09d1          bne 0x000049f2
000049DE  0f48          ldr r0,[0x00004a1c]
000049E0  0830          adds r0,#0x8
000049E2  fff705f9      bl 0x00003bf0
000049E6  6863          str r0,[r5,#0x34]
000049E8  a320          movs r0,#0xa3
000049EA  4001          lsls r0,r0,#0x5
000049EC  fff700f9      bl 0x00003bf0
000049F0  2863          str r0,[r5,#0x30]
000049F2  0220          movs r0,#0x2
000049F4  2056          ldrsb r0,[r4,r0]
000049F6  e178          ldrb r1,[r4,#0x3]
000049F8  0003          lsls r0,r0,#0xc
000049FA  0902          lsls r1,r1,#0x8
000049FC  0843          orrs r0,r1
000049FE  e969          ldr r1,[r5,#0x1c]
00004A00  0843          orrs r0,r1
00004A02  e861          str r0,[r5,#0x1c]
00004A04  f069          ldr r0,[r6,#0x1c]
00004A06  6178          ldrb r1,[r4,#0x1]
00004A08  c903          lsls r1,r1,#0xf
00004A0A  0843          orrs r0,r1
00004A0C  f061          str r0,[r6,#0x1c]
00004A0E  0448          ldr r0,[0x00004a20]
00004A10  b862          str r0,[r7,#0x28]
00004A12  f8bd          pop {r3,r4,r5,r6,r7,pc}
00004A24  0905          lsls r1,r1,#0x14
00004A26  090d          lsrs r1,r1,#0x14
00004A28  044a          ldr r2,[0x00004a3c]
00004A2A  0028          cmp r0,#0x0
00004A2C  03d0          beq 0x00004a36
00004A2E  0128          cmp r0,#0x1
00004A30  00d1          bne 0x00004a34
00004A32  5162          str r1,[r2,#0x24]
00004A34  7047          bx lr
00004A36  1162          str r1,[r2,#0x20]
00004A38  7047          bx lr
00004A40  10b5          push {r4,lr}
00004A42  0421          movs r1,#0x4
00004A44  fdf7faff      bl 0x00002a3c
00004A48  10bd          pop {r4,pc}
00004A4A  10b5          push {r4,lr}
00004A4C  0121          movs r1,#0x1
00004A4E  4804          lsls r0,r1,#0x11
00004A50  03f094f8      bl 0x00007b7c
00004A54  10bd          pop {r4,pc}
00004A58  f0b5          push {r4,r5,r6,r7,lr}
00004A5A  9446          mov r12,r2
00004A5C  0246          mov r2,r0
00004A5E  0023          movs r3,#0x0
00004A60  13e0          b 0x00004a8a
00004A62  0b4e          ldr r6,[0x00004a90]
00004A64  0b48          ldr r0,[0x00004a94]
00004A66  7468          ldr r4,[r6,#0x4]
00004A68  d75c          ldrb r7,[r2,r3]
00004A6A  2507          lsls r5,r4,#0x1c
00004A6C  2d0f          lsrs r5,r5,#0x1c
00004A6E  405d          ldrb r0,[r0,r5]
00004A70  4740          eors r7,r0
00004A72  3078          ldrb r0,[r6,#0x0]
00004A74  381a          subs r0,r7,r0
00004A76  074f          ldr r7,[0x00004a94]
00004A78  001b          subs r0,r0,r4
00004A7A  c854          strb r0,[r1,r3]
00004A7C  1037          adds r7,#0x10
00004A7E  7d5d          ldrb r5,[r7,r5]
00004A80  641c          adds r4,r4,#0x1
00004A82  4019          adds r0,r0,r5
00004A84  3070          strb r0,[r6,#0x0]
00004A86  5b1c          adds r3,r3,#0x1
00004A88  7460          str r4,[r6,#0x4]
00004A8A  6345          cmp r3,r12
00004A8C  e9d3          bcc 0x00004a62
00004A8E  f0bd          pop {r4,r5,r6,r7,pc}
00004A98  0648          ldr r0,[0x00004ab4]
00004A9A  0549          ldr r1,[0x00004ab0]
00004A9C  0160          str r1,[r0,#0x0]
00004A9E  0549          ldr r1,[0x00004ab4]
00004AA0  4039          subs r1,#0x40
00004AA2  0a6b          ldr r2,[r1,#0x30]
00004AA4  044b          ldr r3,[0x00004ab8]
00004AA6  1a40          ands r2,r3
00004AA8  0a63          str r2,[r1,#0x30]
00004AAA  0449          ldr r1,[0x00004abc]
00004AAC  0160          str r1,[r0,#0x0]
00004AAE  7047          bx lr
00004AE8  0849          ldr r1,[0x00004b0c]
00004AEA  0748          ldr r0,[0x00004b08]
00004AEC  0860          str r0,[r1,#0x0]
00004AEE  0748          ldr r0,[0x00004b0c]
00004AF0  074a          ldr r2,[0x00004b10]
00004AF2  4038          subs r0,#0x40
00004AF4  0262          str r2,[r0,#0x20]
00004AF6  074a          ldr r2,[0x00004b14]
00004AF8  4262          str r2,[r0,#0x24]
00004AFA  026b          ldr r2,[r0,#0x30]
00004AFC  4023          movs r3,#0x40
00004AFE  1a43          orrs r2,r3
00004B00  0263          str r2,[r0,#0x30]
00004B02  0548          ldr r0,[0x00004b18]
00004B04  0860          str r0,[r1,#0x0]
00004B06  7047          bx lr
00004B1C  084a          ldr r2,[0x00004b40]
00004B1E  0748          ldr r0,[0x00004b3c]
00004B20  1060          str r0,[r2,#0x0]
00004B22  0748          ldr r0,[0x00004b40]
00004B24  0749          ldr r1,[0x00004b44]
00004B26  4038          subs r0,#0x40
00004B28  0162          str r1,[r0,#0x20]
00004B2A  4162          str r1,[r0,#0x24]
00004B2C  016b          ldr r1,[r0,#0x30]
00004B2E  4023          movs r3,#0x40
00004B30  1943          orrs r1,r3
00004B32  0163          str r1,[r0,#0x30]
00004B34  0448          ldr r0,[0x00004b48]
00004B36  1060          str r0,[r2,#0x0]
00004B38  7047          bx lr
00004B4C  70b5          push {r4,r5,r6,lr}
00004B4E  2749          ldr r1,[0x00004bec]
00004B50  0020          movs r0,#0x0
00004B52  0978          ldrb r1,[r1,#0x0]
00004B54  264a          ldr r2,[0x00004bf0]
00004B56  135e          ldrsh r3,[r2,r0]
00004B58  264c          ldr r4,[0x00004bf4]
00004B5A  3c2b          cmp r3,#0x3c
00004B5C  38db          blt 0x00004bd0
00004B5E  135e          ldrsh r3,[r2,r0]
00004B60  254d          ldr r5,[0x00004bf8]
00004B62  2d88          ldrh r5,[r5,#0x0]
00004B64  143b          subs r3,#0x14
00004B66  ab42          cmp r3,r5
00004B68  32dd          ble 0x00004bd0
00004B6A  244b          ldr r3,[0x00004bfc]
00004B6C  1d56          ldrsb r5,[r3,r0]
00004B6E  2d2d          cmp r5,#0x2d
00004B70  2eda          bge 0x00004bd0
00004B72  1d56          ldrsb r5,[r3,r0]
00004B74  002d          cmp r5,#0x0
00004B76  2bdd          ble 0x00004bd0
00004B78  214b          ldr r3,[0x00004c00]
00004B7A  5b78          ldrb r3,[r3,#0x1]
00004B7C  5a2b          cmp r3,#0x5a
00004B7E  02d3          bcc 0x00004b86
00004B80  3c29          cmp r1,#0x3c
00004B82  00d9          bls 0x00004b86
00004B84  3c21          movs r1,#0x3c
00004B86  0023          movs r3,#0x0
00004B88  d35e          ldrsh r3,[r2,r3]
00004B8A  502b          cmp r3,#0x50
00004B8C  0fdd          ble 0x00004bae
00004B8E  1d4a          ldr r2,[0x00004c04]
00004B90  1e29          cmp r1,#0x1e
00004B92  05d0          beq 0x00004ba0
00004B94  3c29          cmp r1,#0x3c
00004B96  05d0          beq 0x00004ba4
00004B98  5a29          cmp r1,#0x5a
00004B9A  06d0          beq 0x00004baa
00004B9C  0021          movs r1,#0x0
00004B9E  02e0          b 0x00004ba6
00004BA0  9188          ldrh r1,[r2,#0x4]
00004BA2  00e0          b 0x00004ba6
00004BA4  d188          ldrh r1,[r2,#0x6]
00004BA6  2180          strh r1,[r4,#0x0]
00004BA8  13e0          b 0x00004bd2
00004BAA  1189          ldrh r1,[r2,#0x8]
00004BAC  fbe7          b 0x00004ba6
00004BAE  0021          movs r1,#0x0
00004BB0  515e          ldrsh r1,[r2,r1]
00004BB2  3c29          cmp r1,#0x3c
00004BB4  0ddd          ble 0x00004bd2
00004BB6  2188          ldrh r1,[r4,#0x0]
00004BB8  0029          cmp r1,#0x0
00004BBA  0ad0          beq 0x00004bd2
00004BBC  2088          ldrh r0,[r4,#0x0]
00004BBE  1421          movs r1,#0x14
00004BC0  4843          muls r0,r1
00004BC2  0021          movs r1,#0x0
00004BC4  515e          ldrsh r1,[r2,r1]
00004BC6  3c39          subs r1,#0x3c
00004BC8  fdf74aff      bl 0x00002a60
00004BCC  80b2          uxth r0,r0
00004BCE  00e0          b 0x00004bd2
00004BD0  2088          ldrh r0,[r4,#0x0]
00004BD2  2188          ldrh r1,[r4,#0x0]
00004BD4  8842          cmp r0,r1
00004BD6  00d9          bls 0x00004bda
00004BD8  2088          ldrh r0,[r4,#0x0]
00004BDA  2188          ldrh r1,[r4,#0x0]
00004BDC  0a4c          ldr r4,[0x00004c08]
00004BDE  091a          subs r1,r1,r0
00004BE0  0522          movs r2,#0x5
00004BE2  2088          ldrh r0,[r4,#0x0]
00004BE4  05f034f9      bl 0x00009e50
00004BE8  2080          strh r0,[r4,#0x0]
00004BEA  70bd          pop {r4,r5,r6,pc}
00004C0C  f0b5          push {r4,r5,r6,r7,lr}
00004C0E  8c46          mov r12,r1
00004C10  0146          mov r1,r0
00004C12  1c48          ldr r0,[0x00004c84]
00004C14  1a4a          ldr r2,[0x00004c80]
00004C16  8262          str r2,[r0,#0x28]
00004C18  1a48          ldr r0,[0x00004c84]
00004C1A  1b4a          ldr r2,[0x00004c88]
00004C1C  4030          adds r0,#0x40
00004C1E  0261          str r2,[r0,#0x10]
00004C20  1a4a          ldr r2,[0x00004c8c]
00004C22  1068          ldr r0,[r2,#0x0]
00004C24  1a4f          ldr r7,[0x00004c90]
00004C26  0123          movs r3,#0x1
00004C28  1a4c          ldr r4,[0x00004c94]
00004C2A  5b04          lsls r3,r3,#0x11
00004C2C  b842          cmp r0,r7
00004C2E  0ed1          bne 0x00004c4e
00004C30  194d          ldr r5,[0x00004c98]
00004C32  1a48          ldr r0,[0x00004c9c]
00004C34  1668          ldr r6,[r2,#0x0]
00004C36  6e40          eors r6,r5
00004C38  4640          eors r6,r0
00004C3A  3068          ldr r0,[r6,#0x0]
00004C3C  2040          ands r0,r4
00004C3E  3060          str r0,[r6,#0x0]
00004C40  5960          str r1,[r3,#0x4]
00004C42  3068          ldr r0,[r6,#0x0]
00004C44  6146          mov r1,r12
00004C46  9d03          lsls r5,r3,#0xe
00004C48  4919          adds r1,r1,r5
00004C4A  0843          orrs r0,r1
00004C4C  3060          str r0,[r6,#0x0]
00004C4E  1168          ldr r1,[r2,#0x0]
00004C50  0020          movs r0,#0x0
00004C52  b942          cmp r1,r7
00004C54  0ad1          bne 0x00004c6c
00004C56  1249          ldr r1,[0x00004ca0]
00004C58  124e          ldr r6,[0x00004ca4]
00004C5A  1568          ldr r5,[r2,#0x0]
00004C5C  4d40          eors r5,r1
00004C5E  7540          eors r5,r6
00004C60  1149          ldr r1,[0x00004ca8]
00004C62  2960          str r1,[r5,#0x0]
00004C64  1968          ldr r1,[r3,#0x0]
00004C66  2140          ands r1,r4
00004C68  1960          str r1,[r3,#0x0]
00004C6A  1060          str r0,[r2,#0x0]
00004C6C  1968          ldr r1,[r3,#0x0]
00004C6E  2140          ands r1,r4
00004C70  1960          str r1,[r3,#0x0]
00004C72  1060          str r0,[r2,#0x0]
00004C74  0349          ldr r1,[0x00004c84]
00004C76  4031          adds r1,#0x40
00004C78  4861          str r0,[r1,#0x14]
00004C7A  0249          ldr r1,[0x00004c84]
00004C7C  8862          str r0,[r1,#0x28]
00004C7E  f0bd          pop {r4,r5,r6,r7,pc}
00004CAC  0949          ldr r1,[0x00004cd4]
00004CAE  0020          movs r0,#0x0
00004CB0  4875          strb r0,[r1,#0x15]
00004CB2  8870          strb r0,[r1,#0x2]
00004CB4  c864          str r0,[r1,#0x4c]
00004CB6  084a          ldr r2,[0x00004cd8]
00004CB8  1070          strb r0,[r2,#0x0]
00004CBA  084a          ldr r2,[0x00004cdc]
00004CBC  1070          strb r0,[r2,#0x0]
00004CBE  4874          strb r0,[r1,#0x11]
00004CC0  8874          strb r0,[r1,#0x12]
00004CC2  c874          strb r0,[r1,#0x13]
00004CC4  0875          strb r0,[r1,#0x14]
00004CC6  8886          strh r0,[r1,#0x34]
00004CC8  c865          str r0,[r1,#0x5c]
00004CCA  2031          adds r1,#0x20
00004CCC  4870          strb r0,[r1,#0x1]
00004CCE  8870          strb r0,[r1,#0x2]
00004CD0  7047          bx lr
00004CE0  30b5          push {r4,r5,lr}
00004CE2  0b46          mov r3,r1
00004CE4  a1b0          sub sp,#0x84
00004CE6  0546          mov r5,r0
00004CE8  1446          mov r4,r2
00004CEA  6946          mov r1,sp
00004CEC  1846          mov r0,r3
00004CEE  fff7b3fe      bl 0x00004a58
00004CF2  2246          mov r2,r4
00004CF4  6946          mov r1,sp
00004CF6  2846          mov r0,r5
00004CF8  00f0d8f8      bl 0x00004eac
00004CFC  21b0          add sp,#0x84
00004CFE  30bd          pop {r4,r5,pc}
00004D00  f8b5          push {r3,r4,r5,r6,r7,lr}
00004D02  0023          movs r3,#0x0
00004D04  0c4f          ldr r7,[0x00004d38]
00004D06  0122          movs r2,#0x1
00004D08  7a60          str r2,[r7,#0x4]
00004D0A  6d46          mov r5,sp
00004D0C  ff24          movs r4,#0xff
00004D0E  0fe0          b 0x00004d30
00004D10  0022          movs r2,#0x0
00004D12  9e18          adds r6,r3,r2
00004D14  8e42          cmp r6,r1
00004D16  01d3          bcc 0x00004d1c
00004D18  ac54          strb r4,[r5,r2]
00004D1A  01e0          b 0x00004d20
00004D1C  865c          ldrb r6,[r0,r2]
00004D1E  ae54          strb r6,[r5,r2]
00004D20  521c          adds r2,r2,#0x1
00004D22  d2b2          uxtb r2,r2
00004D24  042a          cmp r2,#0x4
00004D26  f4d3          bcc 0x00004d12
00004D28  009a          ldr r2,[sp,#0x0]
00004D2A  3a60          str r2,[r7,#0x0]
00004D2C  001d          adds r0,r0,#0x4
00004D2E  1b1d          adds r3,r3,#0x4
00004D30  8b42          cmp r3,r1
00004D32  edd3          bcc 0x00004d10
00004D34  3868          ldr r0,[r7,#0x0]
00004D36  f8bd          pop {r3,r4,r5,r6,r7,pc}
00004D3C  10b5          push {r4,lr}
00004D3E  0146          mov r1,r0
00004D40  0820          movs r0,#0x8
00004D42  02f01bff      bl 0x00007b7c
00004D46  10bd          pop {r4,pc}
00004D48  4168          ldr r1,[r0,#0x4]
00004D4A  0a02          lsls r2,r1,#0x8
00004D4C  c179          ldrb r1,[r0,#0x7]
00004D4E  120a          lsrs r2,r2,#0x8
00004D50  0905          lsls r1,r1,#0x14
00004D52  0a43          orrs r2,r1
00004D54  017a          ldrb r1,[r0,#0x8]
00004D56  0906          lsls r1,r1,#0x18
00004D58  0a43          orrs r2,r1
00004D5A  417a          ldrb r1,[r0,#0x9]
00004D5C  0907          lsls r1,r1,#0x1c
00004D5E  0a43          orrs r2,r1
00004D60  817a          ldrb r1,[r0,#0xa]
00004D62  4907          lsls r1,r1,#0x1d
00004D64  0a43          orrs r2,r1
00004D66  c17a          ldrb r1,[r0,#0xb]
00004D68  8907          lsls r1,r1,#0x1e
00004D6A  0a43          orrs r2,r1
00004D6C  0349          ldr r1,[0x00004d7c]
00004D6E  0a60          str r2,[r1,#0x0]
00004D70  0068          ldr r0,[r0,#0x0]
00004D72  c860          str r0,[r1,#0xc]
00004D74  0020          movs r0,#0x0
00004D76  4860          str r0,[r1,#0x4]
00004D78  7047          bx lr
00004D80  0eb5          push {r1,r2,r3,lr}
00004D82  6846          mov r0,sp
00004D84  00f018f8      bl 0x00004db8
00004D88  0120          movs r0,#0x1
00004D8A  4002          lsls r0,r0,#0x9
00004D8C  6a46          mov r2,sp
00004D8E  9080          strh r0,[r2,#0x4]
00004D90  0020          movs r0,#0x0
00004D92  9071          strb r0,[r2,#0x6]
00004D94  d071          strb r0,[r2,#0x7]
00004D96  0121          movs r1,#0x1
00004D98  1172          strb r1,[r2,#0x8]
00004D9A  5172          strb r1,[r2,#0x9]
00004D9C  9172          strb r1,[r2,#0xa]
00004D9E  d072          strb r0,[r2,#0xb]
00004DA0  0448          ldr r0,[0x00004db4]
00004DA2  0090          str r0,[sp,#0x0]
00004DA4  6846          mov r0,sp
00004DA6  fff7cfff      bl 0x00004d48
00004DAA  0120          movs r0,#0x1
00004DAC  fff7c6ff      bl 0x00004d3c
00004DB0  0ebd          pop {r1,r2,r3,pc}
00004DB8  0649          ldr r1,[0x00004dd4]
00004DBA  8180          strh r1,[r0,#0x4]
00004DBC  0021          movs r1,#0x0
00004DBE  8171          strb r1,[r0,#0x6]
00004DC0  0122          movs r2,#0x1
00004DC2  c271          strb r2,[r0,#0x7]
00004DC4  0272          strb r2,[r0,#0x8]
00004DC6  4272          strb r2,[r0,#0x9]
00004DC8  7d22          movs r2,#0x7d
00004DCA  8172          strb r1,[r0,#0xa]
00004DCC  d200          lsls r2,r2,#0x3
00004DCE  0260          str r2,[r0,#0x0]
00004DD0  c172          strb r1,[r0,#0xb]
00004DD2  7047          bx lr
00004DD8  054a          ldr r2,[0x00004df0]
00004DDA  5268          ldr r2,[r2,#0x4]
00004DDC  ca40          lsrs r2,r1
00004DDE  d107          lsls r1,r2,#0x1f
00004DE0  c90f          lsrs r1,r1,#0x1f
00004DE2  0170          strb r1,[r0,#0x0]
00004DE4  0078          ldrb r0,[r0,#0x0]
00004DE6  0028          cmp r0,#0x0
00004DE8  00d0          beq 0x00004dec
00004DEA  0120          movs r0,#0x1
00004DEC  7047          bx lr
00004DF4  f0b5          push {r4,r5,r6,r7,lr}
00004DF6  2b4d          ldr r5,[0x00004ea4]
00004DF8  e868          ldr r0,[r5,#0xc]
00004DFA  8168          ldr r1,[r0,#0x8]
00004DFC  8a06          lsls r2,r1,#0x1a
00004DFE  0121          movs r1,#0x1
00004E00  002a          cmp r2,#0x0
00004E02  00da          bge 0x00004e06
00004E04  2970          strb r1,[r5,#0x0]
00004E06  8268          ldr r2,[r0,#0x8]
00004E08  0026          movs r6,#0x0
00004E0A  d207          lsls r2,r2,#0x1f
00004E0C  002a          cmp r2,#0x0
00004E0E  47d0          beq 0x00004ea0
00004E10  0121          movs r1,#0x1
00004E12  6970          strb r1,[r5,#0x1]
00004E14  e978          ldrb r1,[r5,#0x3]
00004E16  2b79          ldrb r3,[r5,#0x4]
00004E18  4a1e          subs r2,r1,#0x1
00004E1A  234c          ldr r4,[0x00004ea8]
00004E1C  d2b2          uxtb r2,r2
00004E1E  9942          cmp r1,r3
00004E20  02d1          bne 0x00004e28
00004E22  ea70          strb r2,[r5,#0x3]
00004E24  2178          ldrb r1,[r4,#0x0]
00004E26  36e0          b 0x00004e96
00004E28  5d1e          subs r5,r3,#0x1
00004E2A  1027          movs r7,#0x10
00004E2C  a942          cmp r1,r5
00004E2E  06d1          bne 0x00004e3e
00004E30  1c49          ldr r1,[0x00004ea4]
00004E32  ca70          strb r2,[r1,#0x3]
00004E34  6178          ldrb r1,[r4,#0x1]
00004E36  c160          str r1,[r0,#0xc]
00004E38  0221          movs r1,#0x2
00004E3A  0161          str r1,[r0,#0x10]
00004E3C  10e0          b 0x00004e60
00004E3E  194d          ldr r5,[0x00004ea4]
00004E40  9b1e          subs r3,r3,#0x2
00004E42  9942          cmp r1,r3
00004E44  01d1          bne 0x00004e4a
00004E46  ea70          strb r2,[r5,#0x3]
00004E48  0ae0          b 0x00004e60
00004E4A  164b          ldr r3,[0x00004ea4]
00004E4C  5b79          ldrb r3,[r3,#0x5]
00004E4E  5d1c          adds r5,r3,#0x1
00004E50  edb2          uxtb r5,r5
00004E52  0129          cmp r1,#0x1
00004E54  06d9          bls 0x00004e64
00004E56  1349          ldr r1,[0x00004ea4]
00004E58  ca70          strb r2,[r1,#0x3]
00004E5A  c268          ldr r2,[r0,#0xc]
00004E5C  e254          strb r2,[r4,r3]
00004E5E  4d71          strb r5,[r1,#0x5]
00004E60  8760          str r7,[r0,#0x8]
00004E62  f0bd          pop {r4,r5,r6,r7,pc}
00004E64  0f4a          ldr r2,[0x00004ea4]
00004E66  0129          cmp r1,#0x1
00004E68  09d0          beq 0x00004e7e
00004E6A  9179          ldrb r1,[r2,#0x6]
00004E6C  1346          mov r3,r2
00004E6E  0a33          adds r3,#0xa
00004E70  0329          cmp r1,#0x3
00004E72  09d0          beq 0x00004e88
00004E74  0229          cmp r1,#0x2
00004E76  0bd0          beq 0x00004e90
00004E78  0129          cmp r1,#0x1
00004E7A  10d0          beq 0x00004e9e
00004E7C  10e0          b 0x00004ea0
00004E7E  d670          strb r6,[r2,#0x3]
00004E80  c168          ldr r1,[r0,#0xc]
00004E82  e154          strb r1,[r4,r3]
00004E84  5571          strb r5,[r2,#0x5]
00004E86  0be0          b 0x00004ea0
00004E88  0221          movs r1,#0x2
00004E8A  9171          strb r1,[r2,#0x6]
00004E8C  1978          ldrb r1,[r3,#0x0]
00004E8E  02e0          b 0x00004e96
00004E90  0121          movs r1,#0x1
00004E92  9171          strb r1,[r2,#0x6]
00004E94  5978          ldrb r1,[r3,#0x1]
00004E96  c160          str r1,[r0,#0xc]
00004E98  0421          movs r1,#0x4
00004E9A  8160          str r1,[r0,#0x8]
00004E9C  f0bd          pop {r4,r5,r6,r7,pc}
00004E9E  9671          strb r6,[r2,#0x6]
00004EA0  8660          str r6,[r0,#0x8]
00004EA2  f0bd          pop {r4,r5,r6,r7,pc}
00004EAC  f8b5          push {r3,r4,r5,r6,r7,lr}
00004EAE  1746          mov r7,r2
00004EB0  0d46          mov r5,r1
00004EB2  0446          mov r4,r0
00004EB4  0026          movs r6,#0x0
00004EB6  72b6          cpsid i
00004EB8  554b          ldr r3,[0x00005010]
00004EBA  564a          ldr r2,[0x00005014]
00004EBC  1360          str r3,[r2,#0x0]
00004EBE  5749          ldr r1,[0x0000501c]
00004EC0  5548          ldr r0,[0x00005018]
00004EC2  8862          str r0,[r1,#0x28]
00004EC4  5549          ldr r1,[0x0000501c]
00004EC6  5648          ldr r0,[0x00005020]
00004EC8  4031          adds r1,#0x40
00004ECA  4861          str r0,[r1,#0x14]
00004ECC  1168          ldr r1,[r2,#0x0]
00004ECE  9942          cmp r1,r3
00004ED0  0ed1          bne 0x00004ef0
00004ED2  5048          ldr r0,[0x00005014]
00004ED4  534a          ldr r2,[0x00005024]
00004ED6  5449          ldr r1,[0x00005028]
00004ED8  0068          ldr r0,[r0,#0x0]
00004EDA  5040          eors r0,r2
00004EDC  4840          eors r0,r1
00004EDE  0268          ldr r2,[r0,#0x0]
00004EE0  5249          ldr r1,[0x0000502c]
00004EE2  0a40          ands r2,r1
00004EE4  0260          str r2,[r0,#0x0]
00004EE6  0168          ldr r1,[r0,#0x0]
00004EE8  0122          movs r2,#0x1
00004EEA  d206          lsls r2,r2,#0x1b
00004EEC  1143          orrs r1,r2
00004EEE  0160          str r1,[r0,#0x0]
00004EF0  a007          lsls r0,r4,#0x1e
00004EF2  7ad0          beq 0x00004fea
00004EF4  a007          lsls r0,r4,#0x1e
00004EF6  800f          lsrs r0,r0,#0x1e
00004EF8  0128          cmp r0,#0x1
00004EFA  04d0          beq 0x00004f06
00004EFC  0228          cmp r0,#0x2
00004EFE  0fd0          beq 0x00004f20
00004F00  0328          cmp r0,#0x3
00004F02  19d0          beq 0x00004f38
00004F04  22e0          b 0x00004f4c
00004F06  4a48          ldr r0,[0x00005030]
00004F08  ff21          movs r1,#0xff
00004F0A  0170          strb r1,[r0,#0x0]
00004F0C  2978          ldrb r1,[r5,#0x0]
00004F0E  4170          strb r1,[r0,#0x1]
00004F10  6978          ldrb r1,[r5,#0x1]
00004F12  8170          strb r1,[r0,#0x2]
00004F14  a978          ldrb r1,[r5,#0x2]
00004F16  0326          movs r6,#0x3
00004F18  641e          subs r4,r4,#0x1
00004F1A  c170          strb r1,[r0,#0x3]
00004F1C  ed1c          adds r5,r5,#0x3
00004F1E  15e0          b 0x00004f4c
00004F20  4348          ldr r0,[0x00005030]
00004F22  ff21          movs r1,#0xff
00004F24  0170          strb r1,[r0,#0x0]
00004F26  4170          strb r1,[r0,#0x1]
00004F28  2978          ldrb r1,[r5,#0x0]
00004F2A  8170          strb r1,[r0,#0x2]
00004F2C  6978          ldrb r1,[r5,#0x1]
00004F2E  0226          movs r6,#0x2
00004F30  a41e          subs r4,r4,#0x2
00004F32  c170          strb r1,[r0,#0x3]
00004F34  ad1c          adds r5,r5,#0x2
00004F36  09e0          b 0x00004f4c
00004F38  3d48          ldr r0,[0x00005030]
00004F3A  ff21          movs r1,#0xff
00004F3C  0170          strb r1,[r0,#0x0]
00004F3E  4170          strb r1,[r0,#0x1]
00004F40  8170          strb r1,[r0,#0x2]
00004F42  2978          ldrb r1,[r5,#0x0]
00004F44  0126          movs r6,#0x1
00004F46  e41e          subs r4,r4,#0x3
00004F48  c170          strb r1,[r0,#0x3]
00004F4A  6d1c          adds r5,r5,#0x1
00004F4C  0120          movs r0,#0x1
00004F4E  4004          lsls r0,r0,#0x11
00004F50  4460          str r4,[r0,#0x4]
00004F52  3749          ldr r1,[0x00005030]
00004F54  46e0          b 0x00004fe4
00004F56  e005          lsls r0,r4,#0x17
00004F58  31d1          bne 0x00004fbe
00004F5A  0122          movs r2,#0x1
00004F5C  5204          lsls r2,r2,#0x11
00004F5E  1068          ldr r0,[r2,#0x0]
00004F60  3449          ldr r1,[0x00005034]
00004F62  0840          ands r0,r1
00004F64  1060          str r0,[r2,#0x0]
00004F66  2b49          ldr r1,[0x00005014]
00004F68  0020          movs r0,#0x0
00004F6A  0860          str r0,[r1,#0x0]
00004F6C  2b49          ldr r1,[0x0000501c]
00004F6E  4031          adds r1,#0x40
00004F70  4861          str r0,[r1,#0x14]
00004F72  2a49          ldr r1,[0x0000501c]
00004F74  8862          str r0,[r1,#0x28]
00004F76  3149          ldr r1,[0x0000503c]
00004F78  2f48          ldr r0,[0x00005038]
00004F7A  0860          str r0,[r1,#0x0]
00004F7C  0021          movs r1,#0x0
00004F7E  2046          mov r0,r4
00004F80  fff744fe      bl 0x00004c0c
00004F84  2349          ldr r1,[0x00005014]
00004F86  2248          ldr r0,[0x00005010]
00004F88  0860          str r0,[r1,#0x0]
00004F8A  2449          ldr r1,[0x0000501c]
00004F8C  224a          ldr r2,[0x00005018]
00004F8E  8a62          str r2,[r1,#0x28]
00004F90  224a          ldr r2,[0x0000501c]
00004F92  2349          ldr r1,[0x00005020]
00004F94  4032          adds r2,#0x40
00004F96  5161          str r1,[r2,#0x14]
00004F98  1e49          ldr r1,[0x00005014]
00004F9A  0968          ldr r1,[r1,#0x0]
00004F9C  8142          cmp r1,r0
00004F9E  0ed1          bne 0x00004fbe
00004FA0  1c48          ldr r0,[0x00005014]
00004FA2  204a          ldr r2,[0x00005024]
00004FA4  2049          ldr r1,[0x00005028]
00004FA6  0068          ldr r0,[r0,#0x0]
00004FA8  5040          eors r0,r2
00004FAA  4840          eors r0,r1
00004FAC  0168          ldr r1,[r0,#0x0]
00004FAE  1f4a          ldr r2,[0x0000502c]
00004FB0  1140          ands r1,r2
00004FB2  0160          str r1,[r0,#0x0]
00004FB4  0168          ldr r1,[r0,#0x0]
00004FB6  0122          movs r2,#0x1
00004FB8  d206          lsls r2,r2,#0x1b
00004FBA  1143          orrs r1,r2
00004FBC  0160          str r1,[r0,#0x0]
00004FBE  0020          movs r0,#0x0
00004FC0  1b49          ldr r1,[0x00005030]
00004FC2  ff22          movs r2,#0xff
00004FC4  be42          cmp r6,r7
00004FC6  05d2          bcs 0x00004fd4
00004FC8  2b78          ldrb r3,[r5,#0x0]
00004FCA  6d1c          adds r5,r5,#0x1
00004FCC  0b54          strb r3,[r1,r0]
00004FCE  761c          adds r6,r6,#0x1
00004FD0  01e0          b 0x00004fd6
00004FD4  0a54          strb r2,[r1,r0]
00004FD6  401c          adds r0,r0,#0x1
00004FD8  c0b2          uxtb r0,r0
00004FDA  0428          cmp r0,#0x4
00004FDC  f2d3          bcc 0x00004fc4
00004FDE  0120          movs r0,#0x1
00004FE0  4004          lsls r0,r0,#0x11
00004FE2  4460          str r4,[r0,#0x4]
00004FE4  0968          ldr r1,[r1,#0x0]
00004FE6  8160          str r1,[r0,#0x8]
00004FE8  241d          adds r4,r4,#0x4
00004FEA  be42          cmp r6,r7
00004FEC  b3d3          bcc 0x00004f56
00004FEE  0120          movs r0,#0x1
00004FF0  4004          lsls r0,r0,#0x11
00004FF2  0168          ldr r1,[r0,#0x0]
00004FF4  0f4a          ldr r2,[0x00005034]
00004FF6  1140          ands r1,r2
00004FF8  0160          str r1,[r0,#0x0]
00004FFA  0649          ldr r1,[0x00005014]
00004FFC  0020          movs r0,#0x0
00004FFE  0860          str r0,[r1,#0x0]
00005000  0649          ldr r1,[0x0000501c]
00005002  4031          adds r1,#0x40
00005004  4861          str r0,[r1,#0x14]
00005006  0549          ldr r1,[0x0000501c]
00005008  8862          str r0,[r1,#0x28]
0000500A  62b6          cpsie i
0000500C  f8bd          pop {r3,r4,r5,r6,r7,pc}
00005040  f8b5          push {r3,r4,r5,r6,r7,lr}
00005042  424f          ldr r7,[0x0000514c]
00005044  0024          movs r4,#0x0
00005046  3c70          strb r4,[r7,#0x0]
00005048  414a          ldr r2,[0x00005150]
0000504A  1470          strb r4,[r2,#0x0]
0000504C  4149          ldr r1,[0x00005154]
0000504E  2046          mov r0,r4
00005050  0b78          ldrb r3,[r1,#0x0]
00005052  002b          cmp r3,#0x0
00005054  fcd0          beq 0x00005050
00005056  0c70          strb r4,[r1,#0x0]
00005058  401c          adds r0,r0,#0x1
0000505A  c0b2          uxtb r0,r0
0000505C  6428          cmp r0,#0x64
0000505E  f7d3          bcc 0x00005050
00005060  0021          movs r1,#0x0
00005062  3d4b          ldr r3,[0x00005158]
00005064  0846          mov r0,r1
00005066  4500          lsls r5,r0,#0x1
00005068  5d5f          ldrsh r5,[r3,r5]
0000506A  401c          adds r0,r0,#0x1
0000506C  6918          adds r1,r5,r1
0000506E  c0b2          uxtb r0,r0
00005070  0428          cmp r0,#0x4
00005072  f8d3          bcc 0x00005066
00005074  3948          ldr r0,[0x0000515c]
00005076  8911          asrs r1,r1,#0x6
00005078  0180          strh r1,[r0,#0x0]
0000507A  0021          movs r1,#0x0
0000507C  415e          ldrsh r1,[r0,r1]
0000507E  ff23          movs r3,#0xff
00005080  f533          adds r3,#0xf5
00005082  9942          cmp r1,r3
00005084  03da          bge 0x0000508e
00005086  0021          movs r1,#0x0
00005088  415e          ldrsh r1,[r0,r1]
0000508A  d942          cmn r1,r3
0000508C  01dc          bgt 0x00005092
0000508E  0821          movs r1,#0x8
00005090  1170          strb r1,[r2,#0x0]
00005092  0088          ldrh r0,[r0,#0x0]
00005094  3249          ldr r1,[0x00005160]
00005096  0880          strh r0,[r1,#0x0]
00005098  01f0e2fd      bl 0x00006c60
0000509C  3148          ldr r0,[0x00005164]
0000509E  0480          strh r4,[r0,#0x0]
000050A0  3148          ldr r0,[0x00005168]
000050A2  0480          strh r4,[r0,#0x0]
000050A4  3148          ldr r0,[0x0000516c]
000050A6  0480          strh r4,[r0,#0x0]
000050A8  ff20          movs r0,#0xff
000050AA  3149          ldr r1,[0x00005170]
000050AC  ee30          adds r0,#0xee
000050AE  0880          strh r0,[r1,#0x0]
000050B0  304e          ldr r6,[0x00005174]
000050B2  0125          movs r5,#0x1
000050B4  3570          strb r5,[r6,#0x0]
000050B6  3048          ldr r0,[0x00005178]
000050B8  0470          strb r4,[r0,#0x0]
000050BA  3d70          strb r5,[r7,#0x0]
000050BC  02f026fa      bl 0x0000750c
000050C0  0021          movs r1,#0x0
000050C2  2e4a          ldr r2,[0x0000517c]
000050C4  0846          mov r0,r1
000050C6  4300          lsls r3,r0,#0x1
000050C8  d35e          ldrsh r3,[r2,r3]
000050CA  401c          adds r0,r0,#0x1
000050CC  5918          adds r1,r3,r1
000050CE  c0b2          uxtb r0,r0
000050D0  0428          cmp r0,#0x4
000050D2  f8d3          bcc 0x000050c6
000050D4  8811          asrs r0,r1,#0x6
000050D6  00d5          bpl 0x000050da
000050D8  0020          movs r0,#0x0
000050DA  294f          ldr r7,[0x00005180]
000050DC  3880          strh r0,[r7,#0x0]
000050DE  02f0a5fa      bl 0x0000762c
000050E2  3888          ldrh r0,[r7,#0x0]
000050E4  2749          ldr r1,[0x00005184]
000050E6  8842          cmp r0,r1
000050E8  05d9          bls 0x000050f6
000050EA  fff7f3fa      bl 0x000046d4
000050EE  fff7affa      bl 0x00004650
000050F2  fff7d5fa      bl 0x000046a0
000050F6  02f099fa      bl 0x0000762c
000050FA  03f04bfb      bl 0x00008794
000050FE  7f20          movs r0,#0x7f
00005100  8002          lsls r0,r0,#0xa
00005102  214b          ldr r3,[0x00005188]
00005104  c168          ldr r1,[r0,#0xc]
00005106  214a          ldr r2,[0x0000518c]
00005108  9942          cmp r1,r3
0000510A  07d1          bne 0x0000511c
0000510C  1570          strb r5,[r2,#0x0]
0000510E  214a          ldr r2,[0x00005194]
00005110  1f49          ldr r1,[0x00005190]
00005112  1160          str r1,[r2,#0x0]
00005114  0021          movs r1,#0x0
00005116  fff779fd      bl 0x00004c0c
0000511A  00e0          b 0x0000511e
0000511C  1470          strb r4,[r2,#0x0]
0000511E  1e48          ldr r0,[0x00005198]
00005120  8470          strb r4,[r0,#0x2]
00005122  1e49          ldr r1,[0x0000519c]
00005124  6420          movs r0,#0x64
00005126  4870          strb r0,[r1,#0x1]
00005128  7068          ldr r0,[r6,#0x4]
0000512A  1d49          ldr r1,[0x000051a0]
0000512C  1d4a          ldr r2,[0x000051a4]
0000512E  8842          cmp r0,r1
00005130  08d0          beq 0x00005144
00005132  7068          ldr r0,[r6,#0x4]
00005134  1c49          ldr r1,[0x000051a8]
00005136  8842          cmp r0,r1
00005138  04d0          beq 0x00005144
0000513A  7068          ldr r0,[r6,#0x4]
0000513C  1849          ldr r1,[0x000051a0]
0000513E  891f          subs r1,r1,#0x6
00005140  8842          cmp r0,r1
00005142  01d1          bne 0x00005148
00005144  1570          strb r5,[r2,#0x0]
00005146  f8bd          pop {r3,r4,r5,r6,r7,pc}
00005148  1470          strb r4,[r2,#0x0]
0000514A  f8bd          pop {r3,r4,r5,r6,r7,pc}
000051AC  10b5          push {r4,lr}
000051AE  72b6          cpsid i
000051B0  2348          ldr r0,[0x00005240]
000051B2  244c          ldr r4,[0x00005244]
000051B4  a062          str r0,[r4,#0x28]
000051B6  6013          asrs r0,r4,#0xd
000051B8  0168          ldr r1,[r0,#0x0]
000051BA  8200          lsls r2,r0,#0x2
000051BC  1143          orrs r1,r2
000051BE  0160          str r1,[r0,#0x0]
000051C0  0f20          movs r0,#0xf
000051C2  2149          ldr r1,[0x00005248]
000051C4  8002          lsls r0,r0,#0xa
000051C6  4860          str r0,[r1,#0x4]
000051C8  00f042f8      bl 0x00005250
000051CC  c820          movs r0,#0xc8
000051CE  03f075fa      bl 0x000086bc
000051D2  fff73afc      bl 0x00004a4a
000051D6  00f0b1f8      bl 0x0000533c
000051DA  fff7a2fb      bl 0x00004922
000051DE  fff7fbf8      bl 0x000043d8
000051E2  00f043fc      bl 0x00005a6c
000051E6  00f0d1fe      bl 0x00005f8c
000051EA  fff7c9fd      bl 0x00004d80
000051EE  fff767fb      bl 0x000048c0
000051F2  03f045ff      bl 0x00009080
000051F6  03f0a7ff      bl 0x00009148
000051FA  1449          ldr r1,[0x0000524c]
000051FC  0220          movs r0,#0x2
000051FE  0860          str r0,[r1,#0x0]
00005200  03f07cfc      bl 0x00008afc
00005204  00f04af9      bl 0x0000549c
00005208  0121          movs r1,#0x1
0000520A  1020          movs r0,#0x10
0000520C  04f07cfe      bl 0x00009f08
00005210  1020          movs r0,#0x10
00005212  04f06dfe      bl 0x00009ef0
00005216  0321          movs r1,#0x3
00005218  0a20          movs r0,#0xa
0000521A  04f075fe      bl 0x00009f08
0000521E  0a20          movs r0,#0xa
00005220  04f066fe      bl 0x00009ef0
00005224  0321          movs r1,#0x3
00005226  0b20          movs r0,#0xb
00005228  04f06efe      bl 0x00009f08
0000522C  0b20          movs r0,#0xb
0000522E  04f05ffe      bl 0x00009ef0
00005232  0120          movs r0,#0x1
00005234  02f0e4fc      bl 0x00007c00
00005238  0020          movs r0,#0x0
0000523A  a062          str r0,[r4,#0x28]
0000523C  62b6          cpsie i
0000523E  10bd          pop {r4,pc}
00005250  10b5          push {r4,lr}
00005252  2c48          ldr r0,[0x00005304]
00005254  0168          ldr r1,[r0,#0x0]
00005256  4022          movs r2,#0x40
00005258  1143          orrs r1,r2
0000525A  0160          str r1,[r0,#0x0]
0000525C  416a          ldr r1,[r0,#0x24]
0000525E  0315          asrs r3,r0,#0x14
00005260  1943          orrs r1,r3
00005262  4162          str r1,[r0,#0x24]
00005264  4168          ldr r1,[r0,#0x4]
00005266  8022          movs r2,#0x80
00005268  1143          orrs r1,r2
0000526A  4160          str r1,[r0,#0x4]
0000526C  426a          ldr r2,[r0,#0x24]
0000526E  1901          lsls r1,r3,#0x4
00005270  0a43          orrs r2,r1
00005272  4262          str r2,[r0,#0x24]
00005274  0268          ldr r2,[r0,#0x0]
00005276  4c00          lsls r4,r1,#0x1
00005278  2243          orrs r2,r4
0000527A  0260          str r2,[r0,#0x0]
0000527C  c26a          ldr r2,[r0,#0x2c]
0000527E  0a43          orrs r2,r1
00005280  c262          str r2,[r0,#0x2c]
00005282  2048          ldr r0,[0x00005304]
00005284  4030          adds r0,#0x40
00005286  4168          ldr r1,[r0,#0x4]
00005288  0122          movs r2,#0x1
0000528A  1143          orrs r1,r2
0000528C  4160          str r1,[r0,#0x4]
0000528E  016a          ldr r1,[r0,#0x20]
00005290  0422          movs r2,#0x4
00005292  1143          orrs r1,r2
00005294  0162          str r1,[r0,#0x20]
00005296  0321          movs r1,#0x3
00005298  8902          lsls r1,r1,#0xa
0000529A  0160          str r1,[r0,#0x0]
0000529C  416a          ldr r1,[r0,#0x24]
0000529E  1a4a          ldr r2,[0x00005308]
000052A0  1143          orrs r1,r2
000052A2  4162          str r1,[r0,#0x24]
000052A4  816a          ldr r1,[r0,#0x28]
000052A6  194a          ldr r2,[0x0000530c]
000052A8  1143          orrs r1,r2
000052AA  8162          str r1,[r0,#0x28]
000052AC  4168          ldr r1,[r0,#0x4]
000052AE  3f22          movs r2,#0x3f
000052B0  1201          lsls r2,r2,#0x4
000052B2  1143          orrs r1,r2
000052B4  4160          str r1,[r0,#0x4]
000052B6  1348          ldr r0,[0x00005304]
000052B8  8030          adds r0,#0x80
000052BA  0168          ldr r1,[r0,#0x0]
000052BC  ff22          movs r2,#0xff
000052BE  7532          adds r2,#0x75
000052C0  1143          orrs r1,r2
000052C2  0160          str r1,[r0,#0x0]
000052C4  4168          ldr r1,[r0,#0x4]
000052C6  124a          ldr r2,[0x00005310]
000052C8  1143          orrs r1,r2
000052CA  4160          str r1,[r0,#0x4]
000052CC  c168          ldr r1,[r0,#0xc]
000052CE  9943          bics r1,r3
000052D0  c160          str r1,[r0,#0xc]
000052D2  c168          ldr r1,[r0,#0xc]
000052D4  8214          asrs r2,r0,#0x12
000052D6  9143          bics r1,r2
000052D8  c160          str r1,[r0,#0xc]
000052DA  c168          ldr r1,[r0,#0xc]
000052DC  0822          movs r2,#0x8
000052DE  9143          bics r1,r2
000052E0  c160          str r1,[r0,#0xc]
000052E2  416a          ldr r1,[r0,#0x24]
000052E4  0b4a          ldr r2,[0x00005314]
000052E6  1143          orrs r1,r2
000052E8  4162          str r1,[r0,#0x24]
000052EA  0648          ldr r0,[0x00005304]
000052EC  c030          adds r0,#0xc0
000052EE  4168          ldr r1,[r0,#0x4]
000052F0  8122          movs r2,#0x81
000052F2  9200          lsls r2,r2,#0x2
000052F4  1143          orrs r1,r2
000052F6  4160          str r1,[r0,#0x4]
000052F8  c168          ldr r1,[r0,#0xc]
000052FA  4215          asrs r2,r0,#0x15
000052FC  1143          orrs r1,r2
000052FE  c160          str r1,[r0,#0xc]
00005300  10bd          pop {r4,pc}
00005318  10b5          push {r4,lr}
0000531A  064c          ldr r4,[0x00005334]
0000531C  0020          movs r0,#0x0
0000531E  2083          strh r0,[r4,#0x18]
00005320  6083          strh r0,[r4,#0x1a]
00005322  0146          mov r1,r0
00005324  0448          ldr r0,[0x00005338]
00005326  04f023ff      bl 0x0000a170
0000532A  fef7d7fa      bl 0x000038dc
0000532E  e080          strh r0,[r4,#0x6]
00005330  10bd          pop {r4,pc}
0000533C  f0b5          push {r4,r5,r6,r7,lr}
0000533E  89b0          sub sp,#0x24
00005340  6846          mov r0,sp
00005342  fef7e9fc      bl 0x00003d18
00005346  6846          mov r0,sp
00005348  0024          movs r4,#0x0
0000534A  0480          strh r4,[r0,#0x0]
0000534C  4480          strh r4,[r0,#0x2]
0000534E  8480          strh r4,[r0,#0x4]
00005350  c480          strh r4,[r0,#0x6]
00005352  0481          strh r4,[r0,#0x8]
00005354  4481          strh r4,[r0,#0xa]
00005356  8481          strh r4,[r0,#0xc]
00005358  c481          strh r4,[r0,#0xe]
0000535A  0425          movs r5,#0x4
0000535C  0582          strh r5,[r0,#0x10]
0000535E  0726          movs r6,#0x7
00005360  4682          strh r6,[r0,#0x12]
00005362  8482          strh r4,[r0,#0x14]
00005364  c482          strh r4,[r0,#0x16]
00005366  0483          strh r4,[r0,#0x18]
00005368  4483          strh r4,[r0,#0x1a]
0000536A  8483          strh r4,[r0,#0x1c]
0000536C  434f          ldr r7,[0x0000547c]
0000536E  c483          strh r4,[r0,#0x1e]
00005370  0146          mov r1,r0
00005372  3846          mov r0,r7
00005374  fef772fc      bl 0x00003c5c
00005378  7f21          movs r1,#0x7f
0000537A  3846          mov r0,r7
0000537C  fef76bfc      bl 0x00003c56
00005380  0023          movs r3,#0x0
00005382  0122          movs r2,#0x1
00005384  1946          mov r1,r3
00005386  3846          mov r0,r7
00005388  fef750fc      bl 0x00003c2c
0000538C  0023          movs r3,#0x0
0000538E  0322          movs r2,#0x3
00005390  0121          movs r1,#0x1
00005392  3846          mov r0,r7
00005394  fef74afc      bl 0x00003c2c
00005398  0222          movs r2,#0x2
0000539A  0023          movs r3,#0x0
0000539C  1146          mov r1,r2
0000539E  3846          mov r0,r7
000053A0  fef744fc      bl 0x00003c2c
000053A4  0023          movs r3,#0x0
000053A6  0522          movs r2,#0x5
000053A8  0321          movs r1,#0x3
000053AA  3846          mov r0,r7
000053AC  fef73efc      bl 0x00003c2c
000053B0  0123          movs r3,#0x1
000053B2  0822          movs r2,#0x8
000053B4  0421          movs r1,#0x4
000053B6  3846          mov r0,r7
000053B8  fef738fc      bl 0x00003c2c
000053BC  0023          movs r3,#0x0
000053BE  0722          movs r2,#0x7
000053C0  0521          movs r1,#0x5
000053C2  3846          mov r0,r7
000053C4  fef732fc      bl 0x00003c2c
000053C8  0123          movs r3,#0x1
000053CA  0422          movs r2,#0x4
000053CC  0621          movs r1,#0x6
000053CE  3846          mov r0,r7
000053D0  fef72cfc      bl 0x00003c2c
000053D4  6846          mov r0,sp
000053D6  fef79ffc      bl 0x00003d18
000053DA  6846          mov r0,sp
000053DC  0480          strh r4,[r0,#0x0]
000053DE  4480          strh r4,[r0,#0x2]
000053E0  8480          strh r4,[r0,#0x4]
000053E2  c480          strh r4,[r0,#0x6]
000053E4  0481          strh r4,[r0,#0x8]
000053E6  4481          strh r4,[r0,#0xa]
000053E8  8481          strh r4,[r0,#0xc]
000053EA  c481          strh r4,[r0,#0xe]
000053EC  0582          strh r5,[r0,#0x10]
000053EE  4682          strh r6,[r0,#0x12]
000053F0  8482          strh r4,[r0,#0x14]
000053F2  c482          strh r4,[r0,#0x16]
000053F4  0483          strh r4,[r0,#0x18]
000053F6  4483          strh r4,[r0,#0x1a]
000053F8  8483          strh r4,[r0,#0x1c]
000053FA  c483          strh r4,[r0,#0x1e]
000053FC  204c          ldr r4,[0x00005480]
000053FE  0146          mov r1,r0
00005400  2046          mov r0,r4
00005402  fef72bfc      bl 0x00003c5c
00005406  7f21          movs r1,#0x7f
00005408  2046          mov r0,r4
0000540A  fef724fc      bl 0x00003c56
0000540E  0023          movs r3,#0x0
00005410  1a46          mov r2,r3
00005412  1946          mov r1,r3
00005414  2046          mov r0,r4
00005416  fef709fc      bl 0x00003c2c
0000541A  0023          movs r3,#0x0
0000541C  0a22          movs r2,#0xa
0000541E  0121          movs r1,#0x1
00005420  2046          mov r0,r4
00005422  fef703fc      bl 0x00003c2c
00005426  0023          movs r3,#0x0
00005428  0d22          movs r2,#0xd
0000542A  0221          movs r1,#0x2
0000542C  2046          mov r0,r4
0000542E  fef7fdfb      bl 0x00003c2c
00005432  0023          movs r3,#0x0
00005434  0c22          movs r2,#0xc
00005436  0321          movs r1,#0x3
00005438  2046          mov r0,r4
0000543A  fef7f7fb      bl 0x00003c2c
0000543E  0023          movs r3,#0x0
00005440  0922          movs r2,#0x9
00005442  0421          movs r1,#0x4
00005444  2046          mov r0,r4
00005446  fef7f1fb      bl 0x00003c2c
0000544A  0023          movs r3,#0x0
0000544C  0e22          movs r2,#0xe
0000544E  0521          movs r1,#0x5
00005450  2046          mov r0,r4
00005452  fef7ebfb      bl 0x00003c2c
00005456  0023          movs r3,#0x0
00005458  0f22          movs r2,#0xf
0000545A  0621          movs r1,#0x6
0000545C  2046          mov r0,r4
0000545E  fef7e5fb      bl 0x00003c2c
00005462  0648          ldr r0,[0x0000547c]
00005464  4030          adds r0,#0x40
00005466  426b          ldr r2,[r0,#0x34]
00005468  c114          asrs r1,r0,#0x13
0000546A  0a43          orrs r2,r1
0000546C  4263          str r2,[r0,#0x34]
0000546E  0448          ldr r0,[0x00005480]
00005470  4030          adds r0,#0x40
00005472  426b          ldr r2,[r0,#0x34]
00005474  0a43          orrs r2,r1
00005476  4263          str r2,[r0,#0x34]
00005478  09b0          add sp,#0x24
0000547A  f0bd          pop {r4,r5,r6,r7,pc}
0000549C  0548          ldr r0,[0x000054b4]
0000549E  0449          ldr r1,[0x000054b0]
000054A0  0160          str r1,[r0,#0x0]
000054A2  7d21          movs r1,#0x7d
000054A4  8902          lsls r1,r1,#0xa
000054A6  0161          str r1,[r0,#0x10]
000054A8  0121          movs r1,#0x1
000054AA  4160          str r1,[r0,#0x4]
000054AC  7047          bx lr
000054B8  70b5          push {r4,r5,r6,lr}
000054BA  1c4b          ldr r3,[0x0000552c]
000054BC  1878          ldrb r0,[r3,#0x0]
000054BE  1c49          ldr r1,[0x00005530]
000054C0  0022          movs r2,#0x0
000054C2  0b28          cmp r0,#0xb
000054C4  08d0          beq 0x000054d8
000054C6  ca72          strb r2,[r1,#0xb]
000054C8  0a73          strb r2,[r1,#0xc]
000054CA  1a48          ldr r0,[0x00005534]
000054CC  0488          ldrh r4,[r0,#0x0]
000054CE  1a48          ldr r0,[0x00005538]
000054D0  002c          cmp r4,#0x0
000054D2  0dd0          beq 0x000054f0
000054D4  1423          movs r3,#0x14
000054D6  22e0          b 0x0000551e
000054D8  c87a          ldrb r0,[r1,#0xb]
000054DA  401c          adds r0,r0,#0x1
000054DC  c0b2          uxtb r0,r0
000054DE  c872          strb r0,[r1,#0xb]
000054E0  2828          cmp r0,#0x28
000054E2  f2d9          bls 0x000054ca
000054E4  ca72          strb r2,[r1,#0xb]
000054E6  087b          ldrb r0,[r1,#0xc]
000054E8  0124          movs r4,#0x1
000054EA  6040          eors r0,r4
000054EC  0873          strb r0,[r1,#0xc]
000054EE  ece7          b 0x000054ca
000054F0  1c78          ldrb r4,[r3,#0x0]
000054F2  0823          movs r3,#0x8
000054F4  0b2c          cmp r4,#0xb
000054F6  04d0          beq 0x00005502
000054F8  104c          ldr r4,[0x0000553c]
000054FA  2478          ldrb r4,[r4,#0x0]
000054FC  002c          cmp r4,#0x0
000054FE  0ed1          bne 0x0000551e
00005500  0ae0          b 0x00005518
00005502  0f4c          ldr r4,[0x00005540]
00005504  2568          ldr r5,[r4,#0x0]
00005506  0f4e          ldr r6,[0x00005544]
00005508  b542          cmp r5,r6
0000550A  08d0          beq 0x0000551e
0000550C  2468          ldr r4,[r4,#0x0]
0000550E  0e4d          ldr r5,[0x00005548]
00005510  ac42          cmp r4,r5
00005512  04d0          beq 0x0000551e
00005514  0c7b          ldrb r4,[r1,#0xc]
00005516  00e0          b 0x0000551a
00005518  8c78          ldrb r4,[r1,#0x2]
0000551A  002c          cmp r4,#0x0
0000551C  01d0          beq 0x00005522
0000551E  0370          strb r3,[r0,#0x0]
00005520  00e0          b 0x00005524
00005522  0270          strb r2,[r0,#0x0]
00005524  8a71          strb r2,[r1,#0x6]
00005526  ca71          strb r2,[r1,#0x7]
00005528  70bd          pop {r4,r5,r6,pc}
0000554C  f8b5          push {r3,r4,r5,r6,r7,lr}
0000554E  f74f          ldr r7,[0x0000592c]
00005550  0026          movs r6,#0x0
00005552  f879          ldrb r0,[r7,#0x7]
00005554  0125          movs r5,#0x1
00005556  0328          cmp r0,#0x3
00005558  02d2          bcs 0x00005560
0000555A  401c          adds r0,r0,#0x1
0000555C  f871          strb r0,[r7,#0x7]
0000555E  02e0          b 0x00005566
00005560  f348          ldr r0,[0x00005930]
00005562  0570          strb r5,[r0,#0x0]
00005564  fe71          strb r6,[r7,#0x7]
00005566  f349          ldr r1,[0x00005934]
00005568  0868          ldr r0,[r1,#0x0]
0000556A  0004          lsls r0,r0,#0x10
0000556C  0015          asrs r0,r0,#0x14
0000556E  b883          strh r0,[r7,#0x1c]
00005570  f14a          ldr r2,[0x00005938]
00005572  1068          ldr r0,[r2,#0x0]
00005574  0004          lsls r0,r0,#0x10
00005576  0015          asrs r0,r0,#0x14
00005578  f883          strh r0,[r7,#0x1e]
0000557A  4868          ldr r0,[r1,#0x4]
0000557C  0004          lsls r0,r0,#0x10
0000557E  0015          asrs r0,r0,#0x14
00005580  3884          strh r0,[r7,#0x20]
00005582  8b68          ldr r3,[r1,#0x8]
00005584  f879          ldrb r0,[r7,#0x7]
00005586  e94c          ldr r4,[0x0000592c]
00005588  4000          lsls r0,r0,#0x1
0000558A  3434          adds r4,#0x34
0000558C  2352          strh r3,[r4,r0]
0000558E  1369          ldr r3,[r2,#0x10]
00005590  3034          adds r4,#0x30
00005592  2352          strh r3,[r4,r0]
00005594  cb68          ldr r3,[r1,#0xc]
00005596  283c          subs r4,#0x28
00005598  2352          strh r3,[r4,r0]
0000559A  5368          ldr r3,[r2,#0x4]
0000559C  1b04          lsls r3,r3,#0x10
0000559E  1b15          asrs r3,r3,#0x14
000055A0  bb82          strh r3,[r7,#0x14]
000055A2  9368          ldr r3,[r2,#0x8]
000055A4  1b04          lsls r3,r3,#0x10
000055A6  1b15          asrs r3,r3,#0x14
000055A8  fb82          strh r3,[r7,#0x16]
000055AA  d368          ldr r3,[r2,#0xc]
000055AC  1b04          lsls r3,r3,#0x10
000055AE  1b15          asrs r3,r3,#0x14
000055B0  3b83          strh r3,[r7,#0x18]
000055B2  0b69          ldr r3,[r1,#0x10]
000055B4  3034          adds r4,#0x30
000055B6  2352          strh r3,[r4,r0]
000055B8  4b69          ldr r3,[r1,#0x14]
000055BA  203c          subs r4,#0x20
000055BC  2352          strh r3,[r4,r0]
000055BE  8969          ldr r1,[r1,#0x18]
000055C0  2346          mov r3,r4
000055C2  083b          subs r3,#0x8
000055C4  1952          strh r1,[r3,r0]
000055C6  5169          ldr r1,[r2,#0x14]
000055C8  1833          adds r3,#0x18
000055CA  1952          strh r1,[r3,r0]
000055CC  9169          ldr r1,[r2,#0x18]
000055CE  1a46          mov r2,r3
000055D0  083a          subs r2,#0x8
000055D2  1152          strh r1,[r2,r0]
000055D4  d84a          ldr r2,[0x00005938]
000055D6  8032          adds r2,#0x80
000055D8  5069          ldr r0,[r2,#0x14]
000055DA  0321          movs r1,#0x3
000055DC  0843          orrs r0,r1
000055DE  5061          str r0,[r2,#0x14]
000055E0  d44a          ldr r2,[0x00005934]
000055E2  8032          adds r2,#0x80
000055E4  5069          ldr r0,[r2,#0x14]
000055E6  0843          orrs r0,r1
000055E8  5061          str r0,[r2,#0x14]
000055EA  d44e          ldr r6,[0x0000593c]
000055EC  0020          movs r0,#0x0
000055EE  3070          strb r0,[r6,#0x0]
000055F0  e121          movs r1,#0xe1
000055F2  7879          ldrb r0,[r7,#0x5]
000055F4  c900          lsls r1,r1,#0x3
000055F6  d24b          ldr r3,[0x00005940]
000055F8  d24c          ldr r4,[0x00005944]
000055FA  4a42          rsbs r2,r1
000055FC  0428          cmp r0,#0x4
000055FE  0cd0          beq 0x0000561a
00005600  0628          cmp r0,#0x6
00005602  0ad0          beq 0x0000561a
00005604  0028          cmp r0,#0x0
00005606  08d0          beq 0x0000561a
00005608  0228          cmp r0,#0x2
0000560A  27d0          beq 0x0000565c
0000560C  0328          cmp r0,#0x3
0000560E  25d0          beq 0x0000565c
00005610  0128          cmp r0,#0x1
00005612  48d0          beq 0x000056a6
00005614  0528          cmp r0,#0x5
00005616  46d0          beq 0x000056a6
00005618  69e0          b 0x000056ee
0000561A  387c          ldrb r0,[r7,#0x10]
0000561C  0028          cmp r0,#0x0
0000561E  66d0          beq 0x000056ee
00005620  787c          ldrb r0,[r7,#0x11]
00005622  0028          cmp r0,#0x0
00005624  63d0          beq 0x000056ee
00005626  1c20          movs r0,#0x1c
00005628  385e          ldrsh r0,[r7,r0]
0000562A  8842          cmp r0,r1
0000562C  5fda          bge 0x000056ee
0000562E  1e20          movs r0,#0x1e
00005630  385e          ldrsh r0,[r7,r0]
00005632  8842          cmp r0,r1
00005634  5bda          bge 0x000056ee
00005636  1c20          movs r0,#0x1c
00005638  385e          ldrsh r0,[r7,r0]
0000563A  9042          cmp r0,r2
0000563C  57dd          ble 0x000056ee
0000563E  1e20          movs r0,#0x1e
00005640  385e          ldrsh r0,[r7,r0]
00005642  9042          cmp r0,r2
00005644  53dd          ble 0x000056ee
00005646  3570          strb r5,[r6,#0x0]
00005648  bf48          ldr r0,[0x00005948]
0000564A  0088          ldrh r0,[r0,#0x0]
0000564C  b98b          ldrh r1,[r7,#0x1c]
0000564E  401a          subs r0,r0,r1
00005650  1880          strh r0,[r3,#0x0]
00005652  be48          ldr r0,[0x0000594c]
00005654  0088          ldrh r0,[r0,#0x0]
00005656  f98b          ldrh r1,[r7,#0x1e]
00005658  401a          subs r0,r0,r1
0000565A  47e0          b 0x000056ec
0000565C  787c          ldrb r0,[r7,#0x11]
0000565E  0028          cmp r0,#0x0
00005660  45d0          beq 0x000056ee
00005662  b87c          ldrb r0,[r7,#0x12]
00005664  0028          cmp r0,#0x0
00005666  42d0          beq 0x000056ee
00005668  1e20          movs r0,#0x1e
0000566A  385e          ldrsh r0,[r7,r0]
0000566C  8842          cmp r0,r1
0000566E  3eda          bge 0x000056ee
00005670  2020          movs r0,#0x20
00005672  385e          ldrsh r0,[r7,r0]
00005674  8842          cmp r0,r1
00005676  3ada          bge 0x000056ee
00005678  1e20          movs r0,#0x1e
0000567A  385e          ldrsh r0,[r7,r0]
0000567C  9042          cmp r0,r2
0000567E  36dd          ble 0x000056ee
00005680  2020          movs r0,#0x20
00005682  385e          ldrsh r0,[r7,r0]
00005684  9042          cmp r0,r2
00005686  32dd          ble 0x000056ee
00005688  3570          strb r5,[r6,#0x0]
0000568A  b148          ldr r0,[0x00005950]
0000568C  0088          ldrh r0,[r0,#0x0]
0000568E  398c          ldrh r1,[r7,#0x20]
00005690  401a          subs r0,r0,r1
00005692  ae49          ldr r1,[0x0000594c]
00005694  0988          ldrh r1,[r1,#0x0]
00005696  fa8b          ldrh r2,[r7,#0x1e]
00005698  891a          subs r1,r1,r2
0000569A  2180          strh r1,[r4,#0x0]
0000569C  2188          ldrh r1,[r4,#0x0]
0000569E  0818          adds r0,r1,r0
000056A0  4042          rsbs r0,r0
000056A2  1880          strh r0,[r3,#0x0]
000056A4  23e0          b 0x000056ee
000056A6  387c          ldrb r0,[r7,#0x10]
000056A8  0028          cmp r0,#0x0
000056AA  20d0          beq 0x000056ee
000056AC  b87c          ldrb r0,[r7,#0x12]
000056AE  0028          cmp r0,#0x0
000056B0  1dd0          beq 0x000056ee
000056B2  1c20          movs r0,#0x1c
000056B4  385e          ldrsh r0,[r7,r0]
000056B6  8842          cmp r0,r1
000056B8  19da          bge 0x000056ee
000056BA  2020          movs r0,#0x20
000056BC  385e          ldrsh r0,[r7,r0]
000056BE  8842          cmp r0,r1
000056C0  15da          bge 0x000056ee
000056C2  1c20          movs r0,#0x1c
000056C4  385e          ldrsh r0,[r7,r0]
000056C6  9042          cmp r0,r2
000056C8  11dd          ble 0x000056ee
000056CA  2020          movs r0,#0x20
000056CC  385e          ldrsh r0,[r7,r0]
000056CE  9042          cmp r0,r2
000056D0  0ddd          ble 0x000056ee
000056D2  3570          strb r5,[r6,#0x0]
000056D4  9c48          ldr r0,[0x00005948]
000056D6  0088          ldrh r0,[r0,#0x0]
000056D8  b98b          ldrh r1,[r7,#0x1c]
000056DA  401a          subs r0,r0,r1
000056DC  1880          strh r0,[r3,#0x0]
000056DE  9c48          ldr r0,[0x00005950]
000056E0  0088          ldrh r0,[r0,#0x0]
000056E2  398c          ldrh r1,[r7,#0x20]
000056E4  401a          subs r0,r0,r1
000056E6  1988          ldrh r1,[r3,#0x0]
000056E8  0818          adds r0,r1,r0
000056EA  4042          rsbs r0,r0
000056EC  2080          strh r0,[r4,#0x0]
000056EE  9948          ldr r0,[0x00005954]
000056F0  0178          ldrb r1,[r0,#0x0]
000056F2  3974          strb r1,[r7,#0x10]
000056F4  9849          ldr r1,[0x00005958]
000056F6  0a78          ldrb r2,[r1,#0x0]
000056F8  7a74          strb r2,[r7,#0x11]
000056FA  984a          ldr r2,[0x0000595c]
000056FC  1378          ldrb r3,[r2,#0x0]
000056FE  bb74          strb r3,[r7,#0x12]
00005700  974b          ldr r3,[0x00005960]
00005702  1b78          ldrb r3,[r3,#0x0]
00005704  7b71          strb r3,[r7,#0x5]
00005706  0024          movs r4,#0x0
00005708  0470          strb r4,[r0,#0x0]
0000570A  0c70          strb r4,[r1,#0x0]
0000570C  1470          strb r4,[r2,#0x0]
0000570E  9548          ldr r0,[0x00005964]
00005710  0078          ldrb r0,[r0,#0x0]
00005712  0028          cmp r0,#0x0
00005714  2ad0          beq 0x0000576c
00005716  8548          ldr r0,[0x0000592c]
00005718  0021          movs r1,#0x0
0000571A  2230          adds r0,#0x22
0000571C  fff75cfb      bl 0x00004dd8
00005720  3873          strb r0,[r7,#0xc]
00005722  8248          ldr r0,[0x0000592c]
00005724  0121          movs r1,#0x1
00005726  2830          adds r0,#0x28
00005728  fff756fb      bl 0x00004dd8
0000572C  7873          strb r0,[r7,#0xd]
0000572E  7f48          ldr r0,[0x0000592c]
00005730  0221          movs r1,#0x2
00005732  2e30          adds r0,#0x2e
00005734  fff750fb      bl 0x00004dd8
00005738  b873          strb r0,[r7,#0xe]
0000573A  387b          ldrb r0,[r7,#0xc]
0000573C  797b          ldrb r1,[r7,#0xd]
0000573E  8000          lsls r0,r0,#0x2
00005740  4900          lsls r1,r1,#0x1
00005742  0843          orrs r0,r1
00005744  b97b          ldrb r1,[r7,#0xe]
00005746  0843          orrs r0,r1
00005748  f873          strb r0,[r7,#0xf]
0000574A  f87b          ldrb r0,[r7,#0xf]
0000574C  02f0bcfb      bl 0x00007ec8
00005750  787a          ldrb r0,[r7,#0x9]
00005752  0228          cmp r0,#0x2
00005754  1bd0          beq 0x0000578e
00005756  787a          ldrb r0,[r7,#0x9]
00005758  834e          ldr r6,[0x00005968]
0000575A  0128          cmp r0,#0x1
0000575C  7dd0          beq 0x0000585a
0000575E  787a          ldrb r0,[r7,#0x9]
00005760  0328          cmp r0,#0x3
00005762  79d0          beq 0x00005858
00005764  787a          ldrb r0,[r7,#0x9]
00005766  0028          cmp r0,#0x0
00005768  00d0          beq 0x0000576c
0000576A  7d72          strb r5,[r7,#0x9]
0000576C  b878          ldrb r0,[r7,#0x2]
0000576E  401c          adds r0,r0,#0x1
00005770  b870          strb r0,[r7,#0x2]
00005772  788b          ldrh r0,[r7,#0x1a]
00005774  7d49          ldr r1,[0x0000596c]
00005776  401c          adds r0,r0,#0x1
00005778  80b2          uxth r0,r0
0000577A  7883          strh r0,[r7,#0x1a]
0000577C  8842          cmp r0,r1
0000577E  01d3          bcc 0x00005784
00005780  7c83          strh r4,[r7,#0x1a]
00005782  7d70          strb r5,[r7,#0x1]
00005784  7a48          ldr r0,[0x00005970]
00005786  0078          ldrb r0,[r0,#0x0]
00005788  0228          cmp r0,#0x2
0000578A  76d0          beq 0x0000587a
0000578C  23e1          b 0x000059d6
0000578E  7948          ldr r0,[0x00005974]
00005790  0078          ldrb r0,[r0,#0x0]
00005792  0028          cmp r0,#0x0
00005794  04d0          beq 0x000057a0
00005796  7848          ldr r0,[0x00005978]
00005798  0188          ldrh r1,[r0,#0x0]
0000579A  7848          ldr r0,[0x0000597c]
0000579C  0180          strh r1,[r0,#0x0]
0000579E  13e0          b 0x000057c8
000057A0  764b          ldr r3,[0x0000597c]
000057A2  0021          movs r1,#0x0
000057A4  595e          ldrsh r1,[r3,r1]
000057A6  7448          ldr r0,[0x00005978]
000057A8  0022          movs r2,#0x0
000057AA  825e          ldrsh r2,[r0,r2]
000057AC  9142          cmp r1,r2
000057AE  02da          bge 0x000057b6
000057B0  1888          ldrh r0,[r3,#0x0]
000057B2  401c          adds r0,r0,#0x1
000057B4  07e0          b 0x000057c6
000057B6  0021          movs r1,#0x0
000057B8  595e          ldrsh r1,[r3,r1]
000057BA  0022          movs r2,#0x0
000057BC  825e          ldrsh r2,[r0,r2]
000057BE  9142          cmp r1,r2
000057C0  02dd          ble 0x000057c8
000057C2  1888          ldrh r0,[r3,#0x0]
000057C4  401e          subs r0,r0,#0x1
000057C6  1880          strh r0,[r3,#0x0]
000057C8  387a          ldrb r0,[r7,#0x8]
000057CA  0228          cmp r0,#0x2
000057CC  14d3          bcc 0x000057f8
000057CE  3078          ldrb r0,[r6,#0x0]
000057D0  0028          cmp r0,#0x0
000057D2  13d0          beq 0x000057fc
000057D4  00f02efb      bl 0x00005e34
000057D8  00f06afb      bl 0x00005eb0
000057DC  6848          ldr r0,[0x00005980]
000057DE  0178          ldrb r1,[r0,#0x0]
000057E0  6848          ldr r0,[0x00005984]
000057E2  0029          cmp r1,#0x0
000057E4  00d0          beq 0x000057e8
000057E6  0480          strh r4,[r0,#0x0]
000057E8  6749          ldr r1,[0x00005988]
000057EA  0978          ldrb r1,[r1,#0x0]
000057EC  0029          cmp r1,#0x0
000057EE  00d0          beq 0x000057f2
000057F0  0480          strh r4,[r0,#0x0]
000057F2  00f0d9fb      bl 0x00005fa8
000057F6  01e0          b 0x000057fc
000057F8  fff78efd      bl 0x00005318
000057FC  00f02cfb      bl 0x00005e58
00005800  01f0d2ff      bl 0x000077a8
00005804  6148          ldr r0,[0x0000598c]
00005806  0078          ldrb r0,[r0,#0x0]
00005808  0028          cmp r0,#0x0
0000580A  14d1          bne 0x00005836
0000580C  6048          ldr r0,[0x00005990]
0000580E  0078          ldrb r0,[r0,#0x0]
00005810  0028          cmp r0,#0x0
00005812  10d1          bne 0x00005836
00005814  387a          ldrb r0,[r7,#0x8]
00005816  0a28          cmp r0,#0xa
00005818  0dd2          bcs 0x00005836
0000581A  0028          cmp r0,#0x0
0000581C  08d1          bne 0x00005830
0000581E  5d48          ldr r0,[0x00005994]
00005820  4168          ldr r1,[r0,#0x4]
00005822  2943          orrs r1,r5
00005824  4160          str r1,[r0,#0x4]
00005826  4168          ldr r1,[r0,#0x4]
00005828  c907          lsls r1,r1,#0x1f
0000582A  fcd0          beq 0x00005826
0000582C  fff776f9      bl 0x00004b1c
00005830  387a          ldrb r0,[r7,#0x8]
00005832  401c          adds r0,r0,#0x1
00005834  3872          strb r0,[r7,#0x8]
00005836  5848          ldr r0,[0x00005998]
00005838  0078          ldrb r0,[r0,#0x0]
0000583A  0028          cmp r0,#0x0
0000583C  04d0          beq 0x00005848
0000583E  5748          ldr r0,[0x0000599c]
00005840  0078          ldrb r0,[r0,#0x0]
00005842  0028          cmp r0,#0x0
00005844  00d0          beq 0x00005848
00005846  fc72          strb r4,[r7,#0xb]
00005848  f87a          ldrb r0,[r7,#0xb]
0000584A  0028          cmp r0,#0x0
0000584C  8ed1          bne 0x0000576c
0000584E  fff723f9      bl 0x00004a98
00005852  7d72          strb r5,[r7,#0x9]
00005854  2ce0          b 0x000058b0
00005858  2ce0          b 0x000058b4
0000585A  fef785fe      bl 0x00004568
0000585E  5048          ldr r0,[0x000059a0]
00005860  0188          ldrh r1,[r0,#0x0]
00005862  4648          ldr r0,[0x0000597c]
00005864  0180          strh r1,[r0,#0x0]
00005866  fff757fd      bl 0x00005318
0000586A  00f0f5fa      bl 0x00005e58
0000586E  01f09bff      bl 0x000077a8
00005872  f87a          ldrb r0,[r7,#0xb]
00005874  0028          cmp r0,#0x0
00005876  01d1          bne 0x0000587c
00005878  78e7          b 0x0000576c
0000587A  a9e0          b 0x000059d0
0000587C  387a          ldrb r0,[r7,#0x8]
0000587E  401c          adds r0,r0,#0x1
00005880  c0b2          uxtb r0,r0
00005882  3872          strb r0,[r7,#0x8]
00005884  1f28          cmp r0,#0x1f
00005886  f7d9          bls 0x00005878
00005888  4348          ldr r0,[0x00005998]
0000588A  0078          ldrb r0,[r0,#0x0]
0000588C  0028          cmp r0,#0x0
0000588E  06d0          beq 0x0000589e
00005890  4348          ldr r0,[0x000059a0]
00005892  0088          ldrh r0,[r0,#0x0]
00005894  4100          lsls r1,r0,#0x1
00005896  4018          adds r0,r0,r1
00005898  3080          strh r0,[r6,#0x0]
0000589A  0320          movs r0,#0x3
0000589C  00e0          b 0x000058a0
0000589E  0220          movs r0,#0x2
000058A0  7872          strb r0,[r7,#0x9]
000058A2  3f48          ldr r0,[0x000059a0]
000058A4  0288          ldrh r2,[r0,#0x0]
000058A6  3449          ldr r1,[0x00005978]
000058A8  0a80          strh r2,[r1,#0x0]
000058AA  0188          ldrh r1,[r0,#0x0]
000058AC  3d48          ldr r0,[0x000059a4]
000058AE  0180          strh r1,[r0,#0x0]
000058B0  3c72          strb r4,[r7,#0x8]
000058B2  5be7          b 0x0000576c
000058B4  387a          ldrb r0,[r7,#0x8]
000058B6  0128          cmp r0,#0x1
000058B8  34d0          beq 0x00005924
000058BA  3748          ldr r0,[0x00005998]
000058BC  0078          ldrb r0,[r0,#0x0]
000058BE  0028          cmp r0,#0x0
000058C0  74d0          beq 0x000059ac
000058C2  0020          movs r0,#0x0
000058C4  305e          ldrsh r0,[r6,r0]
000058C6  3849          ldr r1,[0x000059a8]
000058C8  8842          cmp r0,r1
000058CA  02da          bge 0x000058d2
000058CC  3088          ldrh r0,[r6,#0x0]
000058CE  801c          adds r0,r0,#0x2
000058D0  3080          strh r0,[r6,#0x0]
000058D2  387a          ldrb r0,[r7,#0x8]
000058D4  0228          cmp r0,#0x2
000058D6  01d9          bls 0x000058dc
000058D8  fef746fe      bl 0x00004568
000058DC  3048          ldr r0,[0x000059a0]
000058DE  0288          ldrh r2,[r0,#0x0]
000058E0  2549          ldr r1,[0x00005978]
000058E2  0a80          strh r2,[r1,#0x0]
000058E4  0188          ldrh r1,[r0,#0x0]
000058E6  2f48          ldr r0,[0x000059a4]
000058E8  0180          strh r1,[r0,#0x0]
000058EA  387a          ldrb r0,[r7,#0x8]
000058EC  0a28          cmp r0,#0xa
000058EE  01d2          bcs 0x000058f4
000058F0  401c          adds r0,r0,#0x1
000058F2  3872          strb r0,[r7,#0x8]
000058F4  0020          movs r0,#0x0
000058F6  305e          ldrsh r0,[r6,r0]
000058F8  4142          rsbs r1,r0
000058FA  2648          ldr r0,[0x00005994]
000058FC  8038          subs r0,#0x80
000058FE  0161          str r1,[r0,#0x10]
00005900  0021          movs r1,#0x0
00005902  715e          ldrsh r1,[r6,r1]
00005904  4161          str r1,[r0,#0x14]
00005906  0021          movs r1,#0x0
00005908  715e          ldrsh r1,[r6,r1]
0000590A  4942          rsbs r1,r1
0000590C  8160          str r1,[r0,#0x8]
0000590E  0021          movs r1,#0x0
00005910  715e          ldrsh r1,[r6,r1]
00005912  c160          str r1,[r0,#0xc]
00005914  0021          movs r1,#0x0
00005916  715e          ldrsh r1,[r6,r1]
00005918  4942          rsbs r1,r1
0000591A  0160          str r1,[r0,#0x0]
0000591C  0021          movs r1,#0x0
0000591E  715e          ldrsh r1,[r6,r1]
00005920  4160          str r1,[r0,#0x4]
00005922  23e7          b 0x0000576c
00005924  fff7e0f8      bl 0x00004ae8
00005928  d3e7          b 0x000058d2
000059AC  2948          ldr r0,[0x00005a54]
000059AE  0178          ldrb r1,[r0,#0x0]
000059B0  0029          cmp r1,#0x0
000059B2  08d0          beq 0x000059c6
000059B4  0021          movs r1,#0x0
000059B6  715e          ldrsh r1,[r6,r1]
000059B8  0229          cmp r1,#0x2
000059BA  02db          blt 0x000059c2
000059BC  3088          ldrh r0,[r6,#0x0]
000059BE  801e          subs r0,r0,#0x2
000059C0  86e7          b 0x000058d0
000059C2  0470          strb r4,[r0,#0x0]
000059C4  85e7          b 0x000058d2
000059C6  fff767f8      bl 0x00004a98
000059CA  7d72          strb r5,[r7,#0x9]
000059CC  3c72          strb r4,[r7,#0x8]
000059CE  85e7          b 0x000058dc
000059D0  f878          ldrb r0,[r7,#0x3]
000059D2  0028          cmp r0,#0x0
000059D4  36d0          beq 0x00005a44
000059D6  bc71          strb r4,[r7,#0x6]
000059D8  3879          ldrb r0,[r7,#0x4]
000059DA  401c          adds r0,r0,#0x1
000059DC  c0b2          uxtb r0,r0
000059DE  3871          strb r0,[r7,#0x4]
000059E0  1028          cmp r0,#0x10
000059E2  1dd3          bcc 0x00005a20
000059E4  3c71          strb r4,[r7,#0x4]
000059E6  bd72          strb r5,[r7,#0xa]
000059E8  1b48          ldr r0,[0x00005a58]
000059EA  0178          ldrb r1,[r0,#0x0]
000059EC  0029          cmp r1,#0x0
000059EE  02d0          beq 0x000059f6
000059F0  0178          ldrb r1,[r0,#0x0]
000059F2  491e          subs r1,r1,#0x1
000059F4  0170          strb r1,[r0,#0x0]
000059F6  1948          ldr r0,[0x00005a5c]
000059F8  0178          ldrb r1,[r0,#0x0]
000059FA  0029          cmp r1,#0x0
000059FC  02d0          beq 0x00005a04
000059FE  0178          ldrb r1,[r0,#0x0]
00005A00  491e          subs r1,r1,#0x1
00005A02  0170          strb r1,[r0,#0x0]
00005A04  1648          ldr r0,[0x00005a60]
00005A06  0178          ldrb r1,[r0,#0x0]
00005A08  0029          cmp r1,#0x0
00005A0A  02d0          beq 0x00005a12
00005A0C  0178          ldrb r1,[r0,#0x0]
00005A0E  491e          subs r1,r1,#0x1
00005A10  0170          strb r1,[r0,#0x0]
00005A12  1448          ldr r0,[0x00005a64]
00005A14  0178          ldrb r1,[r0,#0x0]
00005A16  0029          cmp r1,#0x0
00005A18  02d0          beq 0x00005a20
00005A1A  0178          ldrb r1,[r0,#0x0]
00005A1C  491e          subs r1,r1,#0x1
00005A1E  0170          strb r1,[r0,#0x0]
00005A20  01f0c8f8      bl 0x00006bb4
00005A24  104e          ldr r6,[0x00005a68]
00005A26  7069          ldr r0,[r6,#0x14]
00005A28  c006          lsls r0,r0,#0x1b
00005A2A  06d5          bpl 0x00005a3a
00005A2C  1020          movs r0,#0x10
00005A2E  7061          str r0,[r6,#0x14]
00005A30  3d70          strb r5,[r7,#0x0]
00005A32  fc72          strb r4,[r7,#0xb]
00005A34  7d72          strb r5,[r7,#0x9]
00005A36  fff72ff8      bl 0x00004a98
00005A3A  7068          ldr r0,[r6,#0x4]
00005A3C  0321          movs r1,#0x3
00005A3E  0843          orrs r0,r1
00005A40  7060          str r0,[r6,#0x4]
00005A42  f8bd          pop {r3,r4,r5,r6,r7,pc}
00005A44  b879          ldrb r0,[r7,#0x6]
00005A46  1028          cmp r0,#0x10
00005A48  02d2          bcs 0x00005a50
00005A4A  401c          adds r0,r0,#0x1
00005A4C  b871          strb r0,[r7,#0x6]
00005A4E  c3e7          b 0x000059d8
00005A50  fd70          strb r5,[r7,#0x3]
00005A52  c1e7          b 0x000059d8
00005A6C  10b5          push {r4,lr}
00005A6E  144b          ldr r3,[0x00005ac0]
00005A70  1248          ldr r0,[0x00005abc]
00005A72  1860          str r0,[r3,#0x0]
00005A74  1248          ldr r0,[0x00005ac0]
00005A76  4421          movs r1,#0x44
00005A78  8038          subs r0,#0x80
00005A7A  c163          str r1,[r0,#0x3c]
00005A7C  0021          movs r1,#0x0
00005A7E  0163          str r1,[r0,#0x30]
00005A80  104c          ldr r4,[0x00005ac4]
00005A82  0461          str r4,[r0,#0x10]
00005A84  0321          movs r1,#0x3
00005A86  8902          lsls r1,r1,#0xa
00005A88  0160          str r1,[r0,#0x0]
00005A8A  0d4a          ldr r2,[0x00005ac0]
00005A8C  0e49          ldr r1,[0x00005ac8]
00005A8E  c03a          subs r2,#0xc0
00005A90  9163          str r1,[r2,#0x38]
00005A92  0b49          ldr r1,[0x00005ac0]
00005A94  0d4a          ldr r2,[0x00005acc]
00005A96  4039          subs r1,#0x40
00005A98  0a62          str r2,[r1,#0x20]
00005A9A  4a62          str r2,[r1,#0x24]
00005A9C  ff22          movs r2,#0xff
00005A9E  1132          adds r2,#0x11
00005AA0  0a63          str r2,[r1,#0x30]
00005AA2  1022          movs r2,#0x10
00005AA4  4263          str r2,[r0,#0x34]
00005AA6  4c22          movs r2,#0x4c
00005AA8  0262          str r2,[r0,#0x20]
00005AAA  4262          str r2,[r0,#0x24]
00005AAC  8262          str r2,[r0,#0x28]
00005AAE  c262          str r2,[r0,#0x2c]
00005AB0  4c61          str r4,[r1,#0x14]
00005AB2  0220          movs r0,#0x2
00005AB4  0860          str r0,[r1,#0x0]
00005AB6  0648          ldr r0,[0x00005ad0]
00005AB8  1860          str r0,[r3,#0x0]
00005ABA  10bd          pop {r4,pc}
00005AD4  f0b5          push {r4,r5,r6,r7,lr}
00005AD6  9e4e          ldr r6,[0x00005d50]
00005AD8  85b0          sub sp,#0x14
00005ADA  b07d          ldrb r0,[r6,#0x16]
00005ADC  0024          movs r4,#0x0
00005ADE  2246          mov r2,r4
00005AE0  0028          cmp r0,#0x0
00005AE2  02d0          beq 0x00005aea
00005AE4  b275          strb r2,[r6,#0x16]
00005AE6  05b0          add sp,#0x14
00005AE8  f0bd          pop {r4,r5,r6,r7,pc}
00005AEA  9949          ldr r1,[0x00005d50]
00005AEC  0127          movs r7,#0x1
00005AEE  2031          adds r1,#0x20
00005AF0  887a          ldrb r0,[r1,#0xa]
00005AF2  0028          cmp r0,#0x0
00005AF4  13d0          beq 0x00005b1e
00005AF6  8a72          strb r2,[r1,#0xa]
00005AF8  0020          movs r0,#0x0
00005AFA  6d46          mov r5,sp
00005AFC  2a54          strb r2,[r5,r0]
00005AFE  401c          adds r0,r0,#0x1
00005B00  c0b2          uxtb r0,r0
00005B02  1428          cmp r0,#0x14
00005B04  fad3          bcc 0x00005afc
00005B06  6120          movs r0,#0x61
00005B08  2870          strb r0,[r5,#0x0]
00005B0A  887a          ldrb r0,[r1,#0xa]
00005B0C  2a46          mov r2,r5
00005B0E  0146          mov r1,r0
00005B10  3031          adds r1,#0x30
00005B12  6970          strb r1,[r5,#0x1]
00005B14  0028          cmp r0,#0x0
00005B16  04d0          beq 0x00005b22
00005B18  0128          cmp r0,#0x1
00005B1A  70d1          bne 0x00005bfe
00005B1C  e1e0          b 0x00005ce2
00005B1E  8f72          strb r7,[r1,#0xa]
00005B20  eae7          b 0x00005af8
00005B22  0a20          movs r0,#0xa
00005B24  9070          strb r0,[r2,#0x2]
00005B26  8b48          ldr r0,[0x00005d54]
00005B28  0078          ldrb r0,[r0,#0x0]
00005B2A  8b49          ldr r1,[0x00005d58]
00005B2C  0001          lsls r0,r0,#0x4
00005B2E  0978          ldrb r1,[r1,#0x0]
00005B30  0843          orrs r0,r1
00005B32  d070          strb r0,[r2,#0x3]
00005B34  8948          ldr r0,[0x00005d5c]
00005B36  1146          mov r1,r2
00005B38  0078          ldrb r0,[r0,#0x0]
00005B3A  0028          cmp r0,#0x0
00005B3C  02d0          beq 0x00005b44
00005B3E  0879          ldrb r0,[r1,#0x4]
00005B40  3843          orrs r0,r7
00005B42  0871          strb r0,[r1,#0x4]
00005B44  707e          ldrb r0,[r6,#0x19]
00005B46  0028          cmp r0,#0x0
00005B48  03d0          beq 0x00005b52
00005B4A  0879          ldrb r0,[r1,#0x4]
00005B4C  0821          movs r1,#0x8
00005B4E  0843          orrs r0,r1
00005B50  1071          strb r0,[r2,#0x4]
00005B52  8348          ldr r0,[0x00005d60]
00005B54  0178          ldrb r1,[r0,#0x0]
00005B56  8020          movs r0,#0x80
00005B58  0029          cmp r1,#0x0
00005B5A  02d0          beq 0x00005b62
00005B5C  1179          ldrb r1,[r2,#0x4]
00005B5E  0143          orrs r1,r0
00005B60  1171          strb r1,[r2,#0x4]
00005B62  8049          ldr r1,[0x00005d64]
00005B64  0978          ldrb r1,[r1,#0x0]
00005B66  0029          cmp r1,#0x0
00005B68  02d1          bne 0x00005b70
00005B6A  5179          ldrb r1,[r2,#0x5]
00005B6C  0143          orrs r1,r0
00005B6E  5171          strb r1,[r2,#0x5]
00005B70  7d48          ldr r0,[0x00005d68]
00005B72  0078          ldrb r0,[r0,#0x0]
00005B74  0028          cmp r0,#0x0
00005B76  03d0          beq 0x00005b80
00005B78  5079          ldrb r0,[r2,#0x5]
00005B7A  4021          movs r1,#0x40
00005B7C  0843          orrs r0,r1
00005B7E  5071          strb r0,[r2,#0x5]
00005B80  7a48          ldr r0,[0x00005d6c]
00005B82  0078          ldrb r0,[r0,#0x0]
00005B84  0028          cmp r0,#0x0
00005B86  03d0          beq 0x00005b90
00005B88  5079          ldrb r0,[r2,#0x5]
00005B8A  2021          movs r1,#0x20
00005B8C  0843          orrs r0,r1
00005B8E  5071          strb r0,[r2,#0x5]
00005B90  7748          ldr r0,[0x00005d70]
00005B92  0078          ldrb r0,[r0,#0x0]
00005B94  0028          cmp r0,#0x0
00005B96  03d0          beq 0x00005ba0
00005B98  5079          ldrb r0,[r2,#0x5]
00005B9A  0821          movs r1,#0x8
00005B9C  0843          orrs r0,r1
00005B9E  5071          strb r0,[r2,#0x5]
00005BA0  7448          ldr r0,[0x00005d74]
00005BA2  0078          ldrb r0,[r0,#0x0]
00005BA4  0028          cmp r0,#0x0
00005BA6  03d0          beq 0x00005bb0
00005BA8  5079          ldrb r0,[r2,#0x5]
00005BAA  0421          movs r1,#0x4
00005BAC  0843          orrs r0,r1
00005BAE  5071          strb r0,[r2,#0x5]
00005BB0  714a          ldr r2,[0x00005d78]
00005BB2  0020          movs r0,#0x0
00005BB4  0a21          movs r1,#0xa
00005BB6  105e          ldrsh r0,[r2,r0]
00005BB8  fcf752ff      bl 0x00002a60
00005BBC  00b2          sxth r0,r0
00005BBE  0028          cmp r0,#0x0
00005BC0  01da          bge 0x00005bc6
00005BC2  0020          movs r0,#0x0
00005BC4  02e0          b 0x00005bcc
00005BC6  ff28          cmp r0,#0xff
00005BC8  00dd          ble 0x00005bcc
00005BCA  ff20          movs r0,#0xff
00005BCC  6946          mov r1,sp
00005BCE  8871          strb r0,[r1,#0x6]
00005BD0  6a49          ldr r1,[0x00005d7c]
00005BD2  0020          movs r0,#0x0
00005BD4  085e          ldrsh r0,[r1,r0]
00005BD6  0028          cmp r0,#0x0
00005BD8  01da          bge 0x00005bde
00005BDA  0020          movs r0,#0x0
00005BDC  02e0          b 0x00005be4
00005BDE  c828          cmp r0,#0xc8
00005BE0  00dd          ble 0x00005be4
00005BE2  c820          movs r0,#0xc8
00005BE4  6946          mov r1,sp
00005BE6  c871          strb r0,[r1,#0x7]
00005BE8  f078          ldrb r0,[r6,#0x3]
00005BEA  0028          cmp r0,#0x0
00005BEC  01d0          beq 0x00005bf2
00005BEE  1020          movs r0,#0x10
00005BF0  41e0          b 0x00005c76
00005BF2  6348          ldr r0,[0x00005d80]
00005BF4  0078          ldrb r0,[r0,#0x0]
00005BF6  0028          cmp r0,#0x0
00005BF8  02d0          beq 0x00005c00
00005BFA  1120          movs r0,#0x11
00005BFC  3be0          b 0x00005c76
00005BFE  86e0          b 0x00005d0e
00005C00  6048          ldr r0,[0x00005d84]
00005C02  0078          ldrb r0,[r0,#0x0]
00005C04  0028          cmp r0,#0x0
00005C06  01d0          beq 0x00005c0c
00005C08  1220          movs r0,#0x12
00005C0A  34e0          b 0x00005c76
00005C0C  5e48          ldr r0,[0x00005d88]
00005C0E  0078          ldrb r0,[r0,#0x0]
00005C10  0028          cmp r0,#0x0
00005C12  01d0          beq 0x00005c18
00005C14  1820          movs r0,#0x18
00005C16  2ee0          b 0x00005c76
00005C18  5c48          ldr r0,[0x00005d8c]
00005C1A  0078          ldrb r0,[r0,#0x0]
00005C1C  0028          cmp r0,#0x0
00005C1E  01d0          beq 0x00005c24
00005C20  2120          movs r0,#0x21
00005C22  28e0          b 0x00005c76
00005C24  5a48          ldr r0,[0x00005d90]
00005C26  0078          ldrb r0,[r0,#0x0]
00005C28  0028          cmp r0,#0x0
00005C2A  01d0          beq 0x00005c30
00005C2C  2420          movs r0,#0x24
00005C2E  22e0          b 0x00005c76
00005C30  5848          ldr r0,[0x00005d94]
00005C32  0178          ldrb r1,[r0,#0x0]
00005C34  4907          lsls r1,r1,#0x1d
00005C36  01d0          beq 0x00005c3c
00005C38  2820          movs r0,#0x28
00005C3A  1be0          b 0x00005c74
00005C3C  0078          ldrb r0,[r0,#0x0]
00005C3E  8006          lsls r0,r0,#0x1a
00005C40  400f          lsrs r0,r0,#0x1d
00005C42  01d0          beq 0x00005c48
00005C44  2920          movs r0,#0x29
00005C46  15e0          b 0x00005c74
00005C48  5348          ldr r0,[0x00005d98]
00005C4A  0078          ldrb r0,[r0,#0x0]
00005C4C  0028          cmp r0,#0x0
00005C4E  01d0          beq 0x00005c54
00005C50  4020          movs r0,#0x40
00005C52  0fe0          b 0x00005c74
00005C54  5148          ldr r0,[0x00005d9c]
00005C56  0078          ldrb r0,[r0,#0x0]
00005C58  0028          cmp r0,#0x0
00005C5A  01d0          beq 0x00005c60
00005C5C  4520          movs r0,#0x45
00005C5E  09e0          b 0x00005c74
00005C60  b078          ldrb r0,[r6,#0x2]
00005C62  0028          cmp r0,#0x0
00005C64  01d0          beq 0x00005c6a
00005C66  4920          movs r0,#0x49
00005C68  04e0          b 0x00005c74
00005C6A  4d48          ldr r0,[0x00005da0]
00005C6C  0078          ldrb r0,[r0,#0x0]
00005C6E  0028          cmp r0,#0x0
00005C70  03d0          beq 0x00005c7a
00005C72  0220          movs r0,#0x2
00005C74  6946          mov r1,sp
00005C76  0872          strb r0,[r1,#0x8]
00005C78  01e0          b 0x00005c7e
00005C7A  6846          mov r0,sp
00005C7C  0772          strb r7,[r0,#0x8]
00005C7E  4949          ldr r1,[0x00005da4]
00005C80  0020          movs r0,#0x0
00005C82  085e          ldrsh r0,[r1,r0]
00005C84  0028          cmp r0,#0x0
00005C86  4848          ldr r0,[0x00005da8]
00005C88  085e          ldrsh r0,[r1,r0]
00005C8A  00da          bge 0x00005c8e
00005C8C  4042          rsbs r0,r0
00005C8E  020a          lsrs r2,r0,#0x8
00005C90  6946          mov r1,sp
00005C92  4a72          strb r2,[r1,#0x9]
00005C94  8872          strb r0,[r1,#0xa]
00005C96  4548          ldr r0,[0x00005dac]
00005C98  0078          ldrb r0,[r0,#0x0]
00005C9A  0028          cmp r0,#0x0
00005C9C  0bd1          bne 0x00005cb6
00005C9E  4448          ldr r0,[0x00005db0]
00005CA0  0078          ldrb r0,[r0,#0x0]
00005CA2  0028          cmp r0,#0x0
00005CA4  07d1          bne 0x00005cb6
00005CA6  4348          ldr r0,[0x00005db4]
00005CA8  0078          ldrb r0,[r0,#0x0]
00005CAA  0028          cmp r0,#0x0
00005CAC  03d1          bne 0x00005cb6
00005CAE  4248          ldr r0,[0x00005db8]
00005CB0  0078          ldrb r0,[r0,#0x0]
00005CB2  0028          cmp r0,#0x0
00005CB4  04d0          beq 0x00005cc0
00005CB6  c87a          ldrb r0,[r1,#0xb]
00005CB8  0821          movs r1,#0x8
00005CBA  0843          orrs r0,r1
00005CBC  6946          mov r1,sp
00005CBE  c872          strb r0,[r1,#0xb]
00005CC0  3e48          ldr r0,[0x00005dbc]
00005CC2  0078          ldrb r0,[r0,#0x0]
00005CC4  0028          cmp r0,#0x0
00005CC6  04d0          beq 0x00005cd2
00005CC8  087b          ldrb r0,[r1,#0xc]
00005CCA  2021          movs r1,#0x20
00005CCC  0843          orrs r0,r1
00005CCE  6946          mov r1,sp
00005CD0  0873          strb r0,[r1,#0xc]
00005CD2  087b          ldrb r0,[r1,#0xc]
00005CD4  317a          ldrb r1,[r6,#0x8]
00005CD6  0907          lsls r1,r1,#0x1c
00005CD8  090f          lsrs r1,r1,#0x1c
00005CDA  0843          orrs r0,r1
00005CDC  6946          mov r1,sp
00005CDE  0873          strb r0,[r1,#0xc]
00005CE0  15e0          b 0x00005d0e
00005CE2  0920          movs r0,#0x9
00005CE4  9070          strb r0,[r2,#0x2]
00005CE6  3648          ldr r0,[0x00005dc0]
00005CE8  0178          ldrb r1,[r0,#0x0]
00005CEA  d170          strb r1,[r2,#0x3]
00005CEC  3549          ldr r1,[0x00005dc4]
00005CEE  0978          ldrb r1,[r1,#0x0]
00005CF0  1171          strb r1,[r2,#0x4]
00005CF2  4188          ldrh r1,[r0,#0x2]
00005CF4  0b0a          lsrs r3,r1,#0x8
00005CF6  5371          strb r3,[r2,#0x5]
00005CF8  9171          strb r1,[r2,#0x6]
00005CFA  8188          ldrh r1,[r0,#0x4]
00005CFC  0b0a          lsrs r3,r1,#0x8
00005CFE  d371          strb r3,[r2,#0x7]
00005D00  1172          strb r1,[r2,#0x8]
00005D02  8179          ldrb r1,[r0,#0x6]
00005D04  5172          strb r1,[r2,#0x9]
00005D06  017a          ldrb r1,[r0,#0x8]
00005D08  9172          strb r1,[r2,#0xa]
00005D0A  c079          ldrb r0,[r0,#0x7]
00005D0C  d072          strb r0,[r2,#0xb]
00005D0E  6946          mov r1,sp
00005D10  8978          ldrb r1,[r1,#0x2]
00005D12  0020          movs r0,#0x0
00005D14  c91c          adds r1,r1,#0x3
00005D16  04e0          b 0x00005d22
00005D18  2a5c          ldrb r2,[r5,r0]
00005D1A  1219          adds r2,r2,r4
00005D1C  401c          adds r0,r0,#0x1
00005D1E  d4b2          uxtb r4,r2
00005D20  c0b2          uxtb r0,r0
00005D22  8142          cmp r1,r0
00005D24  f8d8          bhi 0x00005d18
00005D26  2c54          strb r4,[r5,r0]
00005D28  6946          mov r1,sp
00005D2A  0978          ldrb r1,[r1,#0x0]
00005D2C  401c          adds r0,r0,#0x1
00005D2E  ff22          movs r2,#0xff
00005D30  c0b2          uxtb r0,r0
00005D32  511a          subs r1,r2,r1
00005D34  2954          strb r1,[r5,r0]
00005D36  401c          adds r0,r0,#0x1
00005D38  c1b2          uxtb r1,r0
00005D3A  6846          mov r0,sp
00005D3C  03f0acf9      bl 0x00009098
00005D40  307f          ldrb r0,[r6,#0x1c]
00005D42  0a28          cmp r0,#0xa
00005D44  02d2          bcs 0x00005d4c
00005D46  401c          adds r0,r0,#0x1
00005D48  3077          strb r0,[r6,#0x1c]
00005D4A  cce6          b 0x00005ae6
00005D4C  f770          strb r7,[r6,#0x3]
00005D4E  cae6          b 0x00005ae6
00005DC8  70b5          push {r4,r5,r6,lr}
00005DCA  154e          ldr r6,[0x00005e20]
00005DCC  3088          ldrh r0,[r6,#0x0]
00005DCE  154d          ldr r5,[0x00005e24]
00005DD0  a98a          ldrh r1,[r5,#0x14]
00005DD2  401a          subs r0,r0,r1
00005DD4  04b2          sxth r4,r0
00005DD6  002c          cmp r4,#0x0
00005DD8  01da          bge 0x00005dde
00005DDA  0024          movs r4,#0x0
00005DDC  02e0          b 0x00005de4
00005DDE  282c          cmp r4,#0x28
00005DE0  00dd          ble 0x00005de4
00005DE2  2824          movs r4,#0x28
00005DE4  0020          movs r0,#0x0
00005DE6  305e          ldrsh r0,[r6,r0]
00005DE8  fdf7c2fd      bl 0x00003970
00005DEC  0146          mov r1,r0
00005DEE  0e48          ldr r0,[0x00005e28]
00005DF0  04f0bef9      bl 0x0000a170
00005DF4  fdf772fd      bl 0x000038dc
00005DF8  a882          strh r0,[r5,#0x14]
00005DFA  0c48          ldr r0,[0x00005e2c]
00005DFC  0021          movs r1,#0x0
00005DFE  415e          ldrsh r1,[r0,r1]
00005E00  0029          cmp r1,#0x0
00005E02  01da          bge 0x00005e08
00005E04  3088          ldrh r0,[r6,#0x0]
00005E06  a882          strh r0,[r5,#0x14]
00005E08  2046          mov r0,r4
00005E0A  fdf7b1fd      bl 0x00003970
00005E0E  0146          mov r1,r0
00005E10  0748          ldr r0,[0x00005e30]
00005E12  04f0adf9      bl 0x0000a170
00005E16  fdf761fd      bl 0x000038dc
00005E1A  e880          strh r0,[r5,#0x6]
00005E1C  70bd          pop {r4,r5,r6,pc}
00005E34  0648          ldr r0,[0x00005e50]
00005E36  4189          ldrh r1,[r0,#0xa]
00005E38  0182          strh r1,[r0,#0x10]
00005E3A  0c21          movs r1,#0xc
00005E3C  415e          ldrsh r1,[r0,r1]
00005E3E  4900          lsls r1,r1,#0x1
00005E40  0a22          movs r2,#0xa
00005E42  825e          ldrsh r2,[r0,r2]
00005E44  8918          adds r1,r1,r2
00005E46  034a          ldr r2,[0x00005e54]
00005E48  5143          muls r1,r2
00005E4A  c913          asrs r1,r1,#0xf
00005E4C  4182          strh r1,[r0,#0x12]
00005E4E  7047          bx lr
00005E58  70b5          push {r4,r5,r6,lr}
00005E5A  1148          ldr r0,[0x00005ea0]
00005E5C  0088          ldrh r0,[r0,#0x0]
00005E5E  00b2          sxth r0,r0
00005E60  04f076f9      bl 0x0000a150
00005E64  0f48          ldr r0,[0x00005ea4]
00005E66  0622          movs r2,#0x6
00005E68  825e          ldrsh r2,[r0,r2]
00005E6A  0f4c          ldr r4,[0x00005ea8]
00005E6C  0021          movs r1,#0x0
00005E6E  615e          ldrsh r1,[r4,r1]
00005E70  4a43          muls r2,r1
00005E72  0423          movs r3,#0x4
00005E74  c35e          ldrsh r3,[r0,r3]
00005E76  0d49          ldr r1,[0x00005eac]
00005E78  0025          movs r5,#0x0
00005E7A  4d5f          ldrsh r5,[r1,r5]
00005E7C  6b43          muls r3,r5
00005E7E  d21a          subs r2,r2,r3
00005E80  d213          asrs r2,r2,#0xf
00005E82  8282          strh r2,[r0,#0x14]
00005E84  0422          movs r2,#0x4
00005E86  825e          ldrsh r2,[r0,r2]
00005E88  0023          movs r3,#0x0
00005E8A  e35e          ldrsh r3,[r4,r3]
00005E8C  5a43          muls r2,r3
00005E8E  0623          movs r3,#0x6
00005E90  c35e          ldrsh r3,[r0,r3]
00005E92  0024          movs r4,#0x0
00005E94  0c5f          ldrsh r4,[r1,r4]
00005E96  6343          muls r3,r4
00005E98  d118          adds r1,r2,r3
00005E9A  c913          asrs r1,r1,#0xf
00005E9C  c182          strh r1,[r0,#0x16]
00005E9E  70bd          pop {r4,r5,r6,pc}
00005EB0  30b5          push {r4,r5,lr}
00005EB2  0f48          ldr r0,[0x00005ef0]
00005EB4  1222          movs r2,#0x12
00005EB6  825e          ldrsh r2,[r0,r2]
00005EB8  0e4c          ldr r4,[0x00005ef4]
00005EBA  0021          movs r1,#0x0
00005EBC  615e          ldrsh r1,[r4,r1]
00005EBE  4a43          muls r2,r1
00005EC0  1023          movs r3,#0x10
00005EC2  c35e          ldrsh r3,[r0,r3]
00005EC4  0c49          ldr r1,[0x00005ef8]
00005EC6  0025          movs r5,#0x0
00005EC8  4d5f          ldrsh r5,[r1,r5]
00005ECA  6b43          muls r3,r5
00005ECC  d21a          subs r2,r2,r3
00005ECE  d213          asrs r2,r2,#0xf
00005ED0  4283          strh r2,[r0,#0x1a]
00005ED2  1022          movs r2,#0x10
00005ED4  825e          ldrsh r2,[r0,r2]
00005ED6  0023          movs r3,#0x0
00005ED8  e35e          ldrsh r3,[r4,r3]
00005EDA  5a43          muls r2,r3
00005EDC  1223          movs r3,#0x12
00005EDE  c35e          ldrsh r3,[r0,r3]
00005EE0  0024          movs r4,#0x0
00005EE2  0c5f          ldrsh r4,[r1,r4]
00005EE4  6343          muls r3,r4
00005EE6  d118          adds r1,r2,r3
00005EE8  c913          asrs r1,r1,#0xf
00005EEA  0183          strh r1,[r0,#0x18]
00005EEC  30bd          pop {r4,r5,pc}
00005EFC  f8b5          push {r3,r4,r5,r6,r7,lr}
00005EFE  8c46          mov r12,r1
00005F00  0121          movs r1,#0x1
00005F02  6a46          mov r2,sp
00005F04  1170          strb r1,[r2,#0x0]
00005F06  194b          ldr r3,[0x00005f6c]
00005F08  174a          ldr r2,[0x00005f68]
00005F0A  1a60          str r2,[r3,#0x0]
00005F0C  1949          ldr r1,[0x00005f74]
00005F0E  184c          ldr r4,[0x00005f70]
00005F10  8c62          str r4,[r1,#0x28]
00005F12  1849          ldr r1,[0x00005f74]
00005F14  184c          ldr r4,[0x00005f78]
00005F16  4031          adds r1,#0x40
00005F18  4c61          str r4,[r1,#0x14]
00005F1A  1c68          ldr r4,[r3,#0x0]
00005F1C  4e13          asrs r6,r1,#0xd
00005F1E  0027          movs r7,#0x0
00005F20  9442          cmp r4,r2
00005F22  10d1          bne 0x00005f46
00005F24  154d          ldr r5,[0x00005f7c]
00005F26  164c          ldr r4,[0x00005f80]
00005F28  1a68          ldr r2,[r3,#0x0]
00005F2A  6a40          eors r2,r5
00005F2C  6240          eors r2,r4
00005F2E  1468          ldr r4,[r2,#0x0]
00005F30  144d          ldr r5,[0x00005f84]
00005F32  2c40          ands r4,r5
00005F34  1460          str r4,[r2,#0x0]
00005F36  7060          str r0,[r6,#0x4]
00005F38  1468          ldr r4,[r2,#0x0]
00005F3A  b502          lsls r5,r6,#0xa
00005F3C  2c43          orrs r4,r5
00005F3E  1460          str r4,[r2,#0x0]
00005F40  1f60          str r7,[r3,#0x0]
00005F42  6246          mov r2,r12
00005F44  b260          str r2,[r6,#0x8]
00005F46  3268          ldr r2,[r6,#0x0]
00005F48  0f4c          ldr r4,[0x00005f88]
00005F4A  2240          ands r2,r4
00005F4C  3260          str r2,[r6,#0x0]
00005F4E  1f60          str r7,[r3,#0x0]
00005F50  4f61          str r7,[r1,#0x14]
00005F52  0849          ldr r1,[0x00005f74]
00005F54  8f62          str r7,[r1,#0x28]
00005F56  0068          ldr r0,[r0,#0x0]
00005F58  f168          ldr r1,[r6,#0xc]
00005F5A  8842          cmp r0,r1
00005F5C  01d0          beq 0x00005f62
00005F5E  6846          mov r0,sp
00005F60  0770          strb r7,[r0,#0x0]
00005F62  6846          mov r0,sp
00005F64  0078          ldrb r0,[r0,#0x0]
00005F66  f8bd          pop {r3,r4,r5,r6,r7,pc}
00005F8C  0549          ldr r1,[0x00005fa4]
00005F8E  0448          ldr r0,[0x00005fa0]
00005F90  8862          str r0,[r1,#0x28]
00005F92  0021          movs r1,#0x0
00005F94  0120          movs r0,#0x1
00005F96  8007          lsls r0,r0,#0x1e
00005F98  0161          str r1,[r0,#0x10]
00005F9A  8161          str r1,[r0,#0x18]
00005F9C  7047          bx lr
00005FA8  10b5          push {r4,lr}
00005FAA  204c          ldr r4,[0x0000602c]
00005FAC  208b          ldrh r0,[r4,#0x18]
00005FAE  4042          rsbs r0,r0
00005FB0  00b2          sxth r0,r0
00005FB2  e083          strh r0,[r4,#0x1e]
00005FB4  c110          asrs r1,r0,#0x3
00005FB6  6184          strh r1,[r4,#0x22]
00005FB8  2089          ldrh r0,[r4,#0x8]
00005FBA  228b          ldrh r2,[r4,#0x18]
00005FBC  801a          subs r0,r0,r2
00005FBE  4200          lsls r2,r0,#0x1
00005FC0  8018          adds r0,r0,r2
00005FC2  2084          strh r0,[r4,#0x20]
00005FC4  228b          ldrh r2,[r4,#0x18]
00005FC6  2281          strh r2,[r4,#0x8]
00005FC8  0818          adds r0,r1,r0
00005FCA  e188          ldrh r1,[r4,#0x6]
00005FCC  4018          adds r0,r0,r1
00005FCE  e080          strh r0,[r4,#0x6]
00005FD0  0621          movs r1,#0x6
00005FD2  615e          ldrsh r1,[r4,r1]
00005FD4  1648          ldr r0,[0x00006030]
00005FD6  8142          cmp r1,r0
00005FD8  04db          blt 0x00005fe4
00005FDA  0621          movs r1,#0x6
00005FDC  615e          ldrsh r1,[r4,r1]
00005FDE  4042          rsbs r0,r0
00005FE0  8142          cmp r1,r0
00005FE2  00dd          ble 0x00005fe6
00005FE4  e080          strh r0,[r4,#0x6]
00005FE6  0620          movs r0,#0x6
00005FE8  205e          ldrsh r0,[r4,r0]
00005FEA  fdf7c1fc      bl 0x00003970
00005FEE  0146          mov r1,r0
00005FF0  1048          ldr r0,[0x00006034]
00005FF2  04f0bdf8      bl 0x0000a170
00005FF6  fdf771fc      bl 0x000038dc
00005FFA  e080          strh r0,[r4,#0x6]
00005FFC  0620          movs r0,#0x6
00005FFE  205e          ldrsh r0,[r4,r0]
00006000  0621          movs r1,#0x6
00006002  615e          ldrsh r1,[r4,r1]
00006004  4843          muls r0,r1
00006006  0c49          ldr r1,[0x00006038]
00006008  081a          subs r0,r1,r0
0000600A  0028          cmp r0,#0x0
0000600C  02dd          ble 0x00006014
0000600E  02f067fb      bl 0x000086e0
00006012  00e0          b 0x00006016
00006014  0020          movs r0,#0x0
00006016  0421          movs r1,#0x4
00006018  615e          ldrsh r1,[r4,r1]
0000601A  8142          cmp r1,r0
0000601C  04dc          bgt 0x00006028
0000601E  0421          movs r1,#0x4
00006020  615e          ldrsh r1,[r4,r1]
00006022  4042          rsbs r0,r0
00006024  8142          cmp r1,r0
00006026  00da          bge 0x0000602a
00006028  a080          strh r0,[r4,#0x4]
0000602A  10bd          pop {r4,pc}
0000603C  10b5          push {r4,lr}
0000603E  01f0f5fd      bl 0x00007c2c
00006042  10bd          pop {r4,pc}
00006044  f8b5          push {r3,r4,r5,r6,r7,lr}
00006046  0021          movs r1,#0x0
00006048  a24a          ldr r2,[0x000062d4]
0000604A  0846          mov r0,r1
0000604C  4300          lsls r3,r0,#0x1
0000604E  d35e          ldrsh r3,[r2,r3]
00006050  401c          adds r0,r0,#0x1
00006052  5918          adds r1,r3,r1
00006054  c0b2          uxtb r0,r0
00006056  0428          cmp r0,#0x4
00006058  f8d3          bcc 0x0000604c
0000605A  9f48          ldr r0,[0x000062d8]
0000605C  8911          asrs r1,r1,#0x6
0000605E  028a          ldrh r2,[r0,#0x10]
00006060  891a          subs r1,r1,r2
00006062  8180          strh r1,[r0,#0x4]
00006064  0421          movs r1,#0x4
00006066  415e          ldrsh r1,[r0,r1]
00006068  408a          ldrh r0,[r0,#0x12]
0000606A  0025          movs r5,#0x0
0000606C  9b4c          ldr r4,[0x000062dc]
0000606E  8142          cmp r1,r0
00006070  04dc          bgt 0x0000607c
00006072  9b48          ldr r0,[0x000062e0]
00006074  425f          ldrsh r2,[r0,r5]
00006076  9b49          ldr r1,[0x000062e4]
00006078  8a42          cmp r2,r1
0000607A  70dd          ble 0x0000615e
0000607C  9648          ldr r0,[0x000062d8]
0000607E  0121          movs r1,#0x1
00006080  0170          strb r1,[r0,#0x0]
00006082  0421          movs r1,#0x4
00006084  415e          ldrsh r1,[r0,r1]
00006086  ab22          movs r2,#0xab
00006088  9200          lsls r2,r2,#0x2
0000608A  9142          cmp r1,r2
0000608C  05da          bge 0x0000609a
0000608E  0122          movs r2,#0x1
00006090  0421          movs r1,#0x4
00006092  9446          mov r12,r2
00006094  0a23          movs r3,#0xa
00006096  1e22          movs r2,#0x1e
00006098  04e0          b 0x000060a4
0000609A  0322          movs r2,#0x3
0000609C  0221          movs r1,#0x2
0000609E  9446          mov r12,r2
000060A0  1e23          movs r3,#0x1e
000060A2  3c22          movs r2,#0x3c
000060A4  8c48          ldr r0,[0x000062d8]
000060A6  0426          movs r6,#0x4
000060A8  865f          ldrsh r6,[r0,r6]
000060AA  408a          ldrh r0,[r0,#0x12]
000060AC  8642          cmp r6,r0
000060AE  07dd          ble 0x000060c0
000060B0  8948          ldr r0,[0x000062d8]
000060B2  0426          movs r6,#0x4
000060B4  865f          ldrsh r6,[r0,r6]
000060B6  408a          ldrh r0,[r0,#0x12]
000060B8  301a          subs r0,r6,r0
000060BA  0841          asrs r0,r1
000060BC  80b2          uxth r0,r0
000060BE  00e0          b 0x000060c2
000060C0  0020          movs r0,#0x0
000060C2  874e          ldr r6,[0x000062e0]
000060C4  0027          movs r7,#0x0
000060C6  f75f          ldrsh r7,[r6,r7]
000060C8  864e          ldr r6,[0x000062e4]
000060CA  b742          cmp r7,r6
000060CC  844e          ldr r6,[0x000062e0]
000060CE  864f          ldr r7,[0x000062e8]
000060D0  f75f          ldrsh r7,[r6,r7]
000060D2  02dd          ble 0x000060da
000060D4  834e          ldr r6,[0x000062e4]
000060D6  7642          rsbs r6,r6
000060D8  10e0          b 0x000060fc
000060DA  844e          ldr r6,[0x000062ec]
000060DC  b742          cmp r7,r6
000060DE  11da          bge 0x00006104
000060E0  7f4e          ldr r6,[0x000062e0]
000060E2  0027          movs r7,#0x0
000060E4  f75f          ldrsh r7,[r6,r7]
000060E6  814e          ldr r6,[0x000062ec]
000060E8  f61b          subs r6,r6,r7
000060EA  7d4e          ldr r6,[0x000062e0]
000060EC  7e4f          ldr r7,[0x000062e8]
000060EE  f75f          ldrsh r7,[r6,r7]
000060F0  02d4          bmi 0x000060f8
000060F2  7e4e          ldr r6,[0x000062ec]
000060F4  f61b          subs r6,r6,r7
000060F6  02e0          b 0x000060fe
000060F8  7c4e          ldr r6,[0x000062ec]
000060FA  7642          rsbs r6,r6
000060FC  be19          adds r6,r7,r6
000060FE  0e41          asrs r6,r1
00006100  3018          adds r0,r6,r0
00006102  80b2          uxth r0,r0
00006104  744e          ldr r6,[0x000062d8]
00006106  0427          movs r7,#0x4
00006108  f75f          ldrsh r7,[r6,r7]
0000610A  0a21          movs r1,#0xa
0000610C  715e          ldrsh r1,[r6,r1]
0000610E  8f42          cmp r7,r1
00006110  08dd          ble 0x00006124
00006112  b688          ldrh r6,[r6,#0x4]
00006114  711a          subs r1,r6,r1
00006116  6646          mov r6,r12
00006118  b140          lsls r1,r6
0000611A  89b2          uxth r1,r1
0000611C  9942          cmp r1,r3
0000611E  02d9          bls 0x00006126
00006120  1946          mov r1,r3
00006122  00e0          b 0x00006126
00006124  0021          movs r1,#0x0
00006126  4018          adds r0,r0,r1
00006128  0004          lsls r0,r0,#0x10
0000612A  000c          lsrs r0,r0,#0x10
0000612C  0ad0          beq 0x00006144
0000612E  9042          cmp r0,r2
00006130  00d9          bls 0x00006134
00006132  1046          mov r0,r2
00006134  0021          movs r1,#0x0
00006136  615e          ldrsh r1,[r4,r1]
00006138  4242          rsbs r2,r0
0000613A  9142          cmp r1,r2
0000613C  04da          bge 0x00006148
0000613E  2188          ldrh r1,[r4,#0x0]
00006140  0818          adds r0,r1,r0
00006142  07e0          b 0x00006154
00006144  0120          movs r0,#0x1
00006146  f5e7          b 0x00006134
00006148  0021          movs r1,#0x0
0000614A  615e          ldrsh r1,[r4,r1]
0000614C  8142          cmp r1,r0
0000614E  03dd          ble 0x00006158
00006150  2188          ldrh r1,[r4,#0x0]
00006152  081a          subs r0,r1,r0
00006154  2080          strh r0,[r4,#0x0]
00006156  22e0          b 0x0000619e
00006158  2580          strh r5,[r4,#0x0]
0000615A  20e0          b 0x0000619e
0000615E  5e49          ldr r1,[0x000062d8]
00006160  0d70          strb r5,[r1,#0x0]
00006162  634a          ldr r2,[0x000062f0]
00006164  1278          ldrb r2,[r2,#0x0]
00006166  002a          cmp r2,#0x0
00006168  19d0          beq 0x0000619e
0000616A  0422          movs r2,#0x4
0000616C  8a5e          ldrsh r2,[r1,r2]
0000616E  0623          movs r3,#0x6
00006170  cb5e          ldrsh r3,[r1,r3]
00006172  9a42          cmp r2,r3
00006174  1edb          blt 0x000061b4
00006176  0022          movs r2,#0x0
00006178  825e          ldrsh r2,[r0,r2]
0000617A  0823          movs r3,#0x8
0000617C  cb5e          ldrsh r3,[r1,r3]
0000617E  9a42          cmp r2,r3
00006180  18db          blt 0x000061b4
00006182  5c4a          ldr r2,[0x000062f4]
00006184  938b          ldrh r3,[r2,#0x1c]
00006186  5c4a          ldr r2,[0x000062f8]
00006188  1288          ldrh r2,[r2,#0x0]
0000618A  9342          cmp r3,r2
0000618C  07d2          bcs 0x0000619e
0000618E  5b4a          ldr r2,[0x000062fc]
00006190  1278          ldrb r2,[r2,#0x0]
00006192  002a          cmp r2,#0x0
00006194  03d1          bne 0x0000619e
00006196  5a4a          ldr r2,[0x00006300]
00006198  1278          ldrb r2,[r2,#0x0]
0000619A  002a          cmp r2,#0x0
0000619C  0ad0          beq 0x000061b4
0000619E  4e48          ldr r0,[0x000062d8]
000061A0  8188          ldrh r1,[r0,#0x4]
000061A2  584a          ldr r2,[0x00006304]
000061A4  4181          strh r1,[r0,#0xa]
000061A6  1178          ldrb r1,[r2,#0x0]
000061A8  0029          cmp r1,#0x0
000061AA  39d0          beq 0x00006220
000061AC  c189          ldrh r1,[r0,#0xe]
000061AE  0029          cmp r1,#0x0
000061B0  1dd0          beq 0x000061ee
000061B2  1ee0          b 0x000061f2
000061B4  0023          movs r3,#0x0
000061B6  c35e          ldrsh r3,[r0,r3]
000061B8  4c4a          ldr r2,[0x000062ec]
000061BA  d31a          subs r3,r2,r3
000061BC  03d4          bmi 0x000061c6
000061BE  0023          movs r3,#0x0
000061C0  c35e          ldrsh r3,[r0,r3]
000061C2  d01a          subs r0,r2,r3
000061C4  04e0          b 0x000061d0
000061C6  0022          movs r2,#0x0
000061C8  825e          ldrsh r2,[r0,r2]
000061CA  4848          ldr r0,[0x000062ec]
000061CC  4042          rsbs r0,r0
000061CE  1018          adds r0,r2,r0
000061D0  8003          lsls r0,r0,#0xe
000061D2  020c          lsrs r2,r0,#0x10
000061D4  09d0          beq 0x000061ea
000061D6  142a          cmp r2,#0x14
000061D8  00d9          bls 0x000061dc
000061DA  1422          movs r2,#0x14
000061DC  0120          movs r0,#0x1
000061DE  0870          strb r0,[r1,#0x0]
000061E0  0021          movs r1,#0x0
000061E2  605e          ldrsh r0,[r4,r1]
000061E4  03f034fe      bl 0x00009e50
000061E8  b4e7          b 0x00006154
000061EA  0122          movs r2,#0x1
000061EC  f6e7          b 0x000061dc
000061EE  0a23          movs r3,#0xa
000061F0  8381          strh r3,[r0,#0xc]
000061F2  491c          adds r1,r1,#0x1
000061F4  89b2          uxth r1,r1
000061F6  7d23          movs r3,#0x7d
000061F8  1b01          lsls r3,r3,#0x4
000061FA  c181          strh r1,[r0,#0xe]
000061FC  9942          cmp r1,r3
000061FE  10d9          bls 0x00006222
00006200  c381          strh r3,[r0,#0xe]
00006202  4178          ldrb r1,[r0,#0x1]
00006204  491c          adds r1,r1,#0x1
00006206  c9b2          uxtb r1,r1
00006208  4170          strb r1,[r0,#0x1]
0000620A  0229          cmp r1,#0x2
0000620C  09d9          bls 0x00006222
0000620E  4570          strb r5,[r0,#0x1]
00006210  0c21          movs r1,#0xc
00006212  415e          ldrsh r1,[r0,r1]
00006214  334b          ldr r3,[0x000062e4]
00006216  9942          cmp r1,r3
00006218  03da          bge 0x00006222
0000621A  491c          adds r1,r1,#0x1
0000621C  8181          strh r1,[r0,#0xc]
0000621E  00e0          b 0x00006222
00006220  c581          strh r5,[r0,#0xe]
00006222  1178          ldrb r1,[r2,#0x0]
00006224  0029          cmp r1,#0x0
00006226  1bd0          beq 0x00006260
00006228  0121          movs r1,#0x1
0000622A  0170          strb r1,[r0,#0x0]
0000622C  2c49          ldr r1,[0x000062e0]
0000622E  0022          movs r2,#0x0
00006230  8a5e          ldrsh r2,[r1,r2]
00006232  0c23          movs r3,#0xc
00006234  c35e          ldrsh r3,[r0,r3]
00006236  9a42          cmp r2,r3
00006238  06dd          ble 0x00006248
0000623A  0021          movs r1,#0x0
0000623C  615e          ldrsh r1,[r4,r1]
0000623E  0029          cmp r1,#0x0
00006240  0edd          ble 0x00006260
00006242  2188          ldrh r1,[r4,#0x0]
00006244  491e          subs r1,r1,#0x1
00006246  0ae0          b 0x0000625e
00006248  0022          movs r2,#0x0
0000624A  8a5e          ldrsh r2,[r1,r2]
0000624C  002a          cmp r2,#0x0
0000624E  07da          bge 0x00006260
00006250  0021          movs r1,#0x0
00006252  615e          ldrsh r1,[r4,r1]
00006254  2c4a          ldr r2,[0x00006308]
00006256  9142          cmp r1,r2
00006258  02da          bge 0x00006260
0000625A  2188          ldrh r1,[r4,#0x0]
0000625C  491c          adds r1,r1,#0x1
0000625E  2180          strh r1,[r4,#0x0]
00006260  0178          ldrb r1,[r0,#0x0]
00006262  0029          cmp r1,#0x0
00006264  04d0          beq 0x00006270
00006266  2249          ldr r1,[0x000062f0]
00006268  0978          ldrb r1,[r1,#0x0]
0000626A  0029          cmp r1,#0x0
0000626C  09d0          beq 0x00006282
0000626E  0ae0          b 0x00006286
00006270  0322          movs r2,#0x3
00006272  0221          movs r1,#0x2
00006274  415e          ldrsh r1,[r0,r1]
00006276  0020          movs r0,#0x0
00006278  205e          ldrsh r0,[r4,r0]
0000627A  03f0e9fd      bl 0x00009e50
0000627E  2080          strh r0,[r4,#0x0]
00006280  01e0          b 0x00006286
00006282  2188          ldrh r1,[r4,#0x0]
00006284  4180          strh r1,[r0,#0x2]
00006286  1648          ldr r0,[0x000062e0]
00006288  0021          movs r1,#0x0
0000628A  415e          ldrsh r1,[r0,r1]
0000628C  1f4c          ldr r4,[0x0000630c]
0000628E  0020          movs r0,#0x0
00006290  205e          ldrsh r0,[r4,r0]
00006292  081a          subs r0,r1,r0
00006294  1421          movs r1,#0x14
00006296  fcf7e3fb      bl 0x00002a60
0000629A  2188          ldrh r1,[r4,#0x0]
0000629C  4018          adds r0,r0,r1
0000629E  2080          strh r0,[r4,#0x0]
000062A0  0021          movs r1,#0x0
000062A2  1b4a          ldr r2,[0x00006310]
000062A4  0846          mov r0,r1
000062A6  4300          lsls r3,r0,#0x1
000062A8  d35e          ldrsh r3,[r2,r3]
000062AA  401c          adds r0,r0,#0x1
000062AC  5918          adds r1,r3,r1
000062AE  c0b2          uxtb r0,r0
000062B0  0428          cmp r0,#0x4
000062B2  f8d3          bcc 0x000062a6
000062B4  8811          asrs r0,r1,#0x6
000062B6  1049          ldr r1,[0x000062f8]
000062B8  0880          strh r0,[r1,#0x0]
000062BA  0888          ldrh r0,[r1,#0x0]
000062BC  1249          ldr r1,[0x00006308]
000062BE  3431          adds r1,#0x34
000062C0  8842          cmp r0,r1
000062C2  06d9          bls 0x000062d2
000062C4  1349          ldr r1,[0x00006314]
000062C6  0120          movs r0,#0x1
000062C8  0870          strb r0,[r1,#0x0]
000062CA  1348          ldr r0,[0x00006318]
000062CC  0570          strb r5,[r0,#0x0]
000062CE  fef7e3fb      bl 0x00004a98
000062D2  f8bd          pop {r3,r4,r5,r6,r7,pc}
000063B0  f8b5          push {r3,r4,r5,r6,r7,lr}
000063B2  9b49          ldr r1,[0x00006620]
000063B4  0020          movs r0,#0x0
000063B6  0d88          ldrh r5,[r1,#0x0]
000063B8  0246          mov r2,r0
000063BA  9a4c          ldr r4,[0x00006624]
000063BC  9a4b          ldr r3,[0x00006628]
000063BE  a17b          ldrb r1,[r4,#0xe]
000063C0  4e00          lsls r6,r1,#0x1
000063C2  9d53          strh r5,[r3,r6]
000063C4  491c          adds r1,r1,#0x1
000063C6  cdb2          uxtb r5,r1
000063C8  a573          strb r5,[r4,#0xe]
000063CA  0146          mov r1,r0
000063CC  082d          cmp r5,#0x8
000063CE  00d3          bcc 0x000063d2
000063D0  a173          strb r1,[r4,#0xe]
000063D2  4500          lsls r5,r0,#0x1
000063D4  5d5b          ldrh r5,[r3,r5]
000063D6  401c          adds r0,r0,#0x1
000063D8  aa18          adds r2,r5,r2
000063DA  c0b2          uxtb r0,r0
000063DC  92b2          uxth r2,r2
000063DE  0828          cmp r0,#0x8
000063E0  f7d3          bcc 0x000063d2
000063E2  d008          lsrs r0,r2,#0x3
000063E4  914a          ldr r2,[0x0000662c]
000063E6  e084          strh r0,[r4,#0x26]
000063E8  1268          ldr r2,[r2,#0x0]
000063EA  914b          ldr r3,[0x00006630]
000063EC  9a42          cmp r2,r3
000063EE  1ad0          beq 0x00006426
000063F0  627a          ldrb r2,[r4,#0x9]
000063F2  904e          ldr r6,[0x00006634]
000063F4  002a          cmp r2,#0x0
000063F6  0ed0          beq 0x00006416
000063F8  8f4b          ldr r3,[0x00006638]
000063FA  0022          movs r2,#0x0
000063FC  9a56          ldrsb r2,[r3,r2]
000063FE  531d          adds r3,r2,#0x5
00006400  03da          bge 0x0000640a
00006402  8e4a          ldr r2,[0x0000663c]
00006404  1278          ldrb r2,[r2,#0x0]
00006406  002a          cmp r2,#0x0
00006408  05d0          beq 0x00006416
0000640A  0022          movs r2,#0x0
0000640C  b25e          ldrsh r2,[r6,r2]
0000640E  ff23          movs r3,#0xff
00006410  0533          adds r3,#0x5
00006412  9a42          cmp r2,r3
00006414  02db          blt 0x0000641c
00006416  227a          ldrb r2,[r4,#0x8]
00006418  002a          cmp r2,#0x0
0000641A  04d0          beq 0x00006426
0000641C  227a          ldrb r2,[r4,#0x8]
0000641E  0125          movs r5,#0x1
00006420  002a          cmp r2,#0x0
00006422  03d0          beq 0x0000642c
00006424  84e0          b 0x00006530
00006426  2172          strb r1,[r4,#0x8]
00006428  6182          strh r1,[r4,#0x12]
0000642A  f8bd          pop {r3,r4,r5,r6,r7,pc}
0000642C  0a28          cmp r0,#0xa
0000642E  7fd9          bls 0x00006530
00006430  0022          movs r2,#0x0
00006432  b25e          ldrsh r2,[r6,r2]
00006434  142a          cmp r2,#0x14
00006436  7bdd          ble 0x00006530
00006438  0746          mov r7,r0
0000643A  0a37          adds r7,#0xa
0000643C  0246          mov r2,r0
0000643E  0a3a          subs r2,#0xa
00006440  2783          strh r7,[r4,#0x18]
00006442  92b2          uxth r2,r2
00006444  6283          strh r2,[r4,#0x1a]
00006446  0092          str r2,[sp,#0x0]
00006448  3288          ldrh r2,[r6,#0x0]
0000644A  1432          adds r2,#0x14
0000644C  92b2          uxth r2,r2
0000644E  e283          strh r2,[r4,#0x1e]
00006450  9446          mov r12,r2
00006452  3288          ldrh r2,[r6,#0x0]
00006454  143a          subs r2,#0x14
00006456  92b2          uxth r2,r2
00006458  2284          strh r2,[r4,#0x20]
0000645A  a38b          ldrh r3,[r4,#0x1c]
0000645C  bb42          cmp r3,r7
0000645E  62d2          bcs 0x00006526
00006460  009f          ldr r7,[sp,#0x0]
00006462  bb42          cmp r3,r7
00006464  5fd9          bls 0x00006526
00006466  638c          ldrh r3,[r4,#0x22]
00006468  6345          cmp r3,r12
0000646A  5cd2          bcs 0x00006526
0000646C  9342          cmp r3,r2
0000646E  5ad9          bls 0x00006526
00006470  734a          ldr r2,[0x00006640]
00006472  1278          ldrb r2,[r2,#0x0]
00006474  002a          cmp r2,#0x0
00006476  56d1          bne 0x00006526
00006478  724a          ldr r2,[0x00006644]
0000647A  1278          ldrb r2,[r2,#0x0]
0000647C  002a          cmp r2,#0x0
0000647E  52d1          bne 0x00006526
00006480  714a          ldr r2,[0x00006648]
00006482  1278          ldrb r2,[r2,#0x0]
00006484  002a          cmp r2,#0x0
00006486  4ed0          beq 0x00006526
00006488  228d          ldrh r2,[r4,#0x28]
0000648A  022a          cmp r2,#0x2
0000648C  01d2          bcs 0x00006492
0000648E  a084          strh r0,[r4,#0x24]
00006490  09e0          b 0x000064a6
00006492  a38c          ldrh r3,[r4,#0x24]
00006494  1a46          mov r2,r3
00006496  0a33          adds r3,#0xa
00006498  9842          cmp r0,r3
0000649A  02d8          bhi 0x000064a2
0000649C  0a3a          subs r2,#0xa
0000649E  9042          cmp r0,r2
000064A0  01da          bge 0x000064a6
000064A2  6174          strb r1,[r4,#0x11]
000064A4  2185          strh r1,[r4,#0x28]
000064A6  628d          ldrh r2,[r4,#0x2a]
000064A8  022a          cmp r2,#0x2
000064AA  02d2          bcs 0x000064b2
000064AC  3288          ldrh r2,[r6,#0x0]
000064AE  a285          strh r2,[r4,#0x2c]
000064B0  0de0          b 0x000064ce
000064B2  0023          movs r3,#0x0
000064B4  f35e          ldrsh r3,[r6,r3]
000064B6  a28d          ldrh r2,[r4,#0x2c]
000064B8  1746          mov r7,r2
000064BA  1432          adds r2,#0x14
000064BC  9342          cmp r3,r2
000064BE  04dc          bgt 0x000064ca
000064C0  0022          movs r2,#0x0
000064C2  b25e          ldrsh r2,[r6,r2]
000064C4  143f          subs r7,#0x14
000064C6  ba42          cmp r2,r7
000064C8  01da          bge 0x000064ce
000064CA  2174          strb r1,[r4,#0x10]
000064CC  6185          strh r1,[r4,#0x2a]
000064CE  228d          ldrh r2,[r4,#0x28]
000064D0  ff23          movs r3,#0xff
000064D2  521c          adds r2,r2,#0x1
000064D4  92b2          uxth r2,r2
000064D6  f533          adds r3,#0xf5
000064D8  2285          strh r2,[r4,#0x28]
000064DA  9a42          cmp r2,r3
000064DC  01d9          bls 0x000064e2
000064DE  6574          strb r5,[r4,#0x11]
000064E0  2185          strh r1,[r4,#0x28]
000064E2  628d          ldrh r2,[r4,#0x2a]
000064E4  ff23          movs r3,#0xff
000064E6  521c          adds r2,r2,#0x1
000064E8  92b2          uxth r2,r2
000064EA  2d33          adds r3,#0x2d
000064EC  6285          strh r2,[r4,#0x2a]
000064EE  9a42          cmp r2,r3
000064F0  02d9          bls 0x000064f8
000064F2  2574          strb r5,[r4,#0x10]
000064F4  6185          strh r1,[r4,#0x2a]
000064F6  02e0          b 0x000064fe
000064F8  227c          ldrb r2,[r4,#0x10]
000064FA  012a          cmp r2,#0x1
000064FC  19d1          bne 0x00006532
000064FE  627c          ldrb r2,[r4,#0x11]
00006500  012a          cmp r2,#0x1
00006502  16d1          bne 0x00006532
00006504  514a          ldr r2,[0x0000664c]
00006506  0023          movs r3,#0x0
00006508  d35e          ldrsh r3,[r2,r3]
0000650A  1c2b          cmp r3,#0x1c
0000650C  11dd          ble 0x00006532
0000650E  504a          ldr r2,[0x00006650]
00006510  1388          ldrh r3,[r2,#0x0]
00006512  0a2b          cmp r3,#0xa
00006514  0dd9          bls 0x00006532
00006516  2174          strb r1,[r4,#0x10]
00006518  6174          strb r1,[r4,#0x11]
0000651A  2572          strb r5,[r4,#0x8]
0000651C  6173          strb r1,[r4,#0xd]
0000651E  1288          ldrh r2,[r2,#0x0]
00006520  6282          strh r2,[r4,#0x12]
00006522  06e0          b 0x00006532
00006526  2185          strh r1,[r4,#0x28]
00006528  6185          strh r1,[r4,#0x2a]
0000652A  2174          strb r1,[r4,#0x10]
0000652C  6174          strb r1,[r4,#0x11]
0000652E  00e0          b 0x00006532
00006530  2185          strh r1,[r4,#0x28]
00006532  a083          strh r0,[r4,#0x1c]
00006534  3088          ldrh r0,[r6,#0x0]
00006536  6084          strh r0,[r4,#0x22]
00006538  207a          ldrb r0,[r4,#0x8]
0000653A  464a          ldr r2,[0x00006654]
0000653C  0028          cmp r0,#0x0
0000653E  6bd0          beq 0x00006618
00006540  3748          ldr r0,[0x00006620]
00006542  0388          ldrh r3,[r0,#0x0]
00006544  052b          cmp r3,#0x5
00006546  01d2          bcs 0x0000654c
00006548  6573          strb r5,[r4,#0xd]
0000654A  02e0          b 0x00006552
0000654C  637b          ldrb r3,[r4,#0xd]
0000654E  002b          cmp r3,#0x0
00006550  05d0          beq 0x0000655e
00006552  0388          ldrh r3,[r0,#0x0]
00006554  0f2b          cmp r3,#0xf
00006556  02d9          bls 0x0000655e
00006558  6173          strb r1,[r4,#0xd]
0000655A  2172          strb r1,[r4,#0x8]
0000655C  6182          strh r1,[r4,#0x12]
0000655E  a58c          ldrh r5,[r4,#0x24]
00006560  0388          ldrh r3,[r0,#0x0]
00006562  0a3b          subs r3,#0xa
00006564  9d42          cmp r5,r3
00006566  05da          bge 0x00006574
00006568  0088          ldrh r0,[r0,#0x0]
0000656A  0a28          cmp r0,#0xa
0000656C  02d9          bls 0x00006574
0000656E  6173          strb r1,[r4,#0xd]
00006570  2172          strb r1,[r4,#0x8]
00006572  6182          strh r1,[r4,#0x12]
00006574  3848          ldr r0,[0x00006658]
00006576  0078          ldrb r0,[r0,#0x0]
00006578  0028          cmp r0,#0x0
0000657A  4ad1          bne 0x00006612
0000657C  3748          ldr r0,[0x0000665c]
0000657E  0078          ldrb r0,[r0,#0x0]
00006580  0028          cmp r0,#0x0
00006582  46d1          bne 0x00006612
00006584  3648          ldr r0,[0x00006660]
00006586  0078          ldrb r0,[r0,#0x0]
00006588  0028          cmp r0,#0x0
0000658A  42d1          bne 0x00006612
0000658C  3548          ldr r0,[0x00006664]
0000658E  0078          ldrb r0,[r0,#0x0]
00006590  0028          cmp r0,#0x0
00006592  3ed1          bne 0x00006612
00006594  3448          ldr r0,[0x00006668]
00006596  0078          ldrb r0,[r0,#0x0]
00006598  0028          cmp r0,#0x0
0000659A  3ad1          bne 0x00006612
0000659C  3348          ldr r0,[0x0000666c]
0000659E  0078          ldrb r0,[r0,#0x0]
000065A0  0028          cmp r0,#0x0
000065A2  36d1          bne 0x00006612
000065A4  3248          ldr r0,[0x00006670]
000065A6  0078          ldrb r0,[r0,#0x0]
000065A8  0028          cmp r0,#0x0
000065AA  32d1          bne 0x00006612
000065AC  3148          ldr r0,[0x00006674]
000065AE  0078          ldrb r0,[r0,#0x0]
000065B0  0028          cmp r0,#0x0
000065B2  2ed1          bne 0x00006612
000065B4  3048          ldr r0,[0x00006678]
000065B6  0078          ldrb r0,[r0,#0x0]
000065B8  0028          cmp r0,#0x0
000065BA  2ad1          bne 0x00006612
000065BC  2f48          ldr r0,[0x0000667c]
000065BE  0078          ldrb r0,[r0,#0x0]
000065C0  0028          cmp r0,#0x0
000065C2  26d1          bne 0x00006612
000065C4  2e48          ldr r0,[0x00006680]
000065C6  0078          ldrb r0,[r0,#0x0]
000065C8  0028          cmp r0,#0x0
000065CA  22d1          bne 0x00006612
000065CC  2d48          ldr r0,[0x00006684]
000065CE  0078          ldrb r0,[r0,#0x0]
000065D0  0028          cmp r0,#0x0
000065D2  1ed1          bne 0x00006612
000065D4  2c48          ldr r0,[0x00006688]
000065D6  0078          ldrb r0,[r0,#0x0]
000065D8  0028          cmp r0,#0x0
000065DA  1ad1          bne 0x00006612
000065DC  2b48          ldr r0,[0x0000668c]
000065DE  c079          ldrb r0,[r0,#0x7]
000065E0  8306          lsls r3,r0,#0x1a
000065E2  02d4          bmi 0x000065ea
000065E4  4007          lsls r0,r0,#0x1d
000065E6  800f          lsrs r0,r0,#0x1e
000065E8  03d0          beq 0x000065f2
000065EA  1448          ldr r0,[0x0000663c]
000065EC  0078          ldrb r0,[r0,#0x0]
000065EE  0028          cmp r0,#0x0
000065F0  0fd0          beq 0x00006612
000065F2  2748          ldr r0,[0x00006690]
000065F4  0078          ldrb r0,[r0,#0x0]
000065F6  0028          cmp r0,#0x0
000065F8  0bd1          bne 0x00006612
000065FA  1248          ldr r0,[0x00006644]
000065FC  0078          ldrb r0,[r0,#0x0]
000065FE  0028          cmp r0,#0x0
00006600  07d1          bne 0x00006612
00006602  0f48          ldr r0,[0x00006640]
00006604  0078          ldrb r0,[r0,#0x0]
00006606  0028          cmp r0,#0x0
00006608  03d1          bne 0x00006612
0000660A  e07b          ldrb r0,[r4,#0xf]
0000660C  1378          ldrb r3,[r2,#0x0]
0000660E  9842          cmp r0,r3
00006610  02d0          beq 0x00006618
00006612  6173          strb r1,[r4,#0xd]
00006614  2172          strb r1,[r4,#0x8]
00006616  6182          strh r1,[r4,#0x12]
00006618  1078          ldrb r0,[r2,#0x0]
0000661A  e073          strb r0,[r4,#0xf]
0000661C  f8bd          pop {r3,r4,r5,r6,r7,pc}
000067AC  f8b5          push {r3,r4,r5,r6,r7,lr}
000067AE  aa48          ldr r0,[0x00006a58]
000067B0  0024          movs r4,#0x0
000067B2  8189          ldrh r1,[r0,#0xc]
000067B4  2746          mov r7,r4
000067B6  881f          subs r0,r1,#0x6
000067B8  5e28          cmp r0,#0x5e
000067BA  08d8          bhi 0x000067ce
000067BC  a748          ldr r0,[0x00006a5c]
000067BE  0088          ldrh r0,[r0,#0x0]
000067C0  4843          muls r0,r1
000067C2  6421          movs r1,#0x64
000067C4  fcf74cf9      bl 0x00002a60
000067C8  a549          ldr r1,[0x00006a60]
000067CA  0880          strh r0,[r1,#0x0]
000067CC  e1e0          b 0x00006992
000067CE  a548          ldr r0,[0x00006a64]
000067D0  0078          ldrb r0,[r0,#0x0]
000067D2  0028          cmp r0,#0x0
000067D4  08d0          beq 0x000067e8
000067D6  a448          ldr r0,[0x00006a68]
000067D8  0188          ldrh r1,[r0,#0x0]
000067DA  a148          ldr r0,[0x00006a60]
000067DC  0180          strh r1,[r0,#0x0]
000067DE  9e48          ldr r0,[0x00006a58]
000067E0  c078          ldrb r0,[r0,#0x3]
000067E2  0028          cmp r0,#0x0
000067E4  03d0          beq 0x000067ee
000067E6  1ee0          b 0x00006826
000067E8  9d48          ldr r0,[0x00006a60]
000067EA  0780          strh r7,[r0,#0x0]
000067EC  f7e7          b 0x000067de
000067EE  9f48          ldr r0,[0x00006a6c]
000067F0  0088          ldrh r0,[r0,#0x0]
000067F2  9f49          ldr r1,[0x00006a70]
000067F4  8842          cmp r0,r1
000067F6  14d9          bls 0x00006822
000067F8  9e49          ldr r1,[0x00006a74]
000067FA  0020          movs r0,#0x0
000067FC  085e          ldrsh r0,[r1,r0]
000067FE  9e49          ldr r1,[0x00006a78]
00006800  0022          movs r2,#0x0
00006802  8a5e          ldrsh r2,[r1,r2]
00006804  9d49          ldr r1,[0x00006a7c]
00006806  8018          adds r0,r0,r2
00006808  0022          movs r2,#0x0
0000680A  8a5e          ldrsh r2,[r1,r2]
0000680C  8018          adds r0,r0,r2
0000680E  3c28          cmp r0,#0x3c
00006810  07da          bge 0x00006822
00006812  9b48          ldr r0,[0x00006a80]
00006814  0078          ldrb r0,[r0,#0x0]
00006816  0028          cmp r0,#0x0
00006818  03d1          bne 0x00006822
0000681A  9a48          ldr r0,[0x00006a84]
0000681C  0078          ldrb r0,[r0,#0x0]
0000681E  0028          cmp r0,#0x0
00006820  09d0          beq 0x00006836
00006822  8d48          ldr r0,[0x00006a58]
00006824  8770          strb r7,[r0,#0x2]
00006826  8c49          ldr r1,[0x00006a58]
00006828  0120          movs r0,#0x1
0000682A  0871          strb r0,[r1,#0x4]
0000682C  8d48          ldr r0,[0x00006a64]
0000682E  0078          ldrb r0,[r0,#0x0]
00006830  0028          cmp r0,#0x0
00006832  7dd0          beq 0x00006930
00006834  b1e0          b 0x0000699a
00006836  9448          ldr r0,[0x00006a88]
00006838  0770          strb r7,[r0,#0x0]
0000683A  9448          ldr r0,[0x00006a8c]
0000683C  0178          ldrb r1,[r0,#0x0]
0000683E  c908          lsrs r1,r1,#0x3
00006840  c900          lsls r1,r1,#0x3
00006842  0170          strb r1,[r0,#0x0]
00006844  8448          ldr r0,[0x00006a58]
00006846  8078          ldrb r0,[r0,#0x2]
00006848  3228          cmp r0,#0x32
0000684A  03d2          bcs 0x00006854
0000684C  8249          ldr r1,[0x00006a58]
0000684E  401c          adds r0,r0,#0x1
00006850  8870          strb r0,[r1,#0x2]
00006852  38e0          b 0x000068c6
00006854  8e48          ldr r0,[0x00006a90]
00006856  0761          str r7,[r0,#0x10]
00006858  4761          str r7,[r0,#0x14]
0000685A  8760          str r7,[r0,#0x8]
0000685C  c760          str r7,[r0,#0xc]
0000685E  0760          str r7,[r0,#0x0]
00006860  4760          str r7,[r0,#0x4]
00006862  fef75bf9      bl 0x00004b1c
00006866  8b49          ldr r1,[0x00006a94]
00006868  0878          ldrb r0,[r1,#0x0]
0000686A  0028          cmp r0,#0x0
0000686C  fcd0          beq 0x00006868
0000686E  0f70          strb r7,[r1,#0x0]
00006870  641c          adds r4,r4,#0x1
00006872  e4b2          uxtb r4,r4
00006874  032c          cmp r4,#0x3
00006876  f7d3          bcc 0x00006868
00006878  0026          movs r6,#0x0
0000687A  874b          ldr r3,[0x00006a98]
0000687C  3546          mov r5,r6
0000687E  3446          mov r4,r6
00006880  3046          mov r0,r6
00006882  0021          movs r1,#0x0
00006884  595e          ldrsh r1,[r3,r1]
00006886  7618          adds r6,r6,r1
00006888  8449          ldr r1,[0x00006a9c]
0000688A  0022          movs r2,#0x0
0000688C  8a5e          ldrsh r2,[r1,r2]
0000688E  8449          ldr r1,[0x00006aa0]
00006890  ad18          adds r5,r5,r2
00006892  0022          movs r2,#0x0
00006894  8a5e          ldrsh r2,[r1,r2]
00006896  a418          adds r4,r4,r2
00006898  7e4a          ldr r2,[0x00006a94]
0000689A  1178          ldrb r1,[r2,#0x0]
0000689C  0029          cmp r1,#0x0
0000689E  fcd0          beq 0x0000689a
000068A0  1770          strb r7,[r2,#0x0]
000068A2  401c          adds r0,r0,#0x1
000068A4  c0b2          uxtb r0,r0
000068A6  1028          cmp r0,#0x10
000068A8  ebd3          bcc 0x00006882
000068AA  fef7f5f8      bl 0x00004a98
000068AE  7d48          ldr r0,[0x00006aa4]
000068B0  3111          asrs r1,r6,#0x4
000068B2  0180          strh r1,[r0,#0x0]
000068B4  7c49          ldr r1,[0x00006aa8]
000068B6  2811          asrs r0,r5,#0x4
000068B8  0880          strh r0,[r1,#0x0]
000068BA  7c49          ldr r1,[0x00006aac]
000068BC  2011          asrs r0,r4,#0x4
000068BE  0880          strh r0,[r1,#0x0]
000068C0  6548          ldr r0,[0x00006a58]
000068C2  0121          movs r1,#0x1
000068C4  c170          strb r1,[r0,#0x3]
000068C6  7749          ldr r1,[0x00006aa4]
000068C8  0023          movs r3,#0x0
000068CA  cb5e          ldrsh r3,[r1,r3]
000068CC  ff22          movs r2,#0xff
000068CE  f532          adds r2,#0xf5
000068D0  5042          rsbs r0,r2
000068D2  9342          cmp r3,r2
000068D4  03dc          bgt 0x000068de
000068D6  0023          movs r3,#0x0
000068D8  cb5e          ldrsh r3,[r1,r3]
000068DA  8342          cmp r3,r0
000068DC  04da          bge 0x000068e8
000068DE  6b49          ldr r1,[0x00006a8c]
000068E0  0b78          ldrb r3,[r1,#0x0]
000068E2  0124          movs r4,#0x1
000068E4  2343          orrs r3,r4
000068E6  0b70          strb r3,[r1,#0x0]
000068E8  6f49          ldr r1,[0x00006aa8]
000068EA  0023          movs r3,#0x0
000068EC  cb5e          ldrsh r3,[r1,r3]
000068EE  9342          cmp r3,r2
000068F0  03dc          bgt 0x000068fa
000068F2  0023          movs r3,#0x0
000068F4  cb5e          ldrsh r3,[r1,r3]
000068F6  8342          cmp r3,r0
000068F8  04da          bge 0x00006904
000068FA  6449          ldr r1,[0x00006a8c]
000068FC  0b78          ldrb r3,[r1,#0x0]
000068FE  0224          movs r4,#0x2
00006900  2343          orrs r3,r4
00006902  0b70          strb r3,[r1,#0x0]
00006904  6949          ldr r1,[0x00006aac]
00006906  0023          movs r3,#0x0
00006908  cb5e          ldrsh r3,[r1,r3]
0000690A  9342          cmp r3,r2
0000690C  03dc          bgt 0x00006916
0000690E  0022          movs r2,#0x0
00006910  8a5e          ldrsh r2,[r1,r2]
00006912  8242          cmp r2,r0
00006914  04da          bge 0x00006920
00006916  5d48          ldr r0,[0x00006a8c]
00006918  0178          ldrb r1,[r0,#0x0]
0000691A  0422          movs r2,#0x4
0000691C  1143          orrs r1,r2
0000691E  0170          strb r1,[r0,#0x0]
00006920  5a48          ldr r0,[0x00006a8c]
00006922  0078          ldrb r0,[r0,#0x0]
00006924  0028          cmp r0,#0x0
00006926  01d0          beq 0x0000692c
00006928  fef7b6f8      bl 0x00004a98
0000692C  0120          movs r0,#0x1
0000692E  00e0          b 0x00006932
00006930  02e0          b 0x00006938
00006932  5549          ldr r1,[0x00006a88]
00006934  0870          strb r0,[r1,#0x0]
00006936  76e7          b 0x00006826
00006938  5d48          ldr r0,[0x00006ab0]
0000693A  0078          ldrb r0,[r0,#0x0]
0000693C  0028          cmp r0,#0x0
0000693E  2cd1          bne 0x0000699a
00006940  5c48          ldr r0,[0x00006ab4]
00006942  0770          strb r7,[r0,#0x0]
00006944  5c48          ldr r0,[0x00006ab8]
00006946  0770          strb r7,[r0,#0x0]
00006948  5c48          ldr r0,[0x00006abc]
0000694A  0278          ldrb r2,[r0,#0x0]
0000694C  002a          cmp r2,#0x0
0000694E  04d0          beq 0x0000695a
00006950  0078          ldrb r0,[r0,#0x0]
00006952  0728          cmp r0,#0x7
00006954  01d0          beq 0x0000695a
00006956  5a48          ldr r0,[0x00006ac0]
00006958  0770          strb r7,[r0,#0x0]
0000695A  5a4c          ldr r4,[0x00006ac4]
0000695C  2078          ldrb r0,[r4,#0x0]
0000695E  0028          cmp r0,#0x0
00006960  1bd0          beq 0x0000699a
00006962  4848          ldr r0,[0x00006a84]
00006964  0078          ldrb r0,[r0,#0x0]
00006966  0028          cmp r0,#0x0
00006968  17d1          bne 0x0000699a
0000696A  5748          ldr r0,[0x00006ac8]
0000696C  0088          ldrh r0,[r0,#0x0]
0000696E  0028          cmp r0,#0x0
00006970  13d1          bne 0x0000699a
00006972  4348          ldr r0,[0x00006a80]
00006974  0078          ldrb r0,[r0,#0x0]
00006976  0028          cmp r0,#0x0
00006978  0fd1          bne 0x0000699a
0000697A  8879          ldrb r0,[r1,#0x6]
0000697C  0828          cmp r0,#0x8
0000697E  0cd2          bcs 0x0000699a
00006980  524a          ldr r2,[0x00006acc]
00006982  1278          ldrb r2,[r2,#0x0]
00006984  002a          cmp r2,#0x0
00006986  08d1          bne 0x0000699a
00006988  401c          adds r0,r0,#0x1
0000698A  8871          strb r0,[r1,#0x6]
0000698C  00f068f9      bl 0x00006c60
00006990  2770          strb r7,[r4,#0x0]
00006992  3148          ldr r0,[0x00006a58]
00006994  0079          ldrb r0,[r0,#0x4]
00006996  0028          cmp r0,#0x0
00006998  0fd0          beq 0x000069ba
0000699A  2f48          ldr r0,[0x00006a58]
0000699C  0078          ldrb r0,[r0,#0x0]
0000699E  0128          cmp r0,#0x1
000069A0  0bd0          beq 0x000069ba
000069A2  4b48          ldr r0,[0x00006ad0]
000069A4  0078          ldrb r0,[r0,#0x0]
000069A6  0028          cmp r0,#0x0
000069A8  07d0          beq 0x000069ba
000069AA  4a48          ldr r0,[0x00006ad4]
000069AC  0078          ldrb r0,[r0,#0x0]
000069AE  0128          cmp r0,#0x1
000069B0  03d0          beq 0x000069ba
000069B2  4948          ldr r0,[0x00006ad8]
000069B4  0078          ldrb r0,[r0,#0x0]
000069B6  0028          cmp r0,#0x0
000069B8  03d0          beq 0x000069c2
000069BA  2948          ldr r0,[0x00006a60]
000069BC  0780          strh r7,[r0,#0x0]
000069BE  2948          ldr r0,[0x00006a64]
000069C0  0770          strb r7,[r0,#0x0]
000069C2  2549          ldr r1,[0x00006a58]
000069C4  4879          ldrb r0,[r1,#0x5]
000069C6  4a78          ldrb r2,[r1,#0x1]
000069C8  9042          cmp r0,r2
000069CA  3fd0          beq 0x00006a4c
000069CC  4878          ldrb r0,[r1,#0x1]
000069CE  ff25          movs r5,#0xff
000069D0  1335          adds r5,#0x13
000069D2  424a          ldr r2,[0x00006adc]
000069D4  6724          movs r4,#0x67
000069D6  0128          cmp r0,#0x1
000069D8  06d0          beq 0x000069e8
000069DA  414b          ldr r3,[0x00006ae0]
000069DC  0228          cmp r0,#0x2
000069DE  06d0          beq 0x000069ee
000069E0  0328          cmp r0,#0x3
000069E2  13d0          beq 0x00006a0c
000069E4  0b28          cmp r0,#0xb
000069E6  07d0          beq 0x000069f8
000069E8  1580          strh r5,[r2,#0x0]
000069EA  cc81          strh r4,[r1,#0xe]
000069EC  08e0          b 0x00006a00
000069EE  ff20          movs r0,#0xff
000069F0  4930          adds r0,#0x49
000069F2  1080          strh r0,[r2,#0x0]
000069F4  1888          ldrh r0,[r3,#0x0]
000069F6  02e0          b 0x000069fe
000069F8  8920          movs r0,#0x89
000069FA  1080          strh r0,[r2,#0x0]
000069FC  3e20          movs r0,#0x3e
000069FE  c881          strh r0,[r1,#0xe]
00006A00  c879          ldrb r0,[r1,#0x7]
00006A02  0528          cmp r0,#0x5
00006A04  07d2          bcs 0x00006a16
00006A06  401c          adds r0,r0,#0x1
00006A08  c871          strb r0,[r1,#0x7]
00006A0A  13e0          b 0x00006a34
00006A0C  ff20          movs r0,#0xff
00006A0E  ee30          adds r0,#0xee
00006A10  1080          strh r0,[r2,#0x0]
00006A12  5888          ldrh r0,[r3,#0x2]
00006A14  f3e7          b 0x000069fe
00006A16  cf71          strb r7,[r1,#0x7]
00006A18  104a          ldr r2,[0x00006a5c]
00006A1A  c889          ldrh r0,[r1,#0xe]
00006A1C  1388          ldrh r3,[r2,#0x0]
00006A1E  9842          cmp r0,r3
00006A20  02d9          bls 0x00006a28
00006A22  1088          ldrh r0,[r2,#0x0]
00006A24  401c          adds r0,r0,#0x1
00006A26  04e0          b 0x00006a32
00006A28  1388          ldrh r3,[r2,#0x0]
00006A2A  9842          cmp r0,r3
00006A2C  01d2          bcs 0x00006a32
00006A2E  1088          ldrh r0,[r2,#0x0]
00006A30  401e          subs r0,r0,#0x1
00006A32  1080          strh r0,[r2,#0x0]
00006A34  094a          ldr r2,[0x00006a5c]
00006A36  1388          ldrh r3,[r2,#0x0]
00006A38  c889          ldrh r0,[r1,#0xe]
00006A3A  8342          cmp r3,r0
00006A3C  02d0          beq 0x00006a44
00006A3E  8b89          ldrh r3,[r1,#0xc]
00006A40  002b          cmp r3,#0x0
00006A42  05d1          bne 0x00006a50
00006A44  1080          strh r0,[r2,#0x0]
00006A46  4878          ldrb r0,[r1,#0x1]
00006A48  4871          strb r0,[r1,#0x5]
00006A4A  01e0          b 0x00006a50
00006A4C  2548          ldr r0,[0x00006ae4]
00006A4E  0770          strb r7,[r0,#0x0]
00006A50  4889          ldrh r0,[r1,#0xa]
00006A52  0881          strh r0,[r1,#0x8]
00006A54  f8bd          pop {r3,r4,r5,r6,r7,pc}
00006AE8  70b5          push {r4,r5,r6,lr}
00006AEA  2b4a          ldr r2,[0x00006b98]
00006AEC  5178          ldrb r1,[r2,#0x1]
00006AEE  2b4c          ldr r4,[0x00006b9c]
00006AF0  0123          movs r3,#0x1
00006AF2  0020          movs r0,#0x0
00006AF4  0029          cmp r1,#0x0
00006AF6  17d0          beq 0x00006b28
00006AF8  1178          ldrb r1,[r2,#0x0]
00006AFA  0029          cmp r1,#0x0
00006AFC  215e          ldrsh r1,[r4,r0]
00006AFE  07d0          beq 0x00006b10
00006B00  1e29          cmp r1,#0x1e
00006B02  15da          bge 0x00006b30
00006B04  d18a          ldrh r1,[r2,#0x16]
00006B06  1429          cmp r1,#0x14
00006B08  10d2          bcs 0x00006b2c
00006B0A  491c          adds r1,r1,#0x1
00006B0C  d182          strh r1,[r2,#0x16]
00006B0E  10e0          b 0x00006b32
00006B10  3229          cmp r1,#0x32
00006B12  0edd          ble 0x00006b32
00006B14  2249          ldr r1,[0x00006ba0]
00006B16  234d          ldr r5,[0x00006ba4]
00006B18  497b          ldrb r1,[r1,#0xd]
00006B1A  2d88          ldrh r5,[r5,#0x0]
00006B1C  a942          cmp r1,r5
00006B1E  08d1          bne 0x00006b32
00006B20  2149          ldr r1,[0x00006ba8]
00006B22  0988          ldrh r1,[r1,#0x0]
00006B24  0029          cmp r1,#0x0
00006B26  04d1          bne 0x00006b32
00006B28  1370          strb r3,[r2,#0x0]
00006B2A  02e0          b 0x00006b32
00006B2C  1070          strb r0,[r2,#0x0]
00006B2E  00e0          b 0x00006b32
00006B30  d082          strh r0,[r2,#0x16]
00006B32  d178          ldrb r1,[r2,#0x3]
00006B34  0029          cmp r1,#0x0
00006B36  07d0          beq 0x00006b48
00006B38  1179          ldrb r1,[r2,#0x4]
00006B3A  0029          cmp r1,#0x0
00006B3C  05d1          bne 0x00006b4a
00006B3E  615e          ldrsh r1,[r4,r1]
00006B40  1429          cmp r1,#0x14
00006B42  02da          bge 0x00006b4a
00006B44  1371          strb r3,[r2,#0x4]
00006B46  00e0          b 0x00006b4a
00006B48  1071          strb r0,[r2,#0x4]
00006B4A  1179          ldrb r1,[r2,#0x4]
00006B4C  0029          cmp r1,#0x0
00006B4E  1fd0          beq 0x00006b90
00006B50  5179          ldrb r1,[r2,#0x5]
00006B52  0029          cmp r1,#0x0
00006B54  0fd0          beq 0x00006b76
00006B56  1549          ldr r1,[0x00006bac]
00006B58  0988          ldrh r1,[r1,#0x0]
00006B5A  154b          ldr r3,[0x00006bb0]
00006B5C  9942          cmp r1,r3
00006B5E  13d3          bcc 0x00006b88
00006B60  918a          ldrh r1,[r2,#0x14]
00006B62  ff23          movs r3,#0xff
00006B64  2d33          adds r3,#0x2d
00006B66  9942          cmp r1,r3
00006B68  02d2          bcs 0x00006b70
00006B6A  491c          adds r1,r1,#0x1
00006B6C  9182          strh r1,[r2,#0x14]
00006B6E  0ce0          b 0x00006b8a
00006B70  5071          strb r0,[r2,#0x5]
00006B72  d085          strh r0,[r2,#0x2e]
00006B74  09e0          b 0x00006b8a
00006B76  2e21          movs r1,#0x2e
00006B78  515e          ldrsh r1,[r2,r1]
00006B7A  0229          cmp r1,#0x2
00006B7C  03dc          bgt 0x00006b86
00006B7E  2e21          movs r1,#0x2e
00006B80  515e          ldrsh r1,[r2,r1]
00006B82  8c1c          adds r4,r1,#0x2
00006B84  00da          bge 0x00006b88
00006B86  5371          strb r3,[r2,#0x5]
00006B88  9082          strh r0,[r2,#0x14]
00006B8A  fef795fc      bl 0x000054b8
00006B8E  70bd          pop {r4,r5,r6,pc}
00006B90  5071          strb r0,[r2,#0x5]
00006B92  9082          strh r0,[r2,#0x14]
00006B94  ede7          b 0x00006b72
00006BB4  0d49          ldr r1,[0x00006bec]
00006BB6  887a          ldrb r0,[r1,#0xa]
00006BB8  401c          adds r0,r0,#0x1
00006BBA  c0b2          uxtb r0,r0
00006BBC  8872          strb r0,[r1,#0xa]
00006BBE  1428          cmp r0,#0x14
00006BC0  01d3          bcc 0x00006bc6
00006BC2  0020          movs r0,#0x0
00006BC4  8872          strb r0,[r1,#0xa]
00006BC6  c2b2          uxtb r2,r0
00006BC8  0948          ldr r0,[0x00006bf0]
00006BCA  0378          ldrb r3,[r0,#0x0]
00006BCC  0948          ldr r0,[0x00006bf4]
00006BCE  0821          movs r1,#0x8
00006BD0  9a42          cmp r2,r3
00006BD2  03d2          bcs 0x00006bdc
00006BD4  084a          ldr r2,[0x00006bf8]
00006BD6  1278          ldrb r2,[r2,#0x0]
00006BD8  002a          cmp r2,#0x0
00006BDA  03d0          beq 0x00006be4
00006BDC  c268          ldr r2,[r0,#0xc]
00006BDE  8a43          bics r2,r1
00006BE0  c260          str r2,[r0,#0xc]
00006BE2  7047          bx lr
00006BE4  c268          ldr r2,[r0,#0xc]
00006BE6  0a43          orrs r2,r1
00006BE8  fae7          b 0x00006be0
00006C60  f8b5          push {r3,r4,r5,r6,r7,lr}
00006C62  3b49          ldr r1,[0x00006d50]
00006C64  0020          movs r0,#0x0
00006C66  0870          strb r0,[r1,#0x0]
00006C68  72b6          cpsid i
00006C6A  3321          movs r1,#0x33
00006C6C  3948          ldr r0,[0x00006d54]
00006C6E  0162          str r1,[r0,#0x20]
00006C70  fdf712ff      bl 0x00004a98
00006C74  3848          ldr r0,[0x00006d58]
00006C76  0121          movs r1,#0x1
00006C78  4160          str r1,[r0,#0x4]
00006C7A  384d          ldr r5,[0x00006d5c]
00006C7C  1020          movs r0,#0x10
00006C7E  6861          str r0,[r5,#0x14]
00006C80  364e          ldr r6,[0x00006d5c]
00006C82  0024          movs r4,#0x0
00006C84  364f          ldr r7,[0x00006d60]
00006C86  4036          adds r6,#0x40
00006C88  0ce0          b 0x00006ca4
00006C8A  002c          cmp r4,#0x0
00006C8C  0ad0          beq 0x00006ca4
00006C8E  012c          cmp r4,#0x1
00006C90  0bd0          beq 0x00006caa
00006C92  022c          cmp r4,#0x2
00006C94  0cd0          beq 0x00006cb0
00006C96  032c          cmp r4,#0x3
00006C98  10d0          beq 0x00006cbc
00006C9A  042c          cmp r4,#0x4
00006C9C  14d0          beq 0x00006cc8
00006C9E  052c          cmp r4,#0x5
00006CA0  1dd1          bne 0x00006cde
00006CA2  14e0          b 0x00006cce
00006CA4  3760          str r7,[r6,#0x0]
00006CA6  2f48          ldr r0,[0x00006d64]
00006CA8  0be0          b 0x00006cc2
00006CAA  3760          str r7,[r6,#0x0]
00006CAC  2e48          ldr r0,[0x00006d68]
00006CAE  08e0          b 0x00006cc2
00006CB0  3760          str r7,[r6,#0x0]
00006CB2  2c48          ldr r0,[0x00006d64]
00006CB4  1038          subs r0,#0x10
00006CB6  2862          str r0,[r5,#0x20]
00006CB8  1c20          movs r0,#0x1c
00006CBA  0de0          b 0x00006cd8
00006CBC  3760          str r7,[r6,#0x0]
00006CBE  2948          ldr r0,[0x00006d64]
00006CC0  1030          adds r0,#0x10
00006CC2  2862          str r0,[r5,#0x20]
00006CC4  0c20          movs r0,#0xc
00006CC6  07e0          b 0x00006cd8
00006CC8  3760          str r7,[r6,#0x0]
00006CCA  2848          ldr r0,[0x00006d6c]
00006CCC  f9e7          b 0x00006cc2
00006CCE  3760          str r7,[r6,#0x0]
00006CD0  2448          ldr r0,[0x00006d64]
00006CD2  1038          subs r0,#0x10
00006CD4  2862          str r0,[r5,#0x20]
00006CD6  2c20          movs r0,#0x2c
00006CD8  6862          str r0,[r5,#0x24]
00006CDA  2548          ldr r0,[0x00006d70]
00006CDC  3060          str r0,[r6,#0x0]
00006CDE  3760          str r7,[r6,#0x0]
00006CE0  286b          ldr r0,[r5,#0x30]
00006CE2  4021          movs r1,#0x40
00006CE4  0843          orrs r0,r1
00006CE6  2863          str r0,[r5,#0x30]
00006CE8  2148          ldr r0,[0x00006d70]
00006CEA  3060          str r0,[r6,#0x0]
00006CEC  3c20          movs r0,#0x3c
00006CEE  0146          mov r1,r0
00006CF0  401e          subs r0,r0,#0x1
00006CF2  80b2          uxth r0,r0
00006CF4  0029          cmp r1,#0x0
00006CF6  fad1          bne 0x00006cee
00006CF8  fdf7cefe      bl 0x00004a98
00006CFC  164a          ldr r2,[0x00006d58]
00006CFE  5068          ldr r0,[r2,#0x4]
00006D00  c007          lsls r0,r0,#0x1f
00006D02  02d1          bne 0x00006d0a
00006D04  6869          ldr r0,[r5,#0x14]
00006D06  c006          lsls r0,r0,#0x1b
00006D08  09d5          bpl 0x00006d1e
00006D0A  114b          ldr r3,[0x00006d50]
00006D0C  0120          movs r0,#0x1
00006D0E  1978          ldrb r1,[r3,#0x0]
00006D10  a040          lsls r0,r4
00006D12  0843          orrs r0,r1
00006D14  1870          strb r0,[r3,#0x0]
00006D16  0120          movs r0,#0x1
00006D18  5060          str r0,[r2,#0x4]
00006D1A  1020          movs r0,#0x10
00006D1C  6861          str r0,[r5,#0x14]
00006D1E  4420          movs r0,#0x44
00006D20  0146          mov r1,r0
00006D22  401e          subs r0,r0,#0x1
00006D24  80b2          uxth r0,r0
00006D26  0029          cmp r1,#0x0
00006D28  fad1          bne 0x00006d20
00006D2A  641c          adds r4,r4,#0x1
00006D2C  e4b2          uxtb r4,r4
00006D2E  062c          cmp r4,#0x6
00006D30  abd3          bcc 0x00006c8a
00006D32  0848          ldr r0,[0x00006d54]
00006D34  cb21          movs r1,#0xcb
00006D36  0162          str r1,[r0,#0x20]
00006D38  3760          str r7,[r6,#0x0]
00006D3A  0e48          ldr r0,[0x00006d74]
00006D3C  2862          str r0,[r5,#0x20]
00006D3E  6862          str r0,[r5,#0x24]
00006D40  0b48          ldr r0,[0x00006d70]
00006D42  3060          str r0,[r6,#0x0]
00006D44  0449          ldr r1,[0x00006d58]
00006D46  0020          movs r0,#0x0
00006D48  0860          str r0,[r1,#0x0]
00006D4A  62b6          cpsie i
00006D4C  f8bd          pop {r3,r4,r5,r6,r7,pc}
00006DB0  f8b5          push {r3,r4,r5,r6,r7,lr}
00006DB2  fc48          ldr r0,[0x000071a4]
00006DB4  0188          ldrh r1,[r0,#0x0]
00006DB6  fc4a          ldr r2,[0x000071a8]
00006DB8  0025          movs r5,#0x0
00006DBA  fc4e          ldr r6,[0x000071ac]
00006DBC  9142          cmp r1,r2
00006DBE  08d2          bcs 0x00006dd2
00006DC0  0188          ldrh r1,[r0,#0x0]
00006DC2  0029          cmp r1,#0x0
00006DC4  05d0          beq 0x00006dd2
00006DC6  0188          ldrh r1,[r0,#0x0]
00006DC8  f948          ldr r0,[0x000071b0]
00006DCA  fbf73bfe      bl 0x00002a44
00006DCE  b084          strh r0,[r6,#0x24]
00006DD0  00e0          b 0x00006dd4
00006DD2  b584          strh r5,[r6,#0x24]
00006DD4  b08c          ldrh r0,[r6,#0x24]
00006DD6  7084          strh r0,[r6,#0x22]
00006DD8  f648          ldr r0,[0x000071b4]
00006DDA  417b          ldrb r1,[r0,#0xd]
00006DDC  f648          ldr r0,[0x000071b8]
00006DDE  0088          ldrh r0,[r0,#0x0]
00006DE0  8142          cmp r1,r0
00006DE2  04d1          bne 0x00006dee
00006DE4  0a21          movs r1,#0xa
00006DE6  b08c          ldrh r0,[r6,#0x24]
00006DE8  fbf72cfe      bl 0x00002a44
00006DEC  04e0          b 0x00006df8
00006DEE  b08c          ldrh r0,[r6,#0x24]
00006DF0  0a21          movs r1,#0xa
00006DF2  4042          rsbs r0,r0
00006DF4  fbf734fe      bl 0x00002a60
00006DF8  f080          strh r0,[r6,#0x6]
00006DFA  0c20          movs r0,#0xc
00006DFC  305e          ldrsh r0,[r6,r0]
00006DFE  0621          movs r1,#0x6
00006E00  715e          ldrsh r1,[r6,r1]
00006E02  8842          cmp r0,r1
00006E04  01da          bge 0x00006e0a
00006E06  0120          movs r0,#0x1
00006E08  0ae0          b 0x00006e20
00006E0A  0c20          movs r0,#0xc
00006E0C  305e          ldrsh r0,[r6,r0]
00006E0E  0621          movs r1,#0x6
00006E10  715e          ldrsh r1,[r6,r1]
00006E12  8842          cmp r0,r1
00006E14  02dd          ble 0x00006e1c
00006E16  0020          movs r0,#0x0
00006E18  c043          mvns r0,r0
00006E1A  01e0          b 0x00006e20
00006E1C  0020          movs r0,#0x0
00006E1E  3571          strb r5,[r6,#0x4]
00006E20  3179          ldrb r1,[r6,#0x4]
00006E22  0818          adds r0,r1,r0
00006E24  40b2          sxtb r0,r0
00006E26  3071          strb r0,[r6,#0x4]
00006E28  1428          cmp r0,#0x14
00006E2A  02dd          ble 0x00006e32
00006E2C  1420          movs r0,#0x14
00006E2E  3071          strb r0,[r6,#0x4]
00006E30  04e0          b 0x00006e3c
00006E32  1321          movs r1,#0x13
00006E34  c943          mvns r1,r1
00006E36  8842          cmp r0,r1
00006E38  00da          bge 0x00006e3c
00006E3A  3171          strb r1,[r6,#0x4]
00006E3C  0420          movs r0,#0x4
00006E3E  3056          ldrsb r0,[r6,r0]
00006E40  1428          cmp r0,#0x14
00006E42  02db          blt 0x00006e4a
00006E44  b089          ldrh r0,[r6,#0xc]
00006E46  401c          adds r0,r0,#0x1
00006E48  04e0          b 0x00006e54
00006E4A  1421          movs r1,#0x14
00006E4C  c842          cmn r0,r1
00006E4E  02dc          bgt 0x00006e56
00006E50  b089          ldrh r0,[r6,#0xc]
00006E52  401e          subs r0,r0,#0x1
00006E54  b081          strh r0,[r6,#0xc]
00006E56  d948          ldr r0,[0x000071bc]
00006E58  0078          ldrb r0,[r0,#0x0]
00006E5A  d949          ldr r1,[0x000071c0]
00006E5C  d94c          ldr r4,[0x000071c4]
00006E5E  da4a          ldr r2,[0x000071c8]
00006E60  da4f          ldr r7,[0x000071cc]
00006E62  0028          cmp r0,#0x0
00006E64  44d1          bne 0x00006ef0
00006E66  da48          ldr r0,[0x000071d0]
00006E68  0078          ldrb r0,[r0,#0x0]
00006E6A  0028          cmp r0,#0x0
00006E6C  40d1          bne 0x00006ef0
00006E6E  d948          ldr r0,[0x000071d4]
00006E70  0078          ldrb r0,[r0,#0x0]
00006E72  0028          cmp r0,#0x0
00006E74  3cd1          bne 0x00006ef0
00006E76  d848          ldr r0,[0x000071d8]
00006E78  0078          ldrb r0,[r0,#0x0]
00006E7A  0028          cmp r0,#0x0
00006E7C  38d1          bne 0x00006ef0
00006E7E  3078          ldrb r0,[r6,#0x0]
00006E80  0028          cmp r0,#0x0
00006E82  35d1          bne 0x00006ef0
00006E84  d548          ldr r0,[0x000071dc]
00006E86  0078          ldrb r0,[r0,#0x0]
00006E88  0028          cmp r0,#0x0
00006E8A  31d1          bne 0x00006ef0
00006E8C  d448          ldr r0,[0x000071e0]
00006E8E  0078          ldrb r0,[r0,#0x0]
00006E90  0028          cmp r0,#0x0
00006E92  2dd1          bne 0x00006ef0
00006E94  1078          ldrb r0,[r2,#0x0]
00006E96  0028          cmp r0,#0x0
00006E98  2ad1          bne 0x00006ef0
00006E9A  d248          ldr r0,[0x000071e4]
00006E9C  0078          ldrb r0,[r0,#0x0]
00006E9E  0028          cmp r0,#0x0
00006EA0  26d1          bne 0x00006ef0
00006EA2  d148          ldr r0,[0x000071e8]
00006EA4  0078          ldrb r0,[r0,#0x0]
00006EA6  0028          cmp r0,#0x0
00006EA8  22d1          bne 0x00006ef0
00006EAA  d048          ldr r0,[0x000071ec]
00006EAC  0078          ldrb r0,[r0,#0x0]
00006EAE  0028          cmp r0,#0x0
00006EB0  1ed1          bne 0x00006ef0
00006EB2  cf48          ldr r0,[0x000071f0]
00006EB4  0078          ldrb r0,[r0,#0x0]
00006EB6  0028          cmp r0,#0x0
00006EB8  1ad1          bne 0x00006ef0
00006EBA  ce48          ldr r0,[0x000071f4]
00006EBC  0078          ldrb r0,[r0,#0x0]
00006EBE  0028          cmp r0,#0x0
00006EC0  16d1          bne 0x00006ef0
00006EC2  cd48          ldr r0,[0x000071f8]
00006EC4  0078          ldrb r0,[r0,#0x0]
00006EC6  0028          cmp r0,#0x0
00006EC8  12d1          bne 0x00006ef0
00006ECA  cc48          ldr r0,[0x000071fc]
00006ECC  0078          ldrb r0,[r0,#0x0]
00006ECE  0028          cmp r0,#0x0
00006ED0  0ed1          bne 0x00006ef0
00006ED2  cb48          ldr r0,[0x00007200]
00006ED4  0078          ldrb r0,[r0,#0x0]
00006ED6  0128          cmp r0,#0x1
00006ED8  0ad0          beq 0x00006ef0
00006EDA  ca48          ldr r0,[0x00007204]
00006EDC  0078          ldrb r0,[r0,#0x0]
00006EDE  0128          cmp r0,#0x1
00006EE0  06d0          beq 0x00006ef0
00006EE2  c948          ldr r0,[0x00007208]
00006EE4  c079          ldrb r0,[r0,#0x7]
00006EE6  8306          lsls r3,r0,#0x1a
00006EE8  02d4          bmi 0x00006ef0
00006EEA  4007          lsls r0,r0,#0x1d
00006EEC  800f          lsrs r0,r0,#0x1e
00006EEE  16d0          beq 0x00006f1e
00006EF0  3078          ldrb r0,[r6,#0x0]
00006EF2  0028          cmp r0,#0x0
00006EF4  02d0          beq 0x00006efc
00006EF6  0420          movs r0,#0x4
00006EF8  c043          mvns r0,r0
00006EFA  08e0          b 0x00006f0e
00006EFC  1078          ldrb r0,[r2,#0x0]
00006EFE  0028          cmp r0,#0x0
00006F00  03d0          beq 0x00006f0a
00006F02  bc48          ldr r0,[0x000071f4]
00006F04  0078          ldrb r0,[r0,#0x0]
00006F06  0028          cmp r0,#0x0
00006F08  06d0          beq 0x00006f18
00006F0A  1d20          movs r0,#0x1d
00006F0C  c043          mvns r0,r0
00006F0E  3085          strh r0,[r6,#0x28]
00006F10  0d70          strb r5,[r1,#0x0]
00006F12  2580          strh r5,[r4,#0x0]
00006F14  7581          strh r5,[r6,#0xa]
00006F16  49e0          b 0x00006fac
00006F18  0b20          movs r0,#0xb
00006F1A  c043          mvns r0,r0
00006F1C  f7e7          b 0x00006f0e
00006F1E  bb48          ldr r0,[0x0000720c]
00006F20  0078          ldrb r0,[r0,#0x0]
00006F22  0028          cmp r0,#0x0
00006F24  0cd1          bne 0x00006f40
00006F26  3878          ldrb r0,[r7,#0x0]
00006F28  0028          cmp r0,#0x0
00006F2A  09d1          bne 0x00006f40
00006F2C  0878          ldrb r0,[r1,#0x0]
00006F2E  0028          cmp r0,#0x0
00006F30  01d0          beq 0x00006f36
00006F32  2088          ldrh r0,[r4,#0x0]
00006F34  7081          strh r0,[r6,#0xa]
00006F36  0620          movs r0,#0x6
00006F38  305e          ldrsh r0,[r6,r0]
00006F3A  7189          ldrh r1,[r6,#0xa]
00006F3C  8842          cmp r0,r1
00006F3E  02dd          ble 0x00006f46
00006F40  1d20          movs r0,#0x1d
00006F42  c043          mvns r0,r0
00006F44  31e0          b 0x00006faa
00006F46  b24b          ldr r3,[0x00007210]
00006F48  1988          ldrh r1,[r3,#0x0]
00006F4A  b248          ldr r0,[0x00007214]
00006F4C  0022          movs r2,#0x0
00006F4E  825e          ldrsh r2,[r0,r2]
00006F50  9142          cmp r1,r2
00006F52  06dd          ble 0x00006f62
00006F54  1988          ldrh r1,[r3,#0x0]
00006F56  0022          movs r2,#0x0
00006F58  825e          ldrsh r2,[r0,r2]
00006F5A  881a          subs r0,r1,r2
00006F5C  4003          lsls r0,r0,#0xd
00006F5E  000c          lsrs r0,r0,#0x10
00006F60  f084          strh r0,[r6,#0x26]
00006F62  2822          movs r2,#0x28
00006F64  0121          movs r1,#0x1
00006F66  f08c          ldrh r0,[r6,#0x26]
00006F68  02f081ff      bl 0x00009e6e
00006F6C  80b2          uxth r0,r0
00006F6E  aa49          ldr r1,[0x00007218]
00006F70  f084          strh r0,[r6,#0x26]
00006F72  0988          ldrh r1,[r1,#0x0]
00006F74  a94a          ldr r2,[0x0000721c]
00006F76  9142          cmp r1,r2
00006F78  03d2          bcs 0x00006f82
00006F7A  0228          cmp r0,#0x2
00006F7C  01d9          bls 0x00006f82
00006F7E  0220          movs r0,#0x2
00006F80  f084          strh r0,[r6,#0x26]
00006F82  7089          ldrh r0,[r6,#0xa]
00006F84  0621          movs r1,#0x6
00006F86  715e          ldrsh r1,[r6,r1]
00006F88  0a38          subs r0,#0xa
00006F8A  8842          cmp r0,r1
00006F8C  06dd          ble 0x00006f9c
00006F8E  7089          ldrh r0,[r6,#0xa]
00006F90  0621          movs r1,#0x6
00006F92  715e          ldrsh r1,[r6,r1]
00006F94  401a          subs r0,r0,r1
00006F96  0a38          subs r0,#0xa
00006F98  0011          asrs r0,r0,#0x4
00006F9A  00e0          b 0x00006f9e
00006F9C  0120          movs r0,#0x1
00006F9E  3085          strh r0,[r6,#0x28]
00006FA0  f28c          ldrh r2,[r6,#0x26]
00006FA2  0121          movs r1,#0x1
00006FA4  00b2          sxth r0,r0
00006FA6  02f062ff      bl 0x00009e6e
00006FAA  3085          strh r0,[r6,#0x28]
00006FAC  7078          ldrb r0,[r6,#0x1]
00006FAE  b178          ldrb r1,[r6,#0x2]
00006FB0  8842          cmp r0,r1
00006FB2  02d2          bcs 0x00006fba
00006FB4  401c          adds r0,r0,#0x1
00006FB6  7070          strb r0,[r6,#0x1]
00006FB8  02e0          b 0x00006fc0
00006FBA  7570          strb r5,[r6,#0x1]
00006FBC  f078          ldrb r0,[r6,#0x3]
00006FBE  b070          strb r0,[r6,#0x2]
00006FC0  0620          movs r0,#0x6
00006FC2  305e          ldrsh r0,[r6,r0]
00006FC4  3c28          cmp r0,#0x3c
00006FC6  02dd          ble 0x00006fce
00006FC8  fdf7c0fd      bl 0x00004b4c
00006FCC  07e0          b 0x00006fde
00006FCE  b08a          ldrh r0,[r6,#0x14]
00006FD0  0028          cmp r0,#0x0
00006FD2  03d0          beq 0x00006fdc
00006FD4  b08a          ldrh r0,[r6,#0x14]
00006FD6  401e          subs r0,r0,#0x1
00006FD8  b082          strh r0,[r6,#0x14]
00006FDA  00e0          b 0x00006fde
00006FDC  b582          strh r5,[r6,#0x14]
00006FDE  8b48          ldr r0,[0x0000720c]
00006FE0  0178          ldrb r1,[r0,#0x0]
00006FE2  8f48          ldr r0,[0x00007220]
00006FE4  8f4c          ldr r4,[0x00007224]
00006FE6  0029          cmp r1,#0x0
00006FE8  06d1          bne 0x00006ff8
00006FEA  3978          ldrb r1,[r7,#0x0]
00006FEC  0029          cmp r1,#0x0
00006FEE  03d1          bne 0x00006ff8
00006FF0  8049          ldr r1,[0x000071f4]
00006FF2  0978          ldrb r1,[r1,#0x0]
00006FF4  0029          cmp r1,#0x0
00006FF6  14d0          beq 0x00007022
00006FF8  7e49          ldr r1,[0x000071f4]
00006FFA  0978          ldrb r1,[r1,#0x0]
00006FFC  0029          cmp r1,#0x0
00006FFE  76d0          beq 0x000070ee
00007000  8949          ldr r1,[0x00007228]
00007002  0020          movs r0,#0x0
00007004  085e          ldrsh r0,[r1,r0]
00007006  0028          cmp r0,#0x0
00007008  8848          ldr r0,[0x0000722c]
0000700A  085e          ldrsh r0,[r1,r0]
0000700C  00da          bge 0x00007010
0000700E  4042          rsbs r0,r0
00007010  874a          ldr r2,[0x00007230]
00007012  1428          cmp r0,#0x14
00007014  02db          blt 0x0000701c
00007016  1078          ldrb r0,[r2,#0x0]
00007018  0028          cmp r0,#0x0
0000701A  69d0          beq 0x000070f0
0000701C  0120          movs r0,#0x1
0000701E  1070          strb r0,[r2,#0x0]
00007020  f8e1          b 0x00007414
00007022  8449          ldr r1,[0x00007234]
00007024  0978          ldrb r1,[r1,#0x0]
00007026  0029          cmp r1,#0x0
00007028  1ed0          beq 0x00007068
0000702A  0621          movs r1,#0x6
0000702C  715e          ldrsh r1,[r6,r1]
0000702E  7289          ldrh r2,[r6,#0xa]
00007030  9142          cmp r1,r2
00007032  6bda          bge 0x0000710c
00007034  7189          ldrh r1,[r6,#0xa]
00007036  0029          cmp r1,#0x0
00007038  68d0          beq 0x0000710c
0000703A  7f49          ldr r1,[0x00007238]
0000703C  0022          movs r2,#0x0
0000703E  8a5e          ldrsh r2,[r1,r2]
00007040  0a2a          cmp r2,#0xa
00007042  03da          bge 0x0000704c
00007044  0088          ldrh r0,[r0,#0x0]
00007046  2080          strh r0,[r4,#0x0]
00007048  1e20          movs r0,#0x1e
0000704A  3085          strh r0,[r6,#0x28]
0000704C  0620          movs r0,#0x6
0000704E  305e          ldrsh r0,[r6,r0]
00007050  7a49          ldr r1,[0x0000723c]
00007052  0028          cmp r0,#0x0
00007054  0cdb          blt 0x00007070
00007056  0020          movs r0,#0x0
00007058  085e          ldrsh r0,[r1,r0]
0000705A  0028          cmp r0,#0x0
0000705C  f088          ldrh r0,[r6,#0x6]
0000705E  01dd          ble 0x00007064
00007060  0a88          ldrh r2,[r1,#0x0]
00007062  8018          adds r0,r0,r2
00007064  80b2          uxth r0,r0
00007066  04e0          b 0x00007072
00007068  f089          ldrh r0,[r6,#0xe]
0000706A  2080          strh r0,[r4,#0x0]
0000706C  b582          strh r5,[r6,#0x14]
0000706E  84e0          b 0x0000717a
00007070  0020          movs r0,#0x0
00007072  7289          ldrh r2,[r6,#0xa]
00007074  1c3a          subs r2,#0x1c
00007076  9042          cmp r0,r2
00007078  0cdd          ble 0x00007094
0000707A  7289          ldrh r2,[r6,#0xa]
0000707C  9042          cmp r0,r2
0000707E  07d2          bcs 0x00007090
00007080  7289          ldrh r2,[r6,#0xa]
00007082  101a          subs r0,r2,r0
00007084  c217          asrs r2,r0,#0x1f
00007086  520f          lsrs r2,r2,#0x1d
00007088  1018          adds r0,r2,r0
0000708A  4003          lsls r0,r0,#0xd
0000708C  000c          lsrs r0,r0,#0x10
0000708E  03e0          b 0x00007098
00007090  0020          movs r0,#0x0
00007092  01e0          b 0x00007098
00007094  308d          ldrh r0,[r6,#0x28]
00007096  80b2          uxth r0,r0
00007098  2822          movs r2,#0x28
0000709A  b25e          ldrsh r2,[r6,r2]
0000709C  9042          cmp r0,r2
0000709E  00da          bge 0x000070a2
000070A0  3085          strh r0,[r6,#0x28]
000070A2  0022          movs r2,#0x0
000070A4  a25e          ldrsh r2,[r4,r2]
000070A6  2820          movs r0,#0x28
000070A8  305e          ldrsh r0,[r6,r0]
000070AA  1318          adds r3,r2,r0
000070AC  644a          ldr r2,[0x00007240]
000070AE  9342          cmp r3,r2
000070B0  04da          bge 0x000070bc
000070B2  0028          cmp r0,#0x0
000070B4  02dd          ble 0x000070bc
000070B6  2188          ldrh r1,[r4,#0x0]
000070B8  0818          adds r0,r1,r0
000070BA  24e0          b 0x00007106
000070BC  0c23          movs r3,#0xc
000070BE  f370          strb r3,[r6,#0x3]
000070C0  7378          ldrb r3,[r6,#0x1]
000070C2  002b          cmp r3,#0x0
000070C4  20d1          bne 0x00007108
000070C6  0028          cmp r0,#0x0
000070C8  1edb          blt 0x00007108
000070CA  c85e          ldrsh r0,[r1,r3]
000070CC  0028          cmp r0,#0x0
000070CE  1bdb          blt 0x00007108
000070D0  0620          movs r0,#0x6
000070D2  305e          ldrsh r0,[r6,r0]
000070D4  cb5e          ldrsh r3,[r1,r3]
000070D6  c118          adds r1,r0,r3
000070D8  7089          ldrh r0,[r6,#0xa]
000070DA  c01e          subs r0,r0,#0x3
000070DC  8142          cmp r1,r0
000070DE  5348          ldr r0,[0x0000722c]
000070E0  205e          ldrsh r0,[r4,r0]
000070E2  06da          bge 0x000070f2
000070E4  9042          cmp r0,r2
000070E6  0fda          bge 0x00007108
000070E8  2088          ldrh r0,[r4,#0x0]
000070EA  401c          adds r0,r0,#0x1
000070EC  0be0          b 0x00007106
000070EE  c6e0          b 0x0000727e
000070F0  ace0          b 0x0000724c
000070F2  0028          cmp r0,#0x0
000070F4  08dd          ble 0x00007108
000070F6  0620          movs r0,#0x6
000070F8  305e          ldrsh r0,[r6,r0]
000070FA  7189          ldrh r1,[r6,#0xa]
000070FC  401c          adds r0,r0,#0x1
000070FE  8842          cmp r0,r1
00007100  02dd          ble 0x00007108
00007102  2088          ldrh r0,[r4,#0x0]
00007104  401e          subs r0,r0,#0x1
00007106  2080          strh r0,[r4,#0x0]
00007108  7582          strh r5,[r6,#0x12]
0000710A  36e0          b 0x0000717a
0000710C  4d48          ldr r0,[0x00007244]
0000710E  0088          ldrh r0,[r0,#0x0]
00007110  8721          movs r1,#0x87
00007112  8900          lsls r1,r1,#0x2
00007114  8842          cmp r0,r1
00007116  0dd2          bcs 0x00007134
00007118  0620          movs r0,#0x6
0000711A  305e          ldrsh r0,[r6,r0]
0000711C  1e28          cmp r0,#0x1e
0000711E  09dd          ble 0x00007134
00007120  0620          movs r0,#0x6
00007122  305e          ldrsh r0,[r6,r0]
00007124  7189          ldrh r1,[r6,#0xa]
00007126  401a          subs r0,r0,r1
00007128  c117          asrs r1,r0,#0x1f
0000712A  490f          lsrs r1,r1,#0x1d
0000712C  0818          adds r0,r1,r0
0000712E  c010          asrs r0,r0,#0x3
00007130  7083          strh r0,[r6,#0x1a]
00007132  00e0          b 0x00007136
00007134  7583          strh r5,[r6,#0x1a]
00007136  b08a          ldrh r0,[r6,#0x14]
00007138  1a20          movs r0,#0x1a
0000713A  0a22          movs r2,#0xa
0000713C  0021          movs r1,#0x0
0000713E  305e          ldrsh r0,[r6,r0]
00007140  02f095fe      bl 0x00009e6e
00007144  7083          strh r0,[r6,#0x1a]
00007146  3c49          ldr r1,[0x00007238]
00007148  0020          movs r0,#0x0
0000714A  085e          ldrsh r0,[r1,r0]
0000714C  b28a          ldrh r2,[r6,#0x14]
0000714E  5242          rsbs r2,r2
00007150  9042          cmp r0,r2
00007152  06dd          ble 0x00007162
00007154  1a20          movs r0,#0x1a
00007156  305e          ldrsh r0,[r6,r0]
00007158  0028          cmp r0,#0x0
0000715A  02dd          ble 0x00007162
0000715C  2188          ldrh r1,[r4,#0x0]
0000715E  081a          subs r0,r1,r0
00007160  08e0          b 0x00007174
00007162  0520          movs r0,#0x5
00007164  f070          strb r0,[r6,#0x3]
00007166  0022          movs r2,#0x0
00007168  8a5e          ldrsh r2,[r1,r2]
0000716A  1420          movs r0,#0x14
0000716C  c242          cmn r2,r0
0000716E  0ada          bge 0x00007186
00007170  2088          ldrh r0,[r4,#0x0]
00007172  401c          adds r0,r0,#0x1
00007174  2080          strh r0,[r4,#0x0]
00007176  f088          ldrh r0,[r6,#0x6]
00007178  3081          strh r0,[r6,#0x8]
0000717A  0020          movs r0,#0x0
0000717C  205e          ldrsh r0,[r4,r0]
0000717E  0028          cmp r0,#0x0
00007180  00da          bge 0x00007184
00007182  2580          strh r5,[r4,#0x0]
00007184  46e1          b 0x00007414
00007186  0020          movs r0,#0x0
00007188  085e          ldrsh r0,[r1,r0]
0000718A  0228          cmp r0,#0x2
0000718C  f3dd          ble 0x00007176
0000718E  7078          ldrb r0,[r6,#0x1]
00007190  0028          cmp r0,#0x0
00007192  f0d1          bne 0x00007176
00007194  085e          ldrsh r0,[r1,r0]
00007196  1428          cmp r0,#0x14
00007198  56dd          ble 0x00007248
0000719A  0020          movs r0,#0x0
0000719C  085e          ldrsh r0,[r1,r0]
0000719E  0003          lsls r0,r0,#0xc
000071A0  000c          lsrs r0,r0,#0x10
000071A2  dbe7          b 0x0000715c
00007248  0120          movs r0,#0x1
0000724A  87e7          b 0x0000715c
0000724C  0020          movs r0,#0x0
0000724E  085e          ldrsh r0,[r1,r0]
00007250  1e28          cmp r0,#0x1e
00007252  01dd          ble 0x00007258
00007254  1e20          movs r0,#0x1e
00007256  07e0          b 0x00007268
00007258  0022          movs r2,#0x0
0000725A  8a5e          ldrsh r2,[r1,r2]
0000725C  1d20          movs r0,#0x1d
0000725E  c043          mvns r0,r0
00007260  8242          cmp r2,r0
00007262  01db          blt 0x00007268
00007264  0020          movs r0,#0x0
00007266  085e          ldrsh r0,[r1,r0]
00007268  3083          strh r0,[r6,#0x18]
0000726A  411d          adds r1,r0,#0x5
0000726C  03db          blt 0x00007276
0000726E  0228          cmp r0,#0x2
00007270  01da          bge 0x00007276
00007272  0220          movs r0,#0x2
00007274  3083          strh r0,[r6,#0x18]
00007276  2088          ldrh r0,[r4,#0x0]
00007278  318b          ldrh r1,[r6,#0x18]
0000727A  401a          subs r0,r0,r1
0000727C  bae0          b 0x000073f4
0000727E  9349          ldr r1,[0x000074cc]
00007280  0a78          ldrb r2,[r1,#0x0]
00007282  012a          cmp r2,#0x1
00007284  02d1          bne 0x0000728c
00007286  3a78          ldrb r2,[r7,#0x0]
00007288  002a          cmp r2,#0x0
0000728A  03d0          beq 0x00007294
0000728C  0878          ldrb r0,[r1,#0x0]
0000728E  0028          cmp r0,#0x0
00007290  0dd0          beq 0x000072ae
00007292  0fe0          b 0x000072b4
00007294  f583          strh r5,[r6,#0x1e]
00007296  7582          strh r5,[r6,#0x12]
00007298  0021          movs r1,#0x0
0000729A  615e          ldrsh r1,[r4,r1]
0000729C  0022          movs r2,#0x0
0000729E  825e          ldrsh r2,[r0,r2]
000072A0  9142          cmp r1,r2
000072A2  01dd          ble 0x000072a8
000072A4  0088          ldrh r0,[r0,#0x0]
000072A6  2080          strh r0,[r4,#0x0]
000072A8  0120          movs r0,#0x1
000072AA  3870          strb r0,[r7,#0x0]
000072AC  b2e0          b 0x00007414
000072AE  3878          ldrb r0,[r7,#0x0]
000072B0  0128          cmp r0,#0x1
000072B2  06d0          beq 0x000072c2
000072B4  8648          ldr r0,[0x000074d0]
000072B6  0188          ldrh r1,[r0,#0x0]
000072B8  b28a          ldrh r2,[r6,#0x14]
000072BA  9142          cmp r1,r2
000072BC  20d3          bcc 0x00007300
000072BE  0088          ldrh r0,[r0,#0x0]
000072C0  1fe0          b 0x00007302
000072C2  8448          ldr r0,[0x000074d4]
000072C4  0021          movs r1,#0x0
000072C6  415e          ldrsh r1,[r0,r1]
000072C8  b08a          ldrh r0,[r6,#0x14]
000072CA  4042          rsbs r0,r0
000072CC  8142          cmp r1,r0
000072CE  0ada          bge 0x000072e6
000072D0  0020          movs r0,#0x0
000072D2  205e          ldrsh r0,[r4,r0]
000072D4  7d21          movs r1,#0x7d
000072D6  c900          lsls r1,r1,#0x3
000072D8  8842          cmp r0,r1
000072DA  02da          bge 0x000072e2
000072DC  2088          ldrh r0,[r4,#0x0]
000072DE  1930          adds r0,#0x19
000072E0  07e0          b 0x000072f2
000072E2  3d70          strb r5,[r7,#0x0]
000072E4  06e0          b 0x000072f4
000072E6  3d70          strb r5,[r7,#0x0]
000072E8  0020          movs r0,#0x0
000072EA  205e          ldrsh r0,[r4,r0]
000072EC  0028          cmp r0,#0x0
000072EE  01dc          bgt 0x000072f4
000072F0  0a20          movs r0,#0xa
000072F2  2080          strh r0,[r4,#0x0]
000072F4  3878          ldrb r0,[r7,#0x0]
000072F6  0028          cmp r0,#0x0
000072F8  01d1          bne 0x000072fe
000072FA  2088          ldrh r0,[r4,#0x0]
000072FC  3082          strh r0,[r6,#0x10]
000072FE  89e0          b 0x00007414
00007300  b08a          ldrh r0,[r6,#0x14]
00007302  4042          rsbs r0,r0
00007304  00b2          sxth r0,r0
00007306  f082          strh r0,[r6,#0x16]
00007308  0621          movs r1,#0x6
0000730A  715e          ldrsh r1,[r6,r1]
0000730C  2022          movs r2,#0x20
0000730E  b25e          ldrsh r2,[r6,r2]
00007310  891a          subs r1,r1,r2
00007312  3222          movs r2,#0x32
00007314  5143          muls r1,r2
00007316  f162          str r1,[r6,#0x2c]
00007318  f288          ldrh r2,[r6,#0x6]
0000731A  3284          strh r2,[r6,#0x20]
0000731C  6e4a          ldr r2,[0x000074d8]
0000731E  1278          ldrb r2,[r2,#0x0]
00007320  002a          cmp r2,#0x0
00007322  21d0          beq 0x00007368
00007324  f288          ldrh r2,[r6,#0x6]
00007326  002a          cmp r2,#0x0
00007328  16d1          bne 0x00007358
0000732A  6c4b          ldr r3,[0x000074dc]
0000732C  9a5e          ldrsh r2,[r3,r2]
0000732E  002a          cmp r2,#0x0
00007330  6b4a          ldr r2,[0x000074e0]
00007332  9a5e          ldrsh r2,[r3,r2]
00007334  00da          bge 0x00007338
00007336  5242          rsbs r2,r2
00007338  142a          cmp r2,#0x14
0000733A  0dda          bge 0x00007358
0000733C  694a          ldr r2,[0x000074e4]
0000733E  0023          movs r3,#0x0
00007340  d35e          ldrsh r3,[r2,r3]
00007342  1e2b          cmp r3,#0x1e
00007344  08da          bge 0x00007358
00007346  1e23          movs r3,#0x1e
00007348  f35e          ldrsh r3,[r6,r3]
0000734A  c82b          cmp r3,#0xc8
0000734C  02da          bge 0x00007354
0000734E  5b1c          adds r3,r3,#0x1
00007350  f383          strh r3,[r6,#0x1e]
00007352  02e0          b 0x0000735a
00007354  1580          strh r5,[r2,#0x0]
00007356  00e0          b 0x0000735a
00007358  f583          strh r5,[r6,#0x1e]
0000735A  624a          ldr r2,[0x000074e4]
0000735C  1288          ldrh r2,[r2,#0x0]
0000735E  9300          lsls r3,r2,#0x2
00007360  d218          adds r2,r2,r3
00007362  891a          subs r1,r1,r2
00007364  7183          strh r1,[r6,#0x1a]
00007366  00e0          b 0x0000736a
00007368  7583          strh r5,[r6,#0x1a]
0000736A  1a21          movs r1,#0x1a
0000736C  715e          ldrsh r1,[r6,r1]
0000736E  0029          cmp r1,#0x0
00007370  01d0          beq 0x00007376
00007372  2180          strh r1,[r4,#0x0]
00007374  4ee0          b 0x00007414
00007376  5c49          ldr r1,[0x000074e8]
00007378  4a7b          ldrb r2,[r1,#0xd]
0000737A  5c49          ldr r1,[0x000074ec]
0000737C  0988          ldrh r1,[r1,#0x0]
0000737E  8a42          cmp r2,r1
00007380  3ad1          bne 0x000073f8
00007382  0621          movs r1,#0x6
00007384  715e          ldrsh r1,[r6,r1]
00007386  1429          cmp r1,#0x14
00007388  1fdd          ble 0x000073ca
0000738A  524a          ldr r2,[0x000074d4]
0000738C  0021          movs r1,#0x0
0000738E  515e          ldrsh r1,[r2,r1]
00007390  8142          cmp r1,r0
00007392  07da          bge 0x000073a4
00007394  0021          movs r1,#0x0
00007396  615e          ldrsh r1,[r4,r1]
00007398  5548          ldr r0,[0x000074f0]
0000739A  8142          cmp r1,r0
0000739C  0eda          bge 0x000073bc
0000739E  2088          ldrh r0,[r4,#0x0]
000073A0  2830          adds r0,#0x28
000073A2  0be0          b 0x000073bc
000073A4  0021          movs r1,#0x0
000073A6  515e          ldrsh r1,[r2,r1]
000073A8  8142          cmp r1,r0
000073AA  08dd          ble 0x000073be
000073AC  0021          movs r1,#0x0
000073AE  615e          ldrsh r1,[r4,r1]
000073B0  4f48          ldr r0,[0x000074f0]
000073B2  4042          rsbs r0,r0
000073B4  8142          cmp r1,r0
000073B6  01dd          ble 0x000073bc
000073B8  2088          ldrh r0,[r4,#0x0]
000073BA  2838          subs r0,#0x28
000073BC  2080          strh r0,[r4,#0x0]
000073BE  f088          ldrh r0,[r6,#0x6]
000073C0  0b21          movs r1,#0xb
000073C2  c943          mvns r1,r1
000073C4  4843          muls r0,r1
000073C6  b083          strh r0,[r6,#0x1c]
000073C8  0ee0          b 0x000073e8
000073CA  b583          strh r5,[r6,#0x1c]
000073CC  0020          movs r0,#0x0
000073CE  205e          ldrsh r0,[r4,r0]
000073D0  0028          cmp r0,#0x0
000073D2  02dd          ble 0x000073da
000073D4  2088          ldrh r0,[r4,#0x0]
000073D6  401e          subs r0,r0,#0x1
000073D8  05e0          b 0x000073e6
000073DA  0020          movs r0,#0x0
000073DC  205e          ldrsh r0,[r4,r0]
000073DE  0028          cmp r0,#0x0
000073E0  02da          bge 0x000073e8
000073E2  2088          ldrh r0,[r4,#0x0]
000073E4  401c          adds r0,r0,#0x1
000073E6  2080          strh r0,[r4,#0x0]
000073E8  0021          movs r1,#0x0
000073EA  615e          ldrsh r1,[r4,r1]
000073EC  1c20          movs r0,#0x1c
000073EE  305e          ldrsh r0,[r6,r0]
000073F0  8142          cmp r1,r0
000073F2  0fda          bge 0x00007414
000073F4  2080          strh r0,[r4,#0x0]
000073F6  0de0          b 0x00007414
000073F8  0020          movs r0,#0x0
000073FA  205e          ldrsh r0,[r4,r0]
000073FC  0028          cmp r0,#0x0
000073FE  02dd          ble 0x00007406
00007400  2088          ldrh r0,[r4,#0x0]
00007402  401e          subs r0,r0,#0x1
00007404  f6e7          b 0x000073f4
00007406  0020          movs r0,#0x0
00007408  205e          ldrsh r0,[r4,r0]
0000740A  0028          cmp r0,#0x0
0000740C  02da          bge 0x00007414
0000740E  2088          ldrh r0,[r4,#0x0]
00007410  401c          adds r0,r0,#0x1
00007412  efe7          b 0x000073f4
00007414  7089          ldrh r0,[r6,#0xa]
00007416  0028          cmp r0,#0x0
00007418  39d1          bne 0x0000748e
0000741A  3648          ldr r0,[0x000074f4]
0000741C  0078          ldrb r0,[r0,#0x0]
0000741E  0028          cmp r0,#0x0
00007420  35d1          bne 0x0000748e
00007422  2a48          ldr r0,[0x000074cc]
00007424  0078          ldrb r0,[r0,#0x0]
00007426  0128          cmp r0,#0x1
00007428  02d0          beq 0x00007430
0000742A  3878          ldrb r0,[r7,#0x0]
0000742C  0128          cmp r0,#0x1
0000742E  03d1          bne 0x00007438
00007430  0620          movs r0,#0x6
00007432  305e          ldrsh r0,[r6,r0]
00007434  0a28          cmp r0,#0xa
00007436  2adc          bgt 0x0000748e
00007438  2f48          ldr r0,[0x000074f8]
0000743A  0078          ldrb r0,[r0,#0x0]
0000743C  0028          cmp r0,#0x0
0000743E  03d0          beq 0x00007448
00007440  2e48          ldr r0,[0x000074fc]
00007442  0088          ldrh r0,[r0,#0x0]
00007444  0028          cmp r0,#0x0
00007446  22d1          bne 0x0000748e
00007448  2348          ldr r0,[0x000074d8]
0000744A  0078          ldrb r0,[r0,#0x0]
0000744C  0028          cmp r0,#0x0
0000744E  03d0          beq 0x00007458
00007450  2448          ldr r0,[0x000074e4]
00007452  0088          ldrh r0,[r0,#0x0]
00007454  0028          cmp r0,#0x0
00007456  1ad1          bne 0x0000748e
00007458  b08a          ldrh r0,[r6,#0x14]
0000745A  0028          cmp r0,#0x0
0000745C  03d0          beq 0x00007466
0000745E  0620          movs r0,#0x6
00007460  305e          ldrsh r0,[r6,r0]
00007462  3c28          cmp r0,#0x3c
00007464  13dc          bgt 0x0000748e
00007466  2649          ldr r1,[0x00007500]
00007468  0020          movs r0,#0x0
0000746A  085e          ldrsh r0,[r1,r0]
0000746C  0028          cmp r0,#0x0
0000746E  1c48          ldr r0,[0x000074e0]
00007470  085e          ldrsh r0,[r1,r0]
00007472  00da          bge 0x00007476
00007474  4042          rsbs r0,r0
00007476  1b28          cmp r0,#0x1b
00007478  09dc          bgt 0x0000748e
0000747A  1849          ldr r1,[0x000074dc]
0000747C  0020          movs r0,#0x0
0000747E  085e          ldrsh r0,[r1,r0]
00007480  0028          cmp r0,#0x0
00007482  1748          ldr r0,[0x000074e0]
00007484  085e          ldrsh r0,[r1,r0]
00007486  00da          bge 0x0000748a
00007488  4042          rsbs r0,r0
0000748A  1228          cmp r0,#0x12
0000748C  03dd          ble 0x00007496
0000748E  1d48          ldr r0,[0x00007504]
00007490  0078          ldrb r0,[r0,#0x0]
00007492  0028          cmp r0,#0x0
00007494  0fd0          beq 0x000074b6
00007496  1c48          ldr r0,[0x00007508]
00007498  0570          strb r5,[r0,#0x0]
0000749A  0021          movs r1,#0x0
0000749C  615e          ldrsh r1,[r4,r1]
0000749E  1448          ldr r0,[0x000074f0]
000074A0  8142          cmp r1,r0
000074A2  06dc          bgt 0x000074b2
000074A4  0021          movs r1,#0x0
000074A6  615e          ldrsh r1,[r4,r1]
000074A8  4042          rsbs r0,r0
000074AA  8142          cmp r1,r0
000074AC  01db          blt 0x000074b2
000074AE  0020          movs r0,#0x0
000074B0  205e          ldrsh r0,[r4,r0]
000074B2  2080          strh r0,[r4,#0x0]
000074B4  f8bd          pop {r3,r4,r5,r6,r7,pc}
000074B6  1449          ldr r1,[0x00007508]
000074B8  0878          ldrb r0,[r1,#0x0]
000074BA  0028          cmp r0,#0x0
000074BC  03d1          bne 0x000074c6
000074BE  f089          ldrh r0,[r6,#0xe]
000074C0  3082          strh r0,[r6,#0x10]
000074C2  f089          ldrh r0,[r6,#0xe]
000074C4  2080          strh r0,[r4,#0x0]
000074C6  0120          movs r0,#0x1
000074C8  0870          strb r0,[r1,#0x0]
000074CA  e6e7          b 0x0000749a
0000750C  f0b5          push {r4,r5,r6,r7,lr}
0000750E  fd21          movs r1,#0xfd
00007510  3a4d          ldr r5,[0x000075fc]
00007512  4902          lsls r1,r1,#0x9
00007514  3848          ldr r0,[0x000075f8]
00007516  2e46          mov r6,r5
00007518  0b68          ldr r3,[r1,#0x0]
0000751A  0022          movs r2,#0x0
0000751C  6436          adds r6,#0x64
0000751E  8342          cmp r3,r0
00007520  5fd1          bne 0x000075e2
00007522  0020          movs r0,#0x0
00007524  2c46          mov r4,r5
00007526  503c          subs r4,#0x50
00007528  8700          lsls r7,r0,#0x2
0000752A  08c9          ldmia r1!,{r3}
0000752C  401c          adds r0,r0,#0x1
0000752E  c0b2          uxtb r0,r0
00007530  e351          str r3,[r4,r7]
00007532  1428          cmp r0,#0x14
00007534  f8d3          bcc 0x00007528
00007536  3248          ldr r0,[0x00007600]
00007538  6168          ldr r1,[r4,#0x4]
0000753A  0160          str r1,[r0,#0x0]
0000753C  a069          ldr r0,[r4,#0x18]
0000753E  314b          ldr r3,[0x00007604]
00007540  c707          lsls r7,r0,#0x1f
00007542  0121          movs r1,#0x1
00007544  002f          cmp r7,#0x0
00007546  01d0          beq 0x0000754c
00007548  1970          strb r1,[r3,#0x0]
0000754A  00e0          b 0x0000754e
0000754C  1a70          strb r2,[r3,#0x0]
0000754E  4307          lsls r3,r0,#0x1d
00007550  2d48          ldr r0,[0x00007608]
00007552  01d5          bpl 0x00007558
00007554  0170          strb r1,[r0,#0x0]
00007556  00e0          b 0x0000755a
00007558  0270          strb r2,[r0,#0x0]
0000755A  2c49          ldr r1,[0x0000760c]
0000755C  e069          ldr r0,[r4,#0x1c]
0000755E  0860          str r0,[r1,#0x0]
00007560  2b48          ldr r0,[0x00007610]
00007562  216a          ldr r1,[r4,#0x20]
00007564  0160          str r1,[r0,#0x0]
00007566  0068          ldr r0,[r0,#0x0]
00007568  2a49          ldr r1,[0x00007614]
0000756A  8842          cmp r0,r1
0000756C  0fd1          bne 0x0000758e
0000756E  2a49          ldr r1,[0x00007618]
00007570  606a          ldr r0,[r4,#0x24]
00007572  0870          strb r0,[r1,#0x0]
00007574  020a          lsrs r2,r0,#0x8
00007576  4a70          strb r2,[r1,#0x1]
00007578  020c          lsrs r2,r0,#0x10
0000757A  8a70          strb r2,[r1,#0x2]
0000757C  000e          lsrs r0,r0,#0x18
0000757E  c870          strb r0,[r1,#0x3]
00007580  2649          ldr r1,[0x0000761c]
00007582  a06a          ldr r0,[r4,#0x28]
00007584  0870          strb r0,[r1,#0x0]
00007586  020a          lsrs r2,r0,#0x8
00007588  4a70          strb r2,[r1,#0x1]
0000758A  000c          lsrs r0,r0,#0x10
0000758C  8870          strb r0,[r1,#0x2]
0000758E  244b          ldr r3,[0x00007620]
00007590  0020          movs r0,#0x0
00007592  8200          lsls r2,r0,#0x2
00007594  1119          adds r1,r2,r4
00007596  c96a          ldr r1,[r1,#0x2c]
00007598  9954          strb r1,[r3,r2]
0000759A  0f0a          lsrs r7,r1,#0x8
0000759C  d218          adds r2,r2,r3
0000759E  5770          strb r7,[r2,#0x1]
000075A0  0f0c          lsrs r7,r1,#0x10
000075A2  9770          strb r7,[r2,#0x2]
000075A4  090e          lsrs r1,r1,#0x18
000075A6  d170          strb r1,[r2,#0x3]
000075A8  401c          adds r0,r0,#0x1
000075AA  c0b2          uxtb r0,r0
000075AC  0428          cmp r0,#0x4
000075AE  f0d3          bcc 0x00007592
000075B0  1c49          ldr r1,[0x00007624]
000075B2  e06b          ldr r0,[r4,#0x3c]
000075B4  0860          str r0,[r1,#0x0]
000075B6  1c49          ldr r1,[0x00007628]
000075B8  0020          movs r0,#0x0
000075BA  4300          lsls r3,r0,#0x1
000075BC  0a88          ldrh r2,[r1,#0x0]
000075BE  401c          adds r0,r0,#0x1
000075C0  c0b2          uxtb r0,r0
000075C2  091d          adds r1,r1,#0x4
000075C4  ea52          strh r2,[r5,r3]
000075C6  3228          cmp r0,#0x32
000075C8  f7d3          bcc 0x000075ba
000075CA  1749          ldr r1,[0x00007628]
000075CC  c831          adds r1,#0xc8
000075CE  0020          movs r0,#0x0
000075D0  4300          lsls r3,r0,#0x1
000075D2  0a88          ldrh r2,[r1,#0x0]
000075D4  401c          adds r0,r0,#0x1
000075D6  c0b2          uxtb r0,r0
000075D8  091d          adds r1,r1,#0x4
000075DA  f252          strh r2,[r6,r3]
000075DC  3228          cmp r0,#0x32
000075DE  f7d3          bcc 0x000075d0
000075E0  f0bd          pop {r4,r5,r6,r7,pc}
000075E2  0748          ldr r0,[0x00007600]
000075E4  0260          str r2,[r0,#0x0]
000075E6  0020          movs r0,#0x0
000075E8  4100          lsls r1,r0,#0x1
000075EA  401c          adds r0,r0,#0x1
000075EC  6a52          strh r2,[r5,r1]
000075EE  c0b2          uxtb r0,r0
000075F0  7252          strh r2,[r6,r1]
000075F2  3228          cmp r0,#0x32
000075F4  f8d3          bcc 0x000075e8
000075F6  f0bd          pop {r4,r5,r6,r7,pc}
0000762C  3f20          movs r0,#0x3f
0000762E  c002          lsls r0,r0,#0xb
00007630  094a          ldr r2,[0x00007658]
00007632  0021          movs r1,#0x0
00007634  0378          ldrb r3,[r0,#0x0]
00007636  5354          strb r3,[r2,r1]
00007638  491c          adds r1,r1,#0x1
0000763A  c9b2          uxtb r1,r1
0000763C  001d          adds r0,r0,#0x4
0000763E  1229          cmp r1,#0x12
00007640  f8d3          bcc 0x00007634
00007642  064a          ldr r2,[0x0000765c]
00007644  0021          movs r1,#0x0
00007646  0378          ldrb r3,[r0,#0x0]
00007648  5354          strb r3,[r2,r1]
0000764A  491c          adds r1,r1,#0x1
0000764C  c9b2          uxtb r1,r1
0000764E  001d          adds r0,r0,#0x4
00007650  1729          cmp r1,#0x17
00007652  f8d3          bcc 0x00007646
00007654  7047          bx lr
00007660  10b5          push {r4,lr}
00007662  104c          ldr r4,[0x000076a4]
00007664  a07f          ldrb r0,[r4,#0x1e]
00007666  0028          cmp r0,#0x0
00007668  04d0          beq 0x00007674
0000766A  607f          ldrb r0,[r4,#0x1d]
0000766C  0028          cmp r0,#0x0
0000766E  02d0          beq 0x00007676
00007670  401e          subs r0,r0,#0x1
00007672  6077          strb r0,[r4,#0x1d]
00007674  10bd          pop {r4,pc}
00007676  0a20          movs r0,#0xa
00007678  0a49          ldr r1,[0x000076a4]
0000767A  6077          strb r0,[r4,#0x1d]
0000767C  4320          movs r0,#0x43
0000767E  4031          adds r1,#0x40
00007680  0870          strb r0,[r1,#0x0]
00007682  0848          ldr r0,[0x000076a4]
00007684  0121          movs r1,#0x1
00007686  4030          adds r0,#0x40
00007688  01f006fd      bl 0x00009098
0000768C  0548          ldr r0,[0x000076a4]
0000768E  2030          adds r0,#0x20
00007690  0178          ldrb r1,[r0,#0x0]
00007692  0029          cmp r1,#0x0
00007694  03d0          beq 0x0000769e
00007696  0178          ldrb r1,[r0,#0x0]
00007698  491e          subs r1,r1,#0x1
0000769A  0170          strb r1,[r0,#0x0]
0000769C  10bd          pop {r4,pc}
0000769E  0020          movs r0,#0x0
000076A0  a077          strb r0,[r4,#0x1e]
000076A2  10bd          pop {r4,pc}
000076A8  70b5          push {r4,r5,r6,lr}
000076AA  1446          mov r4,r2
000076AC  e122          movs r2,#0xe1
000076AE  5201          lsls r2,r2,#0x5
000076B0  5043          muls r0,r2
000076B2  c212          asrs r2,r0,#0xb
000076B4  1d48          ldr r0,[0x0000772c]
000076B6  8242          cmp r2,r0
000076B8  08da          bge 0x000076cc
000076BA  831a          subs r3,r0,r2
000076BC  0846          mov r0,r1
000076BE  5043          muls r0,r2
000076C0  1946          mov r1,r3
000076C2  fbf7cdf9      bl 0x00002a60
000076C6  fcf753f9      bl 0x00003970
000076CA  03e0          b 0x000076d4
000076CC  1748          ldr r0,[0x0000772c]
000076CE  4843          muls r0,r1
000076D0  fcf756f9      bl 0x00003980
000076D4  1649          ldr r1,[0x00007730]
000076D6  fcf751f8      bl 0x0000377c
000076DA  0646          mov r6,r0
000076DC  2046          mov r0,r4
000076DE  fbf7fcfe      bl 0x000034da
000076E2  0446          mov r4,r0
000076E4  0d46          mov r5,r1
000076E6  3046          mov r0,r6
000076E8  fcf71ef8      bl 0x00003728
000076EC  02f0d4fd      bl 0x0000a298
000076F0  2246          mov r2,r4
000076F2  2b46          mov r3,r5
000076F4  fbf74afc      bl 0x00002f8c
000076F8  0246          mov r2,r0
000076FA  0b46          mov r3,r1
000076FC  0720          movs r0,#0x7
000076FE  4007          lsls r0,r0,#0x1d
00007700  0c49          ldr r1,[0x00007734]
00007702  fbf713fc      bl 0x00002f2c
00007706  0246          mov r2,r0
00007708  0b46          mov r3,r1
0000770A  0020          movs r0,#0x0
0000770C  0a49          ldr r1,[0x00007738]
0000770E  fbf73dfc      bl 0x00002f8c
00007712  0322          movs r2,#0x3
00007714  5207          lsls r2,r2,#0x1d
00007716  094b          ldr r3,[0x0000773c]
00007718  fbf715fc      bl 0x00002f46
0000771C  0022          movs r2,#0x0
0000771E  084b          ldr r3,[0x00007740]
00007720  fbf704fc      bl 0x00002f2c
00007724  fbf756fe      bl 0x000033d4
00007728  70bd          pop {r4,r5,r6,pc}
000077A8  f8b5          push {r3,r4,r5,r6,r7,lr}
000077AA  9f4f          ldr r7,[0x00007a28]
000077AC  1420          movs r0,#0x14
000077AE  385e          ldrsh r0,[r7,r0]
000077B0  9e49          ldr r1,[0x00007a2c]
000077B2  4843          muls r0,r1
000077B4  c013          asrs r0,r0,#0xf
000077B6  1622          movs r2,#0x16
000077B8  ba5e          ldrsh r2,[r7,r2]
000077BA  1621          movs r1,#0x16
000077BC  795e          ldrsh r1,[r7,r1]
000077BE  411a          subs r1,r0,r1
000077C0  4910          asrs r1,r1,#0x1
000077C2  1623          movs r3,#0x16
000077C4  fb5e          ldrsh r3,[r7,r3]
000077C6  c018          adds r0,r0,r3
000077C8  4042          rsbs r0,r0
000077CA  4310          asrs r3,r0,#0x1
000077CC  0020          movs r0,#0x0
000077CE  002a          cmp r2,#0x0
000077D0  00dd          ble 0x000077d4
000077D2  0120          movs r0,#0x1
000077D4  0029          cmp r1,#0x0
000077D6  00dd          ble 0x000077da
000077D8  801c          adds r0,r0,#0x2
000077DA  002b          cmp r3,#0x0
000077DC  00dd          ble 0x000077e0
000077DE  001d          adds r0,r0,#0x4
000077E0  914f          ldr r7,[0x00007a28]
000077E2  3870          strb r0,[r7,#0x0]
000077E4  4f42          rsbs r7,r1
000077E6  0321          movs r1,#0x3
000077E8  4902          lsls r1,r1,#0x9
000077EA  4a43          muls r2,r1
000077EC  9112          asrs r1,r2,#0xa
000077EE  0322          movs r2,#0x3
000077F0  5b42          rsbs r3,r3
000077F2  5202          lsls r2,r2,#0x9
000077F4  5343          muls r3,r2
000077F6  9a12          asrs r2,r3,#0xa
000077F8  0323          movs r3,#0x3
000077FA  5b02          lsls r3,r3,#0x9
000077FC  5f43          muls r7,r3
000077FE  bf12          asrs r7,r7,#0xa
00007800  0300          movs r3,r0
00007802  02f03bfb      bl 0x00009e7c
00007A34  064b          ldr r3,[0x00007a50]
00007A36  054a          ldr r2,[0x00007a4c]
00007A38  9a62          str r2,[r3,#0x28]
00007A3A  da05          lsls r2,r3,#0x17
00007A3C  0029          cmp r1,#0x0
00007A3E  516a          ldr r1,[r2,#0x24]
00007A40  01d0          beq 0x00007a46
00007A42  0143          orrs r1,r0
00007A44  00e0          b 0x00007a48
00007A46  8143          bics r1,r0
00007A48  5162          str r1,[r2,#0x24]
00007A4A  7047          bx lr
00007A54  f8b5          push {r3,r4,r5,r6,r7,lr}
00007A56  0546          mov r5,r0
00007A58  3d4e          ldr r6,[0x00007b50]
00007A5A  3c48          ldr r0,[0x00007b4c]
00007A5C  0024          movs r4,#0x0
00007A5E  b062          str r0,[r6,#0x28]
00007A60  3c48          ldr r0,[0x00007b54]
00007A62  fcf7c5f8      bl 0x00003bf0
00007A66  0020          movs r0,#0x0
00007A68  3060          str r0,[r6,#0x0]
00007A6A  f005          lsls r0,r6,#0x17
00007A6C  c213          asrs r2,r0,#0xf
00007A6E  3a49          ldr r1,[0x00007b58]
00007A70  052d          cmp r5,#0x5
00007A72  39d0          beq 0x00007ae8
00007A74  08dc          bgt 0x00007a88
00007A76  012d          cmp r5,#0x1
00007A78  12d0          beq 0x00007aa0
00007A7A  022d          cmp r5,#0x2
00007A7C  16d0          beq 0x00007aac
00007A7E  032d          cmp r5,#0x3
00007A80  23d0          beq 0x00007aca
00007A82  042d          cmp r5,#0x4
00007A84  1ad1          bne 0x00007abc
00007A86  27e0          b 0x00007ad8
00007A88  0323          movs r3,#0x3
00007A8A  344f          ldr r7,[0x00007b5c]
00007A8C  9b03          lsls r3,r3,#0xe
00007A8E  112d          cmp r5,#0x11
00007A90  31d0          beq 0x00007af6
00007A92  122d          cmp r5,#0x12
00007A94  3bd0          beq 0x00007b0e
00007A96  132d          cmp r5,#0x13
00007A98  43d0          beq 0x00007b22
00007A9A  142d          cmp r5,#0x14
00007A9C  0ed1          bne 0x00007abc
00007A9E  4ae0          b 0x00007b36
00007AA0  436a          ldr r3,[r0,#0x24]
00007AA2  1343          orrs r3,r2
00007AA4  4362          str r3,[r0,#0x24]
00007AA6  836a          ldr r3,[r0,#0x28]
00007AA8  9343          bics r3,r2
00007AAA  2ce0          b 0x00007b06
00007AAC  436a          ldr r3,[r0,#0x24]
00007AAE  1343          orrs r3,r2
00007AB0  4362          str r3,[r0,#0x24]
00007AB2  836a          ldr r3,[r0,#0x28]
00007AB4  9343          bics r3,r2
00007AB6  8362          str r3,[r0,#0x28]
00007AB8  2fe0          b 0x00007b1a
00007ABA  0860          str r0,[r1,#0x0]
00007ABC  2848          ldr r0,[0x00007b60]
00007ABE  00f006fe      bl 0x000086ce
00007AC2  3460          str r4,[r6,#0x0]
00007AC4  0020          movs r0,#0x0
00007AC6  b062          str r0,[r6,#0x28]
00007AC8  f8bd          pop {r3,r4,r5,r6,r7,pc}
00007ACA  436a          ldr r3,[r0,#0x24]
00007ACC  1343          orrs r3,r2
00007ACE  4362          str r3,[r0,#0x24]
00007AD0  836a          ldr r3,[r0,#0x28]
00007AD2  9343          bics r3,r2
00007AD4  8362          str r3,[r0,#0x28]
00007AD6  2ae0          b 0x00007b2e
00007AD8  436a          ldr r3,[r0,#0x24]
00007ADA  1343          orrs r3,r2
00007ADC  4362          str r3,[r0,#0x24]
00007ADE  836a          ldr r3,[r0,#0x28]
00007AE0  9343          bics r3,r2
00007AE2  8362          str r3,[r0,#0x28]
00007AE4  1f4c          ldr r4,[0x00007b64]
00007AE6  2ee0          b 0x00007b46
00007AE8  436a          ldr r3,[r0,#0x24]
00007AEA  1343          orrs r3,r2
00007AEC  4362          str r3,[r0,#0x24]
00007AEE  836a          ldr r3,[r0,#0x28]
00007AF0  9343          bics r3,r2
00007AF2  8362          str r3,[r0,#0x28]
00007AF4  25e0          b 0x00007b42
00007AF6  3468          ldr r4,[r6,#0x0]
00007AF8  3c40          ands r4,r7
00007AFA  3460          str r4,[r6,#0x0]
00007AFC  446a          ldr r4,[r0,#0x24]
00007AFE  1c43          orrs r4,r3
00007B00  4462          str r4,[r0,#0x24]
00007B02  836a          ldr r3,[r0,#0x28]
00007B04  1343          orrs r3,r2
00007B06  8362          str r3,[r0,#0x28]
00007B08  174c          ldr r4,[0x00007b68]
00007B0A  1848          ldr r0,[0x00007b6c]
00007B0C  d5e7          b 0x00007aba
00007B0E  3268          ldr r2,[r6,#0x0]
00007B10  3a40          ands r2,r7
00007B12  3260          str r2,[r6,#0x0]
00007B14  426a          ldr r2,[r0,#0x24]
00007B16  1a43          orrs r2,r3
00007B18  4262          str r2,[r0,#0x24]
00007B1A  ff24          movs r4,#0xff
00007B1C  5634          adds r4,#0x56
00007B1E  1448          ldr r0,[0x00007b70]
00007B20  cbe7          b 0x00007aba
00007B22  3268          ldr r2,[r6,#0x0]
00007B24  3a40          ands r2,r7
00007B26  3260          str r2,[r6,#0x0]
00007B28  426a          ldr r2,[r0,#0x24]
00007B2A  1a43          orrs r2,r3
00007B2C  4262          str r2,[r0,#0x24]
00007B2E  ff24          movs r4,#0xff
00007B30  1234          adds r4,#0x12
00007B32  1048          ldr r0,[0x00007b74]
00007B34  c1e7          b 0x00007aba
00007B36  3268          ldr r2,[r6,#0x0]
00007B38  3a40          ands r2,r7
00007B3A  3260          str r2,[r6,#0x0]
00007B3C  426a          ldr r2,[r0,#0x24]
00007B3E  1a43          orrs r2,r3
00007B40  4262          str r2,[r0,#0x24]
00007B42  ff24          movs r4,#0xff
00007B44  0234          adds r4,#0x2
00007B46  0c48          ldr r0,[0x00007b78]
00007B48  b7e7          b 0x00007aba
00007B7C  074a          ldr r2,[0x00007b9c]
00007B7E  064b          ldr r3,[0x00007b98]
00007B80  9362          str r3,[r2,#0x28]
00007B82  0129          cmp r1,#0x1
00007B84  d169          ldr r1,[r2,#0x1c]
00007B86  04d0          beq 0x00007b92
00007B88  8143          bics r1,r0
00007B8A  d161          str r1,[r2,#0x1c]
00007B8C  0020          movs r0,#0x0
00007B8E  9062          str r0,[r2,#0x28]
00007B90  7047          bx lr
00007B92  0143          orrs r1,r0
00007B94  f9e7          b 0x00007b8a
00007BA0  70b5          push {r4,r5,r6,lr}
00007BA2  0128          cmp r0,#0x1
00007BA4  26d1          bne 0x00007bf4
00007BA6  154d          ldr r5,[0x00007bfc]
00007BA8  1348          ldr r0,[0x00007bf8]
00007BAA  a862          str r0,[r5,#0x28]
00007BAC  ec05          lsls r4,r5,#0x17
00007BAE  a06a          ldr r0,[r4,#0x28]
00007BB0  0326          movs r6,#0x3
00007BB2  3602          lsls r6,r6,#0x8
00007BB4  b043          bics r0,r6
00007BB6  a062          str r0,[r4,#0x28]
00007BB8  6420          movs r0,#0x64
00007BBA  00f088fd      bl 0x000086ce
00007BBE  a06a          ldr r0,[r4,#0x28]
00007BC0  a062          str r0,[r4,#0x28]
00007BC2  6420          movs r0,#0x64
00007BC4  00f083fd      bl 0x000086ce
00007BC8  a068          ldr r0,[r4,#0x8]
00007BCA  0004          lsls r0,r0,#0x10
00007BCC  fcd4          bmi 0x00007bc8
00007BCE  a06a          ldr r0,[r4,#0x28]
00007BD0  b043          bics r0,r6
00007BD2  a062          str r0,[r4,#0x28]
00007BD4  6420          movs r0,#0x64
00007BD6  00f07afd      bl 0x000086ce
00007BDA  a06a          ldr r0,[r4,#0x28]
00007BDC  0121          movs r1,#0x1
00007BDE  4902          lsls r1,r1,#0x9
00007BE0  0843          orrs r0,r1
00007BE2  a062          str r0,[r4,#0x28]
00007BE4  6420          movs r0,#0x64
00007BE6  00f072fd      bl 0x000086ce
00007BEA  1720          movs r0,#0x17
00007BEC  02f054f9      bl 0x00009e98
00007BF0  0020          movs r0,#0x0
00007BF2  a862          str r0,[r5,#0x28]
00007BF4  70bd          pop {r4,r5,r6,pc}
00007C00  10b5          push {r4,lr}
00007C02  0128          cmp r0,#0x1
00007C04  03d0          beq 0x00007c0e
00007C06  1720          movs r0,#0x17
00007C08  02f062f9      bl 0x00009ed0
00007C0C  10bd          pop {r4,pc}
00007C0E  0548          ldr r0,[0x00007c24]
00007C10  0168          ldr r1,[r0,#0x0]
00007C12  0902          lsls r1,r1,#0x8
00007C14  090a          lsrs r1,r1,#0x8
00007C16  0160          str r1,[r0,#0x0]
00007C18  0120          movs r0,#0x1
00007C1A  0349          ldr r1,[0x00007c28]
00007C1C  c005          lsls r0,r0,#0x17
00007C1E  0860          str r0,[r1,#0x0]
00007C20  10bd          pop {r4,pc}
00007C2C  1720          movs r0,#0x17
00007C2E  02f04ff9      bl 0x00009ed0
00007C32  1720          movs r0,#0x17
00007C34  02f030f9      bl 0x00009e98
00007C38  1148          ldr r0,[0x00007c80]
00007C3A  1049          ldr r1,[0x00007c7c]
00007C3C  8162          str r1,[r0,#0x28]
00007C3E  0021          movs r1,#0x0
00007C40  0160          str r1,[r0,#0x0]
00007C42  c205          lsls r2,r0,#0x17
00007C44  936a          ldr r3,[r2,#0x28]
00007C46  0324          movs r4,#0x3
00007C48  2402          lsls r4,r4,#0x8
00007C4A  a343          bics r3,r4
00007C4C  9362          str r3,[r2,#0x28]
00007C4E  8162          str r1,[r0,#0x28]
00007C50  0d4c          ldr r4,[0x00007c88]
00007C52  0c48          ldr r0,[0x00007c84]
00007C54  2060          str r0,[r4,#0x0]
00007C56  0c48          ldr r0,[0x00007c88]
00007C58  4038          subs r0,#0x40
00007C5A  036b          ldr r3,[r0,#0x30]
00007C5C  4022          movs r2,#0x40
00007C5E  9343          bics r3,r2
00007C60  0363          str r3,[r0,#0x30]
00007C62  436b          ldr r3,[r0,#0x34]
00007C64  9343          bics r3,r2
00007C66  4363          str r3,[r0,#0x34]
00007C68  2160          str r1,[r4,#0x0]
00007C6A  bff34f8f      dsb #0xf
00007C6E  0849          ldr r1,[0x00007c90]
00007C70  0648          ldr r0,[0x00007c8c]
00007C72  c860          str r0,[r1,#0xc]
00007C74  bff34f8f      dsb #0xf
00007C78  00bf          nop
00007C7A  fde7          b 0x00007c78
00007C94  f8b5          push {r3,r4,r5,r6,r7,lr}
00007C96  4e4f          ldr r7,[0x00007dd0]
00007C98  4c48          ldr r0,[0x00007dcc]
00007C9A  3860          str r0,[r7,#0x0]
00007C9C  4d48          ldr r0,[0x00007dd4]
00007C9E  fd24          movs r4,#0xfd
00007CA0  0068          ldr r0,[r0,#0x0]
00007CA2  6402          lsls r4,r4,#0x9
00007CA4  7860          str r0,[r7,#0x4]
00007CA6  0020          movs r0,#0x0
00007CA8  b861          str r0,[r7,#0x18]
00007CAA  4b48          ldr r0,[0x00007dd8]
00007CAC  0078          ldrb r0,[r0,#0x0]
00007CAE  0028          cmp r0,#0x0
00007CB0  01d0          beq 0x00007cb6
00007CB2  0120          movs r0,#0x1
00007CB4  b861          str r0,[r7,#0x18]
00007CB6  4948          ldr r0,[0x00007ddc]
00007CB8  0078          ldrb r0,[r0,#0x0]
00007CBA  0028          cmp r0,#0x0
00007CBC  03d0          beq 0x00007cc6
00007CBE  b869          ldr r0,[r7,#0x18]
00007CC0  0421          movs r1,#0x4
00007CC2  0843          orrs r0,r1
00007CC4  b861          str r0,[r7,#0x18]
00007CC6  4648          ldr r0,[0x00007de0]
00007CC8  0068          ldr r0,[r0,#0x0]
00007CCA  f861          str r0,[r7,#0x1c]
00007CCC  4548          ldr r0,[0x00007de4]
00007CCE  0068          ldr r0,[r0,#0x0]
00007CD0  3862          str r0,[r7,#0x20]
00007CD2  4548          ldr r0,[0x00007de8]
00007CD4  0178          ldrb r1,[r0,#0x0]
00007CD6  4278          ldrb r2,[r0,#0x1]
00007CD8  1202          lsls r2,r2,#0x8
00007CDA  8918          adds r1,r1,r2
00007CDC  8278          ldrb r2,[r0,#0x2]
00007CDE  c078          ldrb r0,[r0,#0x3]
00007CE0  1204          lsls r2,r2,#0x10
00007CE2  0006          lsls r0,r0,#0x18
00007CE4  1018          adds r0,r2,r0
00007CE6  0818          adds r0,r1,r0
00007CE8  7862          str r0,[r7,#0x24]
00007CEA  4048          ldr r0,[0x00007dec]
00007CEC  4178          ldrb r1,[r0,#0x1]
00007CEE  8278          ldrb r2,[r0,#0x2]
00007CF0  0902          lsls r1,r1,#0x8
00007CF2  1204          lsls r2,r2,#0x10
00007CF4  0078          ldrb r0,[r0,#0x0]
00007CF6  8918          adds r1,r1,r2
00007CF8  0818          adds r0,r1,r0
00007CFA  b862          str r0,[r7,#0x28]
00007CFC  3c4e          ldr r6,[0x00007df0]
00007CFE  0020          movs r0,#0x0
00007D00  8200          lsls r2,r0,#0x2
00007D02  b35c          ldrb r3,[r6,r2]
00007D04  9119          adds r1,r2,r6
00007D06  4d78          ldrb r5,[r1,#0x1]
00007D08  2d02          lsls r5,r5,#0x8
00007D0A  5b19          adds r3,r3,r5
00007D0C  8d78          ldrb r5,[r1,#0x2]
00007D0E  c978          ldrb r1,[r1,#0x3]
00007D10  2d04          lsls r5,r5,#0x10
00007D12  0906          lsls r1,r1,#0x18
00007D14  6918          adds r1,r5,r1
00007D16  5918          adds r1,r3,r1
00007D18  d219          adds r2,r2,r7
00007D1A  401c          adds r0,r0,#0x1
00007D1C  c0b2          uxtb r0,r0
00007D1E  d162          str r1,[r2,#0x2c]
00007D20  0428          cmp r0,#0x4
00007D22  edd3          bcc 0x00007d00
00007D24  3348          ldr r0,[0x00007df4]
00007D26  0068          ldr r0,[r0,#0x0]
00007D28  f863          str r0,[r7,#0x3c]
00007D2A  294b          ldr r3,[0x00007dd0]
00007D2C  0020          movs r0,#0x0
00007D2E  3025          movs r5,#0x30
00007D30  3121          movs r1,#0x31
00007D32  5033          adds r3,#0x50
00007D34  2a1a          subs r2,r5,r0
00007D36  0e1a          subs r6,r1,r0
00007D38  5200          lsls r2,r2,#0x1
00007D3A  7600          lsls r6,r6,#0x1
00007D3C  401c          adds r0,r0,#0x1
00007D3E  9a5a          ldrh r2,[r3,r2]
00007D40  c0b2          uxtb r0,r0
00007D42  9a53          strh r2,[r3,r6]
00007D44  3128          cmp r0,#0x31
00007D46  f5d3          bcc 0x00007d34
00007D48  2b48          ldr r0,[0x00007df8]
00007D4A  0288          ldrh r2,[r0,#0x0]
00007D4C  2048          ldr r0,[0x00007dd0]
00007D4E  204e          ldr r6,[0x00007dd0]
00007D50  5030          adds r0,#0x50
00007D52  0280          strh r2,[r0,#0x0]
00007D54  0020          movs r0,#0x0
00007D56  b436          adds r6,#0xb4
00007D58  2a1a          subs r2,r5,r0
00007D5A  0b1a          subs r3,r1,r0
00007D5C  5200          lsls r2,r2,#0x1
00007D5E  5b00          lsls r3,r3,#0x1
00007D60  401c          adds r0,r0,#0x1
00007D62  b25a          ldrh r2,[r6,r2]
00007D64  c0b2          uxtb r0,r0
00007D66  f252          strh r2,[r6,r3]
00007D68  3128          cmp r0,#0x31
00007D6A  f5d3          bcc 0x00007d58
00007D6C  2348          ldr r0,[0x00007dfc]
00007D6E  0088          ldrh r0,[r0,#0x0]
00007D70  3080          strh r0,[r6,#0x0]
00007D72  72b6          cpsid i
00007D74  2248          ldr r0,[0x00007e00]
00007D76  2349          ldr r1,[0x00007e04]
00007D78  0860          str r0,[r1,#0x0]
00007D7A  0021          movs r1,#0x0
00007D7C  2046          mov r0,r4
00007D7E  fcf745ff      bl 0x00004c0c
00007D82  0025          movs r5,#0x0
00007D84  a800          lsls r0,r5,#0x2
00007D86  3958          ldr r1,[r7,r0]
00007D88  2046          mov r0,r4
00007D8A  fef7b7f8      bl 0x00005efc
00007D8E  6d1c          adds r5,r5,#0x1
00007D90  edb2          uxtb r5,r5
00007D92  241d          adds r4,r4,#0x4
00007D94  142d          cmp r5,#0x14
00007D96  f5d3          bcc 0x00007d84
00007D98  0d4f          ldr r7,[0x00007dd0]
00007D9A  0025          movs r5,#0x0
00007D9C  5037          adds r7,#0x50
00007D9E  6800          lsls r0,r5,#0x1
00007DA0  395a          ldrh r1,[r7,r0]
00007DA2  2046          mov r0,r4
00007DA4  fef7aaf8      bl 0x00005efc
00007DA8  6d1c          adds r5,r5,#0x1
00007DAA  edb2          uxtb r5,r5
00007DAC  241d          adds r4,r4,#0x4
00007DAE  322d          cmp r5,#0x32
00007DB0  f5d3          bcc 0x00007d9e
00007DB2  0025          movs r5,#0x0
00007DB4  6800          lsls r0,r5,#0x1
00007DB6  315a          ldrh r1,[r6,r0]
00007DB8  2046          mov r0,r4
00007DBA  fef79ff8      bl 0x00005efc
00007DBE  6d1c          adds r5,r5,#0x1
00007DC0  edb2          uxtb r5,r5
00007DC2  241d          adds r4,r4,#0x4
00007DC4  322d          cmp r5,#0x32
00007DC6  f5d3          bcc 0x00007db4
00007DC8  62b6          cpsie i
00007DCA  f8bd          pop {r3,r4,r5,r6,r7,pc}
00007E08  f8b5          push {r3,r4,r5,r6,r7,lr}
00007E0A  0026          movs r6,#0x0
00007E0C  3f25          movs r5,#0x3f
00007E0E  ed02          lsls r5,r5,#0xb
00007E10  72b6          cpsid i
00007E12  2849          ldr r1,[0x00007eb4]
00007E14  284a          ldr r2,[0x00007eb8]
00007E16  1160          str r1,[r2,#0x0]
00007E18  3146          mov r1,r6
00007E1A  2846          mov r0,r5
00007E1C  fcf7f6fe      bl 0x00004c0c
00007E20  0020          movs r0,#0x0
00007E22  0746          mov r7,r0
00007E24  0446          mov r4,r0
00007E26  0090          str r0,[sp,#0x0]
00007E28  2448          ldr r0,[0x00007ebc]
00007E2A  015d          ldrb r1,[r0,r4]
00007E2C  2846          mov r0,r5
00007E2E  fef765f8      bl 0x00005efc
00007E32  641c          adds r4,r4,#0x1
00007E34  e4b2          uxtb r4,r4
00007E36  2d1d          adds r5,r5,#0x4
00007E38  122c          cmp r4,#0x12
00007E3A  f5d3          bcc 0x00007e28
00007E3C  3f21          movs r1,#0x3f
00007E3E  c902          lsls r1,r1,#0xb
00007E40  1e4c          ldr r4,[0x00007ebc]
00007E42  0020          movs r0,#0x0
00007E44  04c9          ldmia r1!,{r2}
00007E46  235c          ldrb r3,[r4,r0]
00007E48  9342          cmp r3,r2
00007E4A  03d0          beq 0x00007e54
00007E4C  009a          ldr r2,[sp,#0x0]
00007E4E  521c          adds r2,r2,#0x1
00007E50  d2b2          uxtb r2,r2
00007E52  0092          str r2,[sp,#0x0]
00007E54  401c          adds r0,r0,#0x1
00007E56  c0b2          uxtb r0,r0
00007E58  1228          cmp r0,#0x12
00007E5A  f3d3          bcc 0x00007e44
00007E5C  0024          movs r4,#0x0
00007E5E  1848          ldr r0,[0x00007ec0]
00007E60  015d          ldrb r1,[r0,r4]
00007E62  2846          mov r0,r5
00007E64  fef74af8      bl 0x00005efc
00007E68  641c          adds r4,r4,#0x1
00007E6A  e4b2          uxtb r4,r4
00007E6C  2d1d          adds r5,r5,#0x4
00007E6E  172c          cmp r4,#0x17
00007E70  f5d3          bcc 0x00007e5e
00007E72  1449          ldr r1,[0x00007ec4]
00007E74  124c          ldr r4,[0x00007ec0]
00007E76  0020          movs r0,#0x0
00007E78  04c9          ldmia r1!,{r2}
00007E7A  235c          ldrb r3,[r4,r0]
00007E7C  9342          cmp r3,r2
00007E7E  01d0          beq 0x00007e84
00007E80  7f1c          adds r7,r7,#0x1
00007E82  ffb2          uxtb r7,r7
00007E84  401c          adds r0,r0,#0x1
00007E86  c0b2          uxtb r0,r0
00007E88  1728          cmp r0,#0x17
00007E8A  f5d3          bcc 0x00007e78
00007E8C  0098          ldr r0,[sp,#0x0]
00007E8E  0743          orrs r7,r0
00007E90  00d1          bne 0x00007e94
00007E92  0a26          movs r6,#0xa
00007E94  761c          adds r6,r6,#0x1
00007E96  f6b2          uxtb r6,r6
00007E98  082e          cmp r6,#0x8
00007E9A  c1d3          bcc 0x00007e20
00007E9C  07d1          bne 0x00007eae
00007E9E  0649          ldr r1,[0x00007eb8]
00007EA0  0448          ldr r0,[0x00007eb4]
00007EA2  0860          str r0,[r1,#0x0]
00007EA4  3f20          movs r0,#0x3f
00007EA6  0021          movs r1,#0x0
00007EA8  c002          lsls r0,r0,#0xb
00007EAA  fcf7affe      bl 0x00004c0c
00007EAE  62b6          cpsie i
00007EB0  f8bd          pop {r3,r4,r5,r6,r7,pc}
00007EC8  f1b5          push {r0,r4,r5,r6,r7,lr}
00007ECA  f94a          ldr r2,[0x000082b0]
00007ECC  f94c          ldr r4,[0x000082b4]
00007ECE  118a          ldrh r1,[r2,#0x10]
00007ED0  0020          movs r0,#0x0
00007ED2  82b0          sub sp,#0x8
00007ED4  a142          cmp r1,r4
00007ED6  01d2          bcs 0x00007edc
00007ED8  491c          adds r1,r1,#0x1
00007EDA  1182          strh r1,[r2,#0x10]
00007EDC  8bb2          uxth r3,r1
00007EDE  5900          lsls r1,r3,#0x1
00007EE0  d589          ldrh r5,[r2,#0xe]
00007EE2  5918          adds r1,r3,r1
00007EE4  a942          cmp r1,r5
00007EE6  00d9          bls 0x00007eea
00007EE8  d181          strh r1,[r2,#0xe]
00007EEA  a342          cmp r3,r4
00007EEC  05d3          bcc 0x00007efa
00007EEE  f249          ldr r1,[0x000082b8]
00007EF0  d181          strh r1,[r2,#0xe]
00007EF2  0021          movs r1,#0x0
00007EF4  d171          strb r1,[r2,#0x7]
00007EF6  1172          strb r1,[r2,#0x8]
00007EF8  1173          strb r1,[r2,#0xc]
00007EFA  d489          ldrh r4,[r2,#0xe]
00007EFC  ed49          ldr r1,[0x000082b4]
00007EFE  c91f          subs r1,r1,#0x7
00007F00  8c42          cmp r4,r1
00007F02  05d8          bhi 0x00007f10
00007F04  eb4c          ldr r4,[0x000082b4]
00007F06  0621          movs r1,#0x6
00007F08  5943          muls r1,r3
00007F0A  e41f          subs r4,r4,#0x7
00007F0C  a142          cmp r1,r4
00007F0E  01d3          bcc 0x00007f14
00007F10  d18c          ldrh r1,[r2,#0x26]
00007F12  9183          strh r1,[r2,#0x1c]
00007F14  e649          ldr r1,[0x000082b0]
00007F16  0c8b          ldrh r4,[r1,#0x18]
00007F18  ca7a          ldrb r2,[r1,#0xb]
00007F1A  0092          str r2,[sp,#0x0]
00007F1C  8d7a          ldrb r5,[r1,#0xa]
00007F1E  8a8a          ldrh r2,[r1,#0x14]
00007F20  ac46          mov r12,r5
00007F22  4d7a          ldrb r5,[r1,#0x9]
00007F24  498a          ldrh r1,[r1,#0x12]
00007F26  e24f          ldr r7,[0x000082b0]
00007F28  002c          cmp r4,#0x0
00007F2A  39d0          beq 0x00007fa0
00007F2C  be8a          ldrh r6,[r7,#0x14]
00007F2E  e34c          ldr r4,[0x000082bc]
00007F30  7f8a          ldrh r7,[r7,#0x12]
00007F32  a41b          subs r4,r4,r6
00007F34  be19          adds r6,r7,r6
00007F36  b6b2          uxth r6,r6
00007F38  062d          cmp r5,#0x6
00007F3A  0ed0          beq 0x00007f5a
00007F3C  009f          ldr r7,[sp,#0x0]
00007F3E  002f          cmp r7,#0x0
00007F40  05d0          beq 0x00007f4e
00007F42  db4a          ldr r2,[0x000082b0]
00007F44  8c42          cmp r4,r1
00007F46  24d2          bcs 0x00007f92
00007F48  0021          movs r1,#0x0
00007F4A  d172          strb r1,[r2,#0xb]
00007F4C  21e0          b 0x00007f92
00007F4E  d84c          ldr r4,[0x000082b0]
00007F50  a78b          ldrh r7,[r4,#0x1c]
00007F52  ba1a          subs r2,r7,r2
00007F54  8a42          cmp r2,r1
00007F56  1edc          bgt 0x00007f96
00007F58  1fe0          b 0x00007f9a
00007F5A  6746          mov r7,r12
00007F5C  002f          cmp r7,#0x0
00007F5E  08d0          beq 0x00007f72
00007F60  d34c          ldr r4,[0x000082b0]
00007F62  a78b          ldrh r7,[r4,#0x1c]
00007F64  d54c          ldr r4,[0x000082bc]
00007F66  a742          cmp r7,r4
00007F68  f1d1          bne 0x00007f4e
00007F6A  d14a          ldr r2,[0x000082b0]
00007F6C  0021          movs r1,#0x0
00007F6E  5182          strh r1,[r2,#0x12]
00007F70  45e0          b 0x00007ffe
00007F72  cf4f          ldr r7,[0x000082b0]
00007F74  3f78          ldrb r7,[r7,#0x0]
00007F76  002f          cmp r7,#0x0
00007F78  06d0          beq 0x00007f88
00007F7A  d14f          ldr r7,[0x000082c0]
00007F7C  cc4c          ldr r4,[0x000082b0]
00007F7E  ba1a          subs r2,r7,r2
00007F80  8a42          cmp r2,r1
00007F82  08dc          bgt 0x00007f96
00007F84  6782          strh r7,[r4,#0x12]
00007F86  3ae0          b 0x00007ffe
00007F88  c94a          ldr r2,[0x000082b0]
00007F8A  8c42          cmp r4,r1
00007F8C  01d2          bcs 0x00007f92
00007F8E  0121          movs r1,#0x1
00007F90  9172          strb r1,[r2,#0xa]
00007F92  5682          strh r6,[r2,#0x12]
00007F94  33e0          b 0x00007ffe
00007F96  6682          strh r6,[r4,#0x12]
00007F98  31e0          b 0x00007ffe
00007F9A  a18b          ldrh r1,[r4,#0x1c]
00007F9C  6182          strh r1,[r4,#0x12]
00007F9E  2ee0          b 0x00007ffe
00007FA0  c34c          ldr r4,[0x000082b0]
00007FA2  a68a          ldrh r6,[r4,#0x14]
00007FA4  648a          ldrh r4,[r4,#0x12]
00007FA6  a41b          subs r4,r4,r6
00007FA8  a4b2          uxth r4,r4
00007FAA  012d          cmp r5,#0x1
00007FAC  0ad0          beq 0x00007fc4
00007FAE  3e46          mov r6,r7
00007FB0  009f          ldr r7,[sp,#0x0]
00007FB2  002f          cmp r7,#0x0
00007FB4  0dd0          beq 0x00007fd2
00007FB6  9142          cmp r1,r2
00007FB8  0fd2          bcs 0x00007fda
00007FBA  0021          movs r1,#0x0
00007FBC  f172          strb r1,[r6,#0xb]
00007FBE  0ce0          b 0x00007fda
00007FC0  b18b          ldrh r1,[r6,#0x1c]
00007FC2  1be0          b 0x00007ffc
00007FC4  6646          mov r6,r12
00007FC6  002e          cmp r6,#0x0
00007FC8  3e46          mov r6,r7
00007FCA  08d0          beq 0x00007fde
00007FCC  b78b          ldrh r7,[r6,#0x1c]
00007FCE  002f          cmp r7,#0x0
00007FD0  13d0          beq 0x00007ffa
00007FD2  b78b          ldrh r7,[r6,#0x1c]
00007FD4  ba18          adds r2,r7,r2
00007FD6  8a42          cmp r2,r1
00007FD8  f2d2          bcs 0x00007fc0
00007FDA  7482          strh r4,[r6,#0x12]
00007FDC  0fe0          b 0x00007ffe
00007FDE  3778          ldrb r7,[r6,#0x0]
00007FE0  002f          cmp r7,#0x0
00007FE2  05d0          beq 0x00007ff0
00007FE4  b74f          ldr r7,[0x000082c4]
00007FE6  d219          adds r2,r2,r7
00007FE8  9142          cmp r1,r2
00007FEA  f6d8          bhi 0x00007fda
00007FEC  7782          strh r7,[r6,#0x12]
00007FEE  06e0          b 0x00007ffe
00007FF0  9142          cmp r1,r2
00007FF2  f2d2          bcs 0x00007fda
00007FF4  0121          movs r1,#0x1
00007FF6  b172          strb r1,[r6,#0xa]
00007FF8  efe7          b 0x00007fda
00007FFA  b049          ldr r1,[0x000082bc]
00007FFC  7182          strh r1,[r6,#0x12]
00007FFE  ac4a          ldr r2,[0x000082b0]
00008000  0299          ldr r1,[sp,#0x8]
00008002  1171          strb r1,[r2,#0x4]
00008004  5173          strb r1,[r2,#0xd]
00008006  1446          mov r4,r2
00008008  6479          ldrb r4,[r4,#0x5]
0000800A  0029          cmp r1,#0x0
0000800C  1cd0          beq 0x00008048
0000800E  0729          cmp r1,#0x7
00008010  1ad0          beq 0x00008048
00008012  0021          movs r1,#0x0
00008014  9171          strb r1,[r2,#0x6]
00008016  a649          ldr r1,[0x000082b0]
00008018  0a79          ldrb r2,[r1,#0x4]
0000801A  a242          cmp r2,r4
0000801C  77d0          beq 0x0000810e
0000801E  0024          movs r4,#0x0
00008020  cc72          strb r4,[r1,#0xb]
00008022  0126          movs r6,#0x1
00008024  ce71          strb r6,[r1,#0x7]
00008026  0e46          mov r6,r1
00008028  2a36          adds r6,#0x2a
0000802A  b65c          ldrb r6,[r6,r2]
0000802C  a64f          ldr r7,[0x000082c8]
0000802E  751b          subs r5,r6,r5
00008030  6db2          sxtb r5,r5
00008032  cd70          strb r5,[r1,#0x3]
00008034  a549          ldr r1,[0x000082cc]
00008036  012d          cmp r5,#0x1
00008038  0dd0          beq 0x00008056
0000803A  6e1d          adds r6,r5,#0x5
0000803C  0bd0          beq 0x00008056
0000803E  6e1c          adds r6,r5,#0x1
00008040  24d0          beq 0x0000808c
00008042  052d          cmp r5,#0x5
00008044  22d0          beq 0x0000808c
00008046  3fe0          b 0x000080c8
00008048  9179          ldrb r1,[r2,#0x6]
0000804A  0a29          cmp r1,#0xa
0000804C  e3d2          bcs 0x00008016
0000804E  491c          adds r1,r1,#0x1
00008050  9171          strb r1,[r2,#0x6]
00008052  1471          strb r4,[r2,#0x4]
00008054  dfe7          b 0x00008016
00008056  964e          ldr r6,[0x000082b0]
00008058  0125          movs r5,#0x1
0000805A  3583          strh r5,[r6,#0x18]
0000805C  9c4d          ldr r5,[0x000082d0]
0000805E  2d78          ldrb r5,[r5,#0x0]
00008060  002d          cmp r5,#0x0
00008062  07d0          beq 0x00008074
00008064  0025          movs r5,#0x0
00008066  7d5f          ldrsh r5,[r7,r5]
00008068  c82d          cmp r5,#0xc8
0000806A  04da          bge 0x00008076
0000806C  3d88          ldrh r5,[r7,#0x0]
0000806E  6d1c          adds r5,r5,#0x1
00008070  3d80          strh r5,[r7,#0x0]
00008072  00e0          b 0x00008076
00008074  3c80          strh r4,[r7,#0x0]
00008076  974d          ldr r5,[0x000082d4]
00008078  2d78          ldrb r5,[r5,#0x0]
0000807A  002d          cmp r5,#0x0
0000807C  23d0          beq 0x000080c6
0000807E  0025          movs r5,#0x0
00008080  4d5f          ldrsh r5,[r1,r5]
00008082  c82d          cmp r5,#0xc8
00008084  20da          bge 0x000080c8
00008086  0d88          ldrh r5,[r1,#0x0]
00008088  6d1c          adds r5,r5,#0x1
0000808A  1ae0          b 0x000080c2
0000808C  884d          ldr r5,[0x000082b0]
0000808E  2c83          strh r4,[r5,#0x18]
00008090  8f4d          ldr r5,[0x000082d0]
00008092  2e78          ldrb r6,[r5,#0x0]
00008094  c725          movs r5,#0xc7
00008096  ed43          mvns r5,r5
00008098  002e          cmp r6,#0x0
0000809A  07d0          beq 0x000080ac
0000809C  0026          movs r6,#0x0
0000809E  be5f          ldrsh r6,[r7,r6]
000080A0  ae42          cmp r6,r5
000080A2  04dd          ble 0x000080ae
000080A4  3e88          ldrh r6,[r7,#0x0]
000080A6  761e          subs r6,r6,#0x1
000080A8  3e80          strh r6,[r7,#0x0]
000080AA  00e0          b 0x000080ae
000080AC  3c80          strh r4,[r7,#0x0]
000080AE  894e          ldr r6,[0x000082d4]
000080B0  3678          ldrb r6,[r6,#0x0]
000080B2  002e          cmp r6,#0x0
000080B4  07d0          beq 0x000080c6
000080B6  0026          movs r6,#0x0
000080B8  8e5f          ldrsh r6,[r1,r6]
000080BA  ae42          cmp r6,r5
000080BC  04dd          ble 0x000080c8
000080BE  0d88          ldrh r5,[r1,#0x0]
000080C0  6d1e          subs r5,r5,#0x1
000080C2  0d80          strh r5,[r1,#0x0]
000080C4  00e0          b 0x000080c8
000080C6  0c80          strh r4,[r1,#0x0]
000080C8  794d          ldr r5,[0x000082b0]
000080CA  a978          ldrb r1,[r5,#0x2]
000080CC  2e8b          ldrh r6,[r5,#0x18]
000080CE  b142          cmp r1,r6
000080D0  05d0          beq 0x000080de
000080D2  7949          ldr r1,[0x000082b8]
000080D4  491e          subs r1,r1,#0x1
000080D6  e981          strh r1,[r5,#0xe]
000080D8  ec71          strb r4,[r5,#0x7]
000080DA  2c72          strb r4,[r5,#0x8]
000080DC  2c73          strb r4,[r5,#0xc]
000080DE  298b          ldrh r1,[r5,#0x18]
000080E0  a970          strb r1,[r5,#0x2]
000080E2  297b          ldrb r1,[r5,#0xc]
000080E4  7c4e          ldr r6,[0x000082d8]
000080E6  4f00          lsls r7,r1,#0x1
000080E8  f353          strh r3,[r6,r7]
000080EA  2c82          strh r4,[r5,#0x10]
000080EC  2b7a          ldrb r3,[r5,#0x8]
000080EE  002b          cmp r3,#0x0
000080F0  0ed0          beq 0x00008110
000080F2  0023          movs r3,#0x0
000080F4  5f00          lsls r7,r3,#0x1
000080F6  f75b          ldrh r7,[r6,r7]
000080F8  5b1c          adds r3,r3,#0x1
000080FA  3818          adds r0,r7,r0
000080FC  dbb2          uxtb r3,r3
000080FE  062b          cmp r3,#0x6
00008100  f8d3          bcc 0x000080f4
00008102  e881          strh r0,[r5,#0xe]
00008104  0529          cmp r1,#0x5
00008106  07d2          bcs 0x00008118
00008108  491c          adds r1,r1,#0x1
0000810A  2973          strb r1,[r5,#0xc]
0000810C  05e0          b 0x0000811a
0000810E  56e1          b 0x000083be
00008110  0529          cmp r1,#0x5
00008112  f7d1          bne 0x00008104
00008114  0120          movs r0,#0x1
00008116  2872          strb r0,[r5,#0x8]
00008118  2c73          strb r4,[r5,#0xc]
0000811A  e889          ldrh r0,[r5,#0xe]
0000811C  2e28          cmp r0,#0x2e
0000811E  01d2          bcs 0x00008124
00008120  2e20          movs r0,#0x2e
00008122  e881          strh r0,[r5,#0xe]
00008124  6248          ldr r0,[0x000082b0]
00008126  2a30          adds r0,#0x2a
00008128  805c          ldrb r0,[r0,r2]
0000812A  6872          strb r0,[r5,#0x9]
0000812C  0006          lsls r0,r0,#0x18
0000812E  6a71          strb r2,[r5,#0x5]
00008130  000e          lsrs r0,r0,#0x18
00008132  0fd0          beq 0x00008154
00008134  2b8b          ldrh r3,[r5,#0x18]
00008136  6949          ldr r1,[0x000082dc]
00008138  0122          movs r2,#0x1
0000813A  d203          lsls r2,r2,#0xf
0000813C  684f          ldr r7,[0x000082e0]
0000813E  4e00          lsls r6,r1,#0x1
00008140  002b          cmp r3,#0x0
00008142  63d0          beq 0x0000820c
00008144  0300          movs r3,r0
00008146  01f099fe      bl 0x00009e7c
00008154  0120          movs r0,#0x1
00008156  6870          strb r0,[r5,#0x1]
00008158  fcf79efc      bl 0x00004a98
0000815C  1ee1          b 0x0000839c
0000820C  0300          movs r3,r0
0000820E  01f035fe      bl 0x00009e7c
0000839C  1621          movs r1,#0x16
0000839E  2e48          ldr r0,[0x00008458]
000083A0  695e          ldrsh r1,[r5,r1]
000083A2  4042          rsbs r0,r0
000083A4  0818          adds r0,r1,r0
000083A6  e989          ldrh r1,[r5,#0xe]
000083A8  4908          lsrs r1,r1,#0x1
000083AA  0818          adds r0,r1,r0
000083AC  e989          ldrh r1,[r5,#0xe]
000083AE  0029          cmp r1,#0x0
000083B0  04d0          beq 0x000083bc
000083B2  e989          ldrh r1,[r5,#0xe]
000083B4  09b2          sxth r1,r1
000083B6  fcf723f8      bl 0x00004400
000083BA  a882          strh r0,[r5,#0x14]
000083BC  ac72          strb r4,[r5,#0xa]
000083BE  284a          ldr r2,[0x00008460]
000083C0  d079          ldrb r0,[r2,#0x7]
000083C2  0028          cmp r0,#0x0
000083C4  1fd0          beq 0x00008406
000083C6  0020          movs r0,#0x0
000083C8  1070          strb r0,[r2,#0x0]
000083CA  1078          ldrb r0,[r2,#0x0]
000083CC  0028          cmp r0,#0x0
000083CE  01d0          beq 0x000083d4
000083D0  d08b          ldrh r0,[r2,#0x1e]
000083D2  5082          strh r0,[r2,#0x12]
000083D4  508a          ldrh r0,[r2,#0x12]
000083D6  1085          strh r0,[r2,#0x28]
000083D8  1078          ldrb r0,[r2,#0x0]
000083DA  0028          cmp r0,#0x0
000083DC  15d0          beq 0x0000840a
000083DE  108d          ldrh r0,[r2,#0x28]
000083E0  2049          ldr r1,[0x00008464]
000083E2  1be0          b 0x0000841c
00008406  0120          movs r0,#0x1
00008408  dee7          b 0x000083c8
0000840A  108b          ldrh r0,[r2,#0x18]
0000840C  0028          cmp r0,#0x0
0000840E  03d0          beq 0x00008418
00008410  118d          ldrh r1,[r2,#0x28]
00008412  1548          ldr r0,[0x00008468]
00008414  0818          adds r0,r1,r0
00008416  02e0          b 0x0000841e
00008418  108d          ldrh r0,[r2,#0x28]
0000841A  1449          ldr r1,[0x0000846c]
0000841C  4018          adds r0,r0,r1
0000841E  1085          strh r0,[r2,#0x28]
00008420  d089          ldrh r0,[r2,#0xe]
00008422  134c          ldr r4,[0x00008470]
00008424  2188          ldrh r1,[r4,#0x0]
00008426  401a          subs r0,r0,r1
00008428  d089          ldrh r0,[r2,#0xe]
0000842A  2188          ldrh r1,[r4,#0x0]
0000842C  01d4          bmi 0x00008432
0000842E  401a          subs r0,r0,r1
00008430  01e0          b 0x00008436
00008432  4018          adds r0,r0,r1
00008434  4042          rsbs r0,r0
00008436  01b2          sxth r1,r0
00008438  2829          cmp r1,#0x28
0000843A  01dd          ble 0x00008440
0000843C  2821          movs r1,#0x28
0000843E  02e0          b 0x00008446
00008440  0229          cmp r1,#0x2
00008442  00da          bge 0x00008446
00008444  0221          movs r1,#0x2
00008446  d089          ldrh r0,[r2,#0xe]
00008448  2288          ldrh r2,[r4,#0x0]
0000844A  801a          subs r0,r0,r2
0000844C  faf708fb      bl 0x00002a60
00008450  2188          ldrh r1,[r4,#0x0]
00008452  4018          adds r0,r0,r1
00008454  2080          strh r0,[r4,#0x0]
00008456  febd          pop {r1,r2,r3,r4,r5,r6,r7,pc}
00008474  f0b5          push {r4,r5,r6,r7,lr}
00008476  7d49          ldr r1,[0x0000866c]
00008478  488a          ldrh r0,[r1,#0x12]
0000847A  ca88          ldrh r2,[r1,#0x6]
0000847C  9042          cmp r0,r2
0000847E  01d2          bcs 0x00008484
00008480  401c          adds r0,r0,#0x1
00008482  03e0          b 0x0000848c
00008484  ca88          ldrh r2,[r1,#0x6]
00008486  9042          cmp r0,r2
00008488  01d9          bls 0x0000848e
0000848A  401e          subs r0,r0,#0x1
0000848C  4882          strh r0,[r1,#0x12]
0000848E  7848          ldr r0,[0x00008670]
00008490  0078          ldrb r0,[r0,#0x0]
00008492  0122          movs r2,#0x1
00008494  0023          movs r3,#0x0
00008496  0228          cmp r0,#0x2
00008498  38d1          bne 0x0000850c
0000849A  7648          ldr r0,[0x00008674]
0000849C  0078          ldrb r0,[r0,#0x0]
0000849E  0028          cmp r0,#0x0
000084A0  34d1          bne 0x0000850c
000084A2  7548          ldr r0,[0x00008678]
000084A4  0078          ldrb r0,[r0,#0x0]
000084A6  0028          cmp r0,#0x0
000084A8  30d1          bne 0x0000850c
000084AA  744c          ldr r4,[0x0000867c]
000084AC  205e          ldrsh r0,[r4,r0]
000084AE  0428          cmp r0,#0x4
000084B0  2cda          bge 0x0000850c
000084B2  0889          ldrh r0,[r1,#0x8]
000084B4  b428          cmp r0,#0xb4
000084B6  02d2          bcs 0x000084be
000084B8  0889          ldrh r0,[r1,#0x8]
000084BA  401c          adds r0,r0,#0x1
000084BC  0881          strh r0,[r1,#0x8]
000084BE  0889          ldrh r0,[r1,#0x8]
000084C0  b428          cmp r0,#0xb4
000084C2  01d3          bcc 0x000084c8
000084C4  0a70          strb r2,[r1,#0x0]
000084C6  15e0          b 0x000084f4
000084C8  0889          ldrh r0,[r1,#0x8]
000084CA  9628          cmp r0,#0x96
000084CC  02d9          bls 0x000084d4
000084CE  488a          ldrh r0,[r1,#0x12]
000084D0  1424          movs r4,#0x14
000084D2  04e0          b 0x000084de
000084D4  0889          ldrh r0,[r1,#0x8]
000084D6  8228          cmp r0,#0x82
000084D8  04d9          bls 0x000084e4
000084DA  488a          ldrh r0,[r1,#0x12]
000084DC  3224          movs r4,#0x32
000084DE  6043          muls r0,r4
000084E0  c009          lsrs r0,r0,#0x7
000084E2  06e0          b 0x000084f2
000084E4  0889          ldrh r0,[r1,#0x8]
000084E6  6e28          cmp r0,#0x6e
000084E8  02d9          bls 0x000084f0
000084EA  488a          ldrh r0,[r1,#0x12]
000084EC  5024          movs r4,#0x50
000084EE  f6e7          b 0x000084de
000084F0  488a          ldrh r0,[r1,#0x12]
000084F2  0882          strh r0,[r1,#0x10]
000084F4  0a20          movs r0,#0xa
000084F6  085e          ldrsh r0,[r1,r0]
000084F8  e124          movs r4,#0xe1
000084FA  a400          lsls r4,r4,#0x2
000084FC  a042          cmp r0,r4
000084FE  14dd          ble 0x0000852a
00008500  ca70          strb r2,[r1,#0x3]
00008502  5f4c          ldr r4,[0x00008680]
00008504  a042          cmp r0,r4
00008506  03db          blt 0x00008510
00008508  0320          movs r0,#0x3
0000850A  09e0          b 0x00008520
0000850C  0b81          strh r3,[r1,#0x8]
0000850E  efe7          b 0x000084f0
00008510  4400          lsls r4,r0,#0x1
00008512  0019          adds r0,r0,r4
00008514  5b4c          ldr r4,[0x00008684]
00008516  201a          subs r0,r4,r0
00008518  00b2          sxth r0,r0
0000851A  0028          cmp r0,#0x0
0000851C  00da          bge 0x00008520
0000851E  0020          movs r0,#0x0
00008520  0c8a          ldrh r4,[r1,#0x10]
00008522  8442          cmp r4,r0
00008524  02dd          ble 0x0000852c
00008526  0882          strh r0,[r1,#0x10]
00008528  00e0          b 0x0000852c
0000852A  cb70          strb r3,[r1,#0x3]
0000852C  564c          ldr r4,[0x00008688]
0000852E  0025          movs r5,#0x0
00008530  6557          ldrsb r5,[r4,r5]
00008532  4e48          ldr r0,[0x0000866c]
00008534  442d          cmp r5,#0x44
00008536  0079          ldrb r0,[r0,#0x4]
00008538  05dd          ble 0x00008546
0000853A  0428          cmp r0,#0x4
0000853C  01d2          bcs 0x00008542
0000853E  401c          adds r0,r0,#0x1
00008540  04e0          b 0x0000854c
00008542  4a70          strb r2,[r1,#0x1]
00008544  05e0          b 0x00008552
00008546  0028          cmp r0,#0x0
00008548  02d0          beq 0x00008550
0000854A  401e          subs r0,r0,#0x1
0000854C  0871          strb r0,[r1,#0x4]
0000854E  00e0          b 0x00008552
00008550  4b70          strb r3,[r1,#0x1]
00008552  0a8a          ldrh r2,[r1,#0x10]
00008554  ff23          movs r3,#0xff
00008556  1333          adds r3,#0x13
00008558  9a42          cmp r2,r3
0000855A  55d9          bls 0x00008608
0000855C  4b4f          ldr r7,[0x0000868c]
0000855E  3878          ldrb r0,[r7,#0x0]
00008560  0028          cmp r0,#0x0
00008562  02d0          beq 0x0000856a
00008564  4878          ldrb r0,[r1,#0x1]
00008566  0028          cmp r0,#0x0
00008568  30d1          bne 0x000085cc
0000856A  0025          movs r5,#0x0
0000856C  6557          ldrsb r5,[r4,r5]
0000856E  1046          mov r0,r2
00008570  372d          cmp r5,#0x37
00008572  05da          bge 0x00008580
00008574  0026          movs r6,#0x0
00008576  a657          ldrsb r6,[r4,r6]
00008578  0425          movs r5,#0x4
0000857A  ed43          mvns r5,r5
0000857C  ae42          cmp r6,r5
0000857E  01dc          bgt 0x00008584
00008580  1846          mov r0,r3
00008582  20e0          b 0x000085c6
00008584  0026          movs r6,#0x0
00008586  a657          ldrsb r6,[r4,r6]
00008588  022e          cmp r6,#0x2
0000858A  0dda          bge 0x000085a8
0000858C  0026          movs r6,#0x0
0000858E  a657          ldrsb r6,[r4,r6]
00008590  ae42          cmp r6,r5
00008592  09dd          ble 0x000085a8
00008594  0020          movs r0,#0x0
00008596  2056          ldrsb r0,[r4,r0]
00008598  0224          movs r4,#0x2
0000859A  201a          subs r0,r4,r0
0000859C  4401          lsls r4,r0,#0x5
0000859E  241a          subs r4,r4,r0
000085A0  ff20          movs r0,#0xff
000085A2  ee30          adds r0,#0xee
000085A4  001b          subs r0,r0,r4
000085A6  0de0          b 0x000085c4
000085A8  0025          movs r5,#0x0
000085AA  6557          ldrsb r5,[r4,r5]
000085AC  322d          cmp r5,#0x32
000085AE  0add          ble 0x000085c6
000085B0  0025          movs r5,#0x0
000085B2  6557          ldrsb r5,[r4,r5]
000085B4  372d          cmp r5,#0x37
000085B6  06da          bge 0x000085c6
000085B8  0020          movs r0,#0x0
000085BA  2056          ldrsb r0,[r4,r0]
000085BC  2c24          movs r4,#0x2c
000085BE  6043          muls r0,r4
000085C0  334c          ldr r4,[0x00008690]
000085C2  201a          subs r0,r4,r0
000085C4  80b2          uxth r0,r0
000085C6  8242          cmp r2,r0
000085C8  00d9          bls 0x000085cc
000085CA  0882          strh r0,[r1,#0x10]
000085CC  3148          ldr r0,[0x00008694]
000085CE  2c22          movs r2,#0x2c
000085D0  007a          ldrb r0,[r0,#0x8]
000085D2  1042          tst r0,r2
000085D4  02d1          bne 0x000085dc
000085D6  3878          ldrb r0,[r7,#0x0]
000085D8  0028          cmp r0,#0x0
000085DA  03d0          beq 0x000085e4
000085DC  088a          ldrh r0,[r1,#0x10]
000085DE  9842          cmp r0,r3
000085E0  00d9          bls 0x000085e4
000085E2  0b82          strh r3,[r1,#0x10]
000085E4  2c48          ldr r0,[0x00008698]
000085E6  0078          ldrb r0,[r0,#0x0]
000085E8  1428          cmp r0,#0x14
000085EA  0dd2          bcs 0x00008608
000085EC  0a28          cmp r0,#0xa
000085EE  07d9          bls 0x00008600
000085F0  1422          movs r2,#0x14
000085F2  101a          subs r0,r2,r0
000085F4  1622          movs r2,#0x16
000085F6  5043          muls r0,r2
000085F8  ff22          movs r2,#0xff
000085FA  ee32          adds r2,#0xee
000085FC  101a          subs r0,r2,r0
000085FE  83b2          uxth r3,r0
00008600  088a          ldrh r0,[r1,#0x10]
00008602  9842          cmp r0,r3
00008604  00d9          bls 0x00008608
00008606  0b82          strh r3,[r1,#0x10]
00008608  244a          ldr r2,[0x0000869c]
0000860A  1388          ldrh r3,[r2,#0x0]
0000860C  088a          ldrh r0,[r1,#0x10]
0000860E  8342          cmp r3,r0
00008610  02d2          bcs 0x00008618
00008612  1088          ldrh r0,[r2,#0x0]
00008614  401c          adds r0,r0,#0x1
00008616  04e0          b 0x00008622
00008618  1388          ldrh r3,[r2,#0x0]
0000861A  8342          cmp r3,r0
0000861C  02d9          bls 0x00008624
0000861E  1088          ldrh r0,[r2,#0x0]
00008620  401e          subs r0,r0,#0x1
00008622  1080          strh r0,[r2,#0x0]
00008624  1e48          ldr r0,[0x000086a0]
00008626  0023          movs r3,#0x0
00008628  c35e          ldrsh r3,[r0,r3]
0000862A  1048          ldr r0,[0x0000866c]
0000862C  ff24          movs r4,#0xff
0000862E  1334          adds r4,#0x13
00008630  1c4a          ldr r2,[0x000086a4]
00008632  808a          ldrh r0,[r0,#0x14]
00008634  e342          cmn r3,r4
00008636  08dc          bgt 0x0000864a
00008638  7d23          movs r3,#0x7d
0000863A  9b01          lsls r3,r3,#0x6
0000863C  9842          cmp r0,r3
0000863E  01d2          bcs 0x00008644
00008640  401c          adds r0,r0,#0x1
00008642  05e0          b 0x00008650
00008644  bf20          movs r0,#0xbf
00008646  c043          mvns r0,r0
00008648  05e0          b 0x00008656
0000864A  0028          cmp r0,#0x0
0000864C  02d0          beq 0x00008654
0000864E  401e          subs r0,r0,#0x1
00008650  8882          strh r0,[r1,#0x14]
00008652  01e0          b 0x00008658
00008654  1448          ldr r0,[0x000086a8]
00008656  1080          strh r0,[r2,#0x0]
00008658  1448          ldr r0,[0x000086ac]
0000865A  0178          ldrb r1,[r0,#0x0]
0000865C  1448          ldr r0,[0x000086b0]
0000865E  0029          cmp r1,#0x0
00008660  01d0          beq 0x00008666
00008662  1449          ldr r1,[0x000086b4]
00008664  00e0          b 0x00008668
00008666  1449          ldr r1,[0x000086b8]
00008668  0180          strh r1,[r0,#0x0]
0000866A  f0bd          pop {r4,r5,r6,r7,pc}
000086BC  08b5          push {r3,lr}
000086BE  0021          movs r1,#0x0
000086C0  0091          str r1,[sp,#0x0]
000086C2  8142          cmp r1,r0
000086C4  02d2          bcs 0x000086cc
000086C6  00bf          nop
000086C8  491c          adds r1,r1,#0x1
000086CA  f9e7          b 0x000086c0
000086CC  08bd          pop {r3,pc}
000086CE  08b5          push {r3,lr}
000086D0  0021          movs r1,#0x0
000086D2  0091          str r1,[sp,#0x0]
000086D4  8142          cmp r1,r0
000086D6  02d2          bcs 0x000086de
000086D8  00bf          nop
000086DA  491c          adds r1,r1,#0x1
000086DC  f9e7          b 0x000086d2
000086DE  08bd          pop {r3,pc}
000086E0  0249          ldr r1,[0x000086ec]
000086E2  0863          str r0,[r1,#0x30]
000086E4  486b          ldr r0,[r1,#0x34]
000086E6  80b2          uxth r0,r0
000086E8  7047          bx lr
000086F0  f0b5          push {r4,r5,r6,r7,lr}
000086F2  0546          mov r5,r0
000086F4  0020          movs r0,#0x0
000086F6  0300          movs r3,r0
000086F8  01f0c0fb      bl 0x00009e7c
00008780  10b5          push {r4,lr}
00008782  0520          movs r0,#0x5
00008784  0249          ldr r1,[0x00008790]
00008786  c002          lsls r0,r0,#0xb
00008788  8860          str r0,[r1,#0x8]
0000878A  fcf773f8      bl 0x00004874
0000878E  10bd          pop {r4,pc}
00008794  70b5          push {r4,r5,r6,lr}
00008796  2a4a          ldr r2,[0x00008840]
00008798  2848          ldr r0,[0x0000883c]
0000879A  1178          ldrb r1,[r2,#0x0]
0000879C  3029          cmp r1,#0x30
0000879E  0fd0          beq 0x000087c0
000087A0  1178          ldrb r1,[r2,#0x0]
000087A2  ff29          cmp r1,#0xff
000087A4  0cd0          beq 0x000087c0
000087A6  0020          movs r0,#0x0
000087A8  0146          mov r1,r0
000087AA  535c          ldrb r3,[r2,r1]
000087AC  3038          subs r0,#0x30
000087AE  1818          adds r0,r3,r0
000087B0  0429          cmp r1,#0x4
000087B2  01d2          bcs 0x000087b8
000087B4  0a23          movs r3,#0xa
000087B6  5843          muls r0,r3
000087B8  491c          adds r1,r1,#0x1
000087BA  c9b2          uxtb r1,r1
000087BC  0529          cmp r1,#0x5
000087BE  f4d3          bcc 0x000087aa
000087C0  204b          ldr r3,[0x00008844]
000087C2  5860          str r0,[r3,#0x4]
000087C4  2148          ldr r0,[0x0000884c]
000087C6  2049          ldr r1,[0x00008848]
000087C8  8183          strh r1,[r0,#0x1c]
000087CA  ff21          movs r1,#0xff
000087CC  7d31          adds r1,#0x7d
000087CE  4181          strh r1,[r0,#0xa]
000087D0  0024          movs r4,#0x0
000087D2  0473          strb r4,[r0,#0xc]
000087D4  6421          movs r1,#0x64
000087D6  8180          strh r1,[r0,#0x4]
000087D8  9221          movs r1,#0x92
000087DA  c180          strh r1,[r0,#0x6]
000087DC  ff21          movs r1,#0xff
000087DE  1331          adds r1,#0x13
000087E0  0181          strh r1,[r0,#0x8]
000087E2  0121          movs r1,#0x1
000087E4  4173          strb r1,[r0,#0xd]
000087E6  1a49          ldr r1,[0x00008850]
000087E8  8182          strh r1,[r0,#0x14]
000087EA  1a49          ldr r1,[0x00008854]
000087EC  4182          strh r1,[r0,#0x12]
000087EE  cb25          movs r5,#0xcb
000087F0  0580          strh r5,[r0,#0x0]
000087F2  fd21          movs r1,#0xfd
000087F4  4180          strh r1,[r0,#0x2]
000087F6  1849          ldr r1,[0x00008858]
000087F8  8161          str r1,[r0,#0x18]
000087FA  0321          movs r1,#0x3
000087FC  8173          strb r1,[r0,#0xe]
000087FE  1421          movs r1,#0x14
00008800  8177          strb r1,[r0,#0x1e]
00008802  0f26          movs r6,#0xf
00008804  c677          strb r6,[r0,#0x1f]
00008806  5968          ldr r1,[r3,#0x4]
00008808  0c4a          ldr r2,[0x0000883c]
0000880A  0e3a          subs r2,#0xe
0000880C  9142          cmp r1,r2
0000880E  07d0          beq 0x00008820
00008810  5968          ldr r1,[r3,#0x4]
00008812  121d          adds r2,r2,#0x4
00008814  9142          cmp r1,r2
00008816  03d0          beq 0x00008820
00008818  5968          ldr r1,[r3,#0x4]
0000881A  104a          ldr r2,[0x0000885c]
0000881C  9142          cmp r1,r2
0000881E  0cd1          bne 0x0000883a
00008820  9921          movs r1,#0x99
00008822  0180          strh r1,[r0,#0x0]
00008824  4580          strh r5,[r0,#0x2]
00008826  8677          strb r6,[r0,#0x1e]
00008828  0a21          movs r1,#0xa
0000882A  c177          strb r1,[r0,#0x1f]
0000882C  0649          ldr r1,[0x00008848]
0000882E  0c31          adds r1,#0xc
00008830  8183          strh r1,[r0,#0x1c]
00008832  ff21          movs r1,#0xff
00008834  0473          strb r4,[r0,#0xc]
00008836  f531          adds r1,#0xf5
00008838  4181          strh r1,[r0,#0xa]
0000883A  70bd          pop {r4,r5,r6,pc}
00008860  f0b5          push {r4,r5,r6,r7,lr}
00008862  9e4d          ldr r5,[0x00008adc]
00008864  a7b0          sub sp,#0x9c
00008866  2879          ldrb r0,[r5,#0x4]
00008868  401d          adds r0,r0,#0x5
0000886A  c1b2          uxtb r1,r0
0000886C  8729          cmp r1,#0x87
0000886E  6cd8          bhi 0x0000894a
00008870  685c          ldrb r0,[r5,r1]
00008872  6a18          adds r2,r5,r1
00008874  5278          ldrb r2,[r2,#0x1]
00008876  0002          lsls r0,r0,#0x8
00008878  8018          adds r0,r0,r2
0000887A  84b2          uxth r4,r0
0000887C  2846          mov r0,r5
0000887E  fcf72bf8      bl 0x000048d8
00008882  8442          cmp r4,r0
00008884  61d1          bne 0x0000894a
00008886  a978          ldrb r1,[r5,#0x2]
00008888  5a20          movs r0,#0x5a
0000888A  6a46          mov r2,sp
0000888C  1070          strb r0,[r2,#0x0]
0000888E  944b          ldr r3,[0x00008ae0]
00008890  b120          movs r0,#0xb1
00008892  5070          strb r0,[r2,#0x1]
00008894  1f46          mov r7,r3
00008896  1c46          mov r4,r3
00008898  d170          strb r1,[r2,#0x3]
0000889A  0120          movs r0,#0x1
0000889C  4037          adds r7,#0x40
0000889E  2034          adds r4,#0x20
000088A0  9170          strb r1,[r2,#0x2]
000088A2  e029          cmp r1,#0xe0
000088A4  78d0          beq 0x00008998
000088A6  12dc          bgt 0x000088ce
000088A8  1129          cmp r1,#0x11
000088AA  50d0          beq 0x0000894e
000088AC  1d29          cmp r1,#0x1d
000088AE  4cd1          bne 0x0000894a
000088B0  1720          movs r0,#0x17
000088B2  1146          mov r1,r2
000088B4  1071          strb r0,[r2,#0x4]
000088B6  8a4a          ldr r2,[0x00008ae0]
000088B8  0020          movs r0,#0x0
000088BA  8932          adds r2,#0x89
000088BC  135c          ldrb r3,[r2,r0]
000088BE  0c18          adds r4,r1,r0
000088C0  6371          strb r3,[r4,#0x5]
000088C2  401c          adds r0,r0,#0x1
000088C4  0b79          ldrb r3,[r1,#0x4]
000088C6  c0b2          uxtb r0,r0
000088C8  8342          cmp r3,r0
000088CA  f7d8          bhi 0x000088bc
000088CC  2ae0          b 0x00008924
000088CE  e129          cmp r1,#0xe1
000088D0  7ed0          beq 0x000089d0
000088D2  e229          cmp r1,#0xe2
000088D4  39d1          bne 0x0000894a
000088D6  0546          mov r5,r0
000088D8  1071          strb r0,[r2,#0x4]
000088DA  8148          ldr r0,[0x00008ae0]
000088DC  826f          ldr r2,[r0,#0x78]
000088DE  8148          ldr r0,[0x00008ae4]
000088E0  8242          cmp r2,r0
000088E2  11d9          bls 0x00008908
000088E4  1046          mov r0,r2
000088E6  0c38          subs r0,#0xc
000088E8  0178          ldrb r1,[r0,#0x0]
000088EA  4629          cmp r1,#0x46
000088EC  71d0          beq 0x000089d2
000088EE  7e4e          ldr r6,[0x00008ae8]
000088F0  0021          movs r1,#0x0
000088F2  0378          ldrb r3,[r0,#0x0]
000088F4  775c          ldrb r7,[r6,r1]
000088F6  401c          adds r0,r0,#0x1
000088F8  bb42          cmp r3,r7
000088FA  03d1          bne 0x00008904
000088FC  491c          adds r1,r1,#0x1
000088FE  c9b2          uxtb r1,r1
00008900  0729          cmp r1,#0x7
00008902  f6d3          bcc 0x000088f2
00008904  0729          cmp r1,#0x7
00008906  f1d0          beq 0x000088ec
00008908  6846          mov r0,sp
0000890A  4571          strb r5,[r0,#0x5]
0000890C  0621          movs r1,#0x6
0000890E  6846          mov r0,sp
00008910  fbf7e2ff      bl 0x000048d8
00008914  010a          lsrs r1,r0,#0x8
00008916  6a46          mov r2,sp
00008918  9171          strb r1,[r2,#0x6]
0000891A  d071          strb r0,[r2,#0x7]
0000891C  7048          ldr r0,[0x00008ae0]
0000891E  4570          strb r5,[r0,#0x1]
00008920  0020          movs r0,#0x0
00008922  2074          strb r0,[r4,#0x10]
00008924  6846          mov r0,sp
00008926  0079          ldrb r0,[r0,#0x4]
00008928  401d          adds r0,r0,#0x5
0000892A  c4b2          uxtb r4,r0
0000892C  2146          mov r1,r4
0000892E  6846          mov r0,sp
00008930  fbf7d2ff      bl 0x000048d8
00008934  010a          lsrs r1,r0,#0x8
00008936  6a46          mov r2,sp
00008938  1155          strb r1,[r2,r4]
0000893A  641c          adds r4,r4,#0x1
0000893C  e1b2          uxtb r1,r4
0000893E  5054          strb r0,[r2,r1]
00008940  491c          adds r1,r1,#0x1
00008942  c9b2          uxtb r1,r1
00008944  6846          mov r0,sp
00008946  00f0a7fb      bl 0x00009098
0000894A  27b0          add sp,#0x9c
0000894C  f0bd          pop {r4,r5,r6,r7,pc}
0000894E  0c21          movs r1,#0xc
00008950  1171          strb r1,[r2,#0x4]
00008952  a27c          ldrb r2,[r4,#0x12]
00008954  002a          cmp r2,#0x0
00008956  05d1          bne 0x00008964
00008958  1326          movs r6,#0x13
0000895A  7602          lsls r6,r6,#0x9
0000895C  3278          ldrb r2,[r6,#0x0]
0000895E  ff2a          cmp r2,#0xff
00008960  00d1          bne 0x00008964
00008962  a074          strb r0,[r4,#0x12]
00008964  6a46          mov r2,sp
00008966  1171          strb r1,[r2,#0x4]
00008968  a27c          ldrb r2,[r4,#0x12]
0000896A  0021          movs r1,#0x0
0000896C  6b46          mov r3,sp
0000896E  002a          cmp r2,#0x0
00008970  05d0          beq 0x0000897e
00008972  5d4d          ldr r5,[0x00008ae8]
00008974  1e35          adds r5,#0x1e
00008976  6d5c          ldrb r5,[r5,r1]
00008978  5f18          adds r7,r3,r1
0000897A  7d71          strb r5,[r7,#0x5]
0000897C  03e0          b 0x00008986
0000897E  3578          ldrb r5,[r6,#0x0]
00008980  5f18          adds r7,r3,r1
00008982  7d71          strb r5,[r7,#0x5]
00008984  761c          adds r6,r6,#0x1
00008986  491c          adds r1,r1,#0x1
00008988  1d79          ldrb r5,[r3,#0x4]
0000898A  c9b2          uxtb r1,r1
0000898C  8d42          cmp r5,r1
0000898E  eed8          bhi 0x0000896e
00008990  4240          eors r2,r0
00008992  a274          strb r2,[r4,#0x12]
00008994  c6e7          b 0x00008924
00008998  0120          movs r0,#0x1
0000899A  1071          strb r0,[r2,#0x4]
0000899C  0025          movs r5,#0x0
0000899E  5571          strb r5,[r2,#0x5]
000089A0  1e46          mov r6,r3
000089A2  9870          strb r0,[r3,#0x2]
000089A4  207c          ldrb r0,[r4,#0x10]
000089A6  0028          cmp r0,#0x0
000089A8  09d1          bne 0x000089be
000089AA  5149          ldr r1,[0x00008af0]
000089AC  4f48          ldr r0,[0x00008aec]
000089AE  0860          str r0,[r1,#0x0]
000089B0  0f20          movs r0,#0xf
000089B2  0021          movs r1,#0x0
000089B4  0003          lsls r0,r0,#0xc
000089B6  fcf729f9      bl 0x00004c0c
000089BA  0120          movs r0,#0x1
000089BC  2074          strb r0,[r4,#0x10]
000089BE  6574          strb r5,[r4,#0x11]
000089C0  7d80          strh r5,[r7,#0x2]
000089C2  0f20          movs r0,#0xf
000089C4  0003          lsls r0,r0,#0xc
000089C6  f567          str r5,[r6,#0x7c]
000089C8  b067          str r0,[r6,#0x78]
000089CA  fbf739fe      bl 0x00004640
000089CE  01e0          b 0x000089d4
000089D0  09e0          b 0x000089e6
000089D2  4ae0          b 0x00008a6a
000089D4  0621          movs r1,#0x6
000089D6  6846          mov r0,sp
000089D8  fbf77eff      bl 0x000048d8
000089DC  010a          lsrs r1,r0,#0x8
000089DE  6a46          mov r2,sp
000089E0  9171          strb r1,[r2,#0x6]
000089E2  d071          strb r0,[r2,#0x7]
000089E4  9ee7          b 0x00008924
000089E6  0321          movs r1,#0x3
000089E8  1171          strb r1,[r2,#0x4]
000089EA  6a79          ldrb r2,[r5,#0x5]
000089EC  ae79          ldrb r6,[r5,#0x6]
000089EE  3c4b          ldr r3,[0x00008ae0]
000089F0  1202          lsls r2,r2,#0x8
000089F2  9219          adds r2,r2,r6
000089F4  9b6f          ldr r3,[r3,#0x78]
000089F6  2979          ldrb r1,[r5,#0x4]
000089F8  9c46          mov r12,r3
000089FA  3726          movs r6,#0x37
000089FC  5b18          adds r3,r3,r1
000089FE  f602          lsls r6,r6,#0xb
00008A00  92b2          uxth r2,r2
00008A02  b342          cmp r3,r6
00008A04  21d2          bcs 0x00008a4a
00008A06  0f23          movs r3,#0xf
00008A08  1b03          lsls r3,r3,#0xc
00008A0A  9c45          cmp r12,r3
00008A0C  1dd3          bcc 0x00008a4a
00008A0E  344b          ldr r3,[0x00008ae0]
00008A10  9b78          ldrb r3,[r3,#0x2]
00008A12  002b          cmp r3,#0x0
00008A14  19d0          beq 0x00008a4a
00008A16  7b88          ldrh r3,[r7,#0x2]
00008A18  1e46          mov r6,r3
00008A1A  5b1c          adds r3,r3,#0x1
00008A1C  9342          cmp r3,r2
00008A1E  12d1          bne 0x00008a46
00008A20  7a80          strh r2,[r7,#0x2]
00008A22  0229          cmp r1,#0x2
00008A24  0dd9          bls 0x00008a42
00008A26  891e          subs r1,r1,#0x2
00008A28  8eb2          uxth r6,r1
00008A2A  e91d          adds r1,r5,#0x7
00008A2C  3246          mov r2,r6
00008A2E  2c4d          ldr r5,[0x00008ae0]
00008A30  6046          mov r0,r12
00008A32  fcf755f9      bl 0x00004ce0
00008A36  e86f          ldr r0,[r5,#0x7c]
00008A38  8019          adds r0,r0,r6
00008A3A  e867          str r0,[r5,#0x7c]
00008A3C  a86f          ldr r0,[r5,#0x78]
00008A3E  8019          adds r0,r0,r6
00008A40  a867          str r0,[r5,#0x78]
00008A42  0020          movs r0,#0x0
00008A44  01e0          b 0x00008a4a
00008A46  9642          cmp r6,r2
00008A48  fbd0          beq 0x00008a42
00008A4A  6946          mov r1,sp
00008A4C  4871          strb r0,[r1,#0x5]
00008A4E  7888          ldrh r0,[r7,#0x2]
00008A50  6a46          mov r2,sp
00008A52  010a          lsrs r1,r0,#0x8
00008A54  9171          strb r1,[r2,#0x6]
00008A56  d071          strb r0,[r2,#0x7]
00008A58  0821          movs r1,#0x8
00008A5A  6846          mov r0,sp
00008A5C  fbf73cff      bl 0x000048d8
00008A60  010a          lsrs r1,r0,#0x8
00008A62  6a46          mov r2,sp
00008A64  1172          strb r1,[r2,#0x8]
00008A66  5072          strb r0,[r2,#0x9]
00008A68  5ae7          b 0x00008920
00008A6A  0026          movs r6,#0x0
00008A6C  1c4f          ldr r7,[0x00008ae0]
00008A6E  3046          mov r0,r6
00008A70  121f          subs r2,r2,#0x4
00008A72  1378          ldrb r3,[r2,#0x0]
00008A74  3102          lsls r1,r6,#0x8
00008A76  401c          adds r0,r0,#0x1
00008A78  5e18          adds r6,r3,r1
00008A7A  c0b2          uxtb r0,r0
00008A7C  521c          adds r2,r2,#0x1
00008A7E  0428          cmp r0,#0x4
00008A80  f7d3          bcc 0x00008a72
00008A82  f96f          ldr r1,[r7,#0x7c]
00008A84  0429          cmp r1,#0x4
00008A86  08d9          bls 0x00008a9a
00008A88  0f20          movs r0,#0xf
00008A8A  3246          mov r2,r6
00008A8C  0003          lsls r0,r0,#0xc
00008A8E  091f          subs r1,r1,#0x4
00008A90  fbf7b8fd      bl 0x00004604
00008A94  6946          mov r1,sp
00008A96  4871          strb r0,[r1,#0x5]
00008A98  01e0          b 0x00008a9e
00008A9A  6846          mov r0,sp
00008A9C  4571          strb r5,[r0,#0x5]
00008A9E  6846          mov r0,sp
00008AA0  4079          ldrb r0,[r0,#0x5]
00008AA2  617c          ldrb r1,[r4,#0x11]
00008AA4  0843          orrs r0,r1
00008AA6  00d0          beq 0x00008aaa
00008AA8  30e7          b 0x0000890c
00008AAA  1149          ldr r1,[0x00008af0]
00008AAC  0f48          ldr r0,[0x00008aec]
00008AAE  0860          str r0,[r1,#0x0]
00008AB0  7f20          movs r0,#0x7f
00008AB2  0021          movs r1,#0x0
00008AB4  8002          lsls r0,r0,#0xa
00008AB6  fcf7a9f8      bl 0x00004c0c
00008ABA  7f20          movs r0,#0x7f
00008ABC  0d49          ldr r1,[0x00008af4]
00008ABE  8002          lsls r0,r0,#0xa
00008AC0  fdf71cfa      bl 0x00005efc
00008AC4  f96f          ldr r1,[r7,#0x7c]
00008AC6  0c48          ldr r0,[0x00008af8]
00008AC8  091f          subs r1,r1,#0x4
00008ACA  fdf717fa      bl 0x00005efc
00008ACE  0a48          ldr r0,[0x00008af8]
00008AD0  3146          mov r1,r6
00008AD2  001d          adds r0,r0,#0x4
00008AD4  fdf712fa      bl 0x00005efc
00008AD8  6574          strb r5,[r4,#0x11]
00008ADA  17e7          b 0x0000890c
00008AFC  10b5          push {r4,lr}
00008AFE  0121          movs r1,#0x1
00008B00  4803          lsls r0,r1,#0xd
00008B02  fef797ff      bl 0x00007a34
00008B06  0548          ldr r0,[0x00008b1c]
00008B08  fbf772f8      bl 0x00003bf0
00008B0C  044c          ldr r4,[0x00008b20]
00008B0E  2080          strh r0,[r4,#0x0]
00008B10  0248          ldr r0,[0x00008b1c]
00008B12  001d          adds r0,r0,#0x4
00008B14  fbf76cf8      bl 0x00003bf0
00008B18  6080          strh r0,[r4,#0x2]
00008B1A  10bd          pop {r4,pc}
00008C40  f0b5          push {r4,r5,r6,r7,lr}
00008C42  8d48          ldr r0,[0x00008e78]
00008C44  85b0          sub sp,#0x14
00008C46  006a          ldr r0,[r0,#0x20]
00008C48  0027          movs r7,#0x0
00008C4A  8007          lsls r0,r0,#0x1e
00008C4C  3d46          mov r5,r7
00008C4E  0028          cmp r0,#0x0
00008C50  30da          bge 0x00008cb4
00008C52  8948          ldr r0,[0x00008e78]
00008C54  0221          movs r1,#0x2
00008C56  0162          str r1,[r0,#0x20]
00008C58  c068          ldr r0,[r0,#0xc]
00008C5A  884a          ldr r2,[0x00008e7c]
00008C5C  c0b2          uxtb r0,r0
00008C5E  117b          ldrb r1,[r2,#0xc]
00008C60  1446          mov r4,r2
00008C62  2034          adds r4,#0x20
00008C64  0029          cmp r1,#0x0
00008C66  00d1          bne 0x00008c6a
00008C68  e570          strb r5,[r4,#0x3]
00008C6A  0823          movs r3,#0x8
00008C6C  1373          strb r3,[r2,#0xc]
00008C6E  e178          ldrb r1,[r4,#0x3]
00008C70  834e          ldr r6,[0x00008e80]
00008C72  0029          cmp r1,#0x0
00008C74  14d0          beq 0x00008ca0
00008C76  9629          cmp r1,#0x96
00008C78  7ad2          bcs 0x00008d70
00008C7A  804a          ldr r2,[0x00008e7c]
00008C7C  927b          ldrb r2,[r2,#0xe]
00008C7E  022a          cmp r2,#0x2
00008C80  46d0          beq 0x00008d10
00008C82  7e4a          ldr r2,[0x00008e7c]
00008C84  937b          ldrb r3,[r2,#0xe]
00008C86  2032          adds r2,#0x20
00008C88  1279          ldrb r2,[r2,#0x4]
00008C8A  032b          cmp r3,#0x3
00008C8C  7bd0          beq 0x00008d86
00008C8E  7b4b          ldr r3,[0x00008e7c]
00008C90  9b7b          ldrb r3,[r3,#0xe]
00008C92  012b          cmp r3,#0x1
00008C94  6ed0          beq 0x00008d74
00008C96  794b          ldr r3,[0x00008e7c]
00008C98  9b7b          ldrb r3,[r3,#0xe]
00008C9A  042b          cmp r3,#0x4
00008C9C  6bd0          beq 0x00008d76
00008C9E  a8e0          b 0x00008df2
00008CA0  0721          movs r1,#0x7
00008CA2  2171          strb r1,[r4,#0x4]
00008CA4  0146          mov r1,r0
00008CA6  5139          subs r1,#0x51
00008CA8  0329          cmp r1,#0x3
00008CAA  04d8          bhi 0x00008cb6
00008CAC  3070          strb r0,[r6,#0x0]
00008CAE  0120          movs r0,#0x1
00008CB0  e070          strb r0,[r4,#0x3]
00008CB2  9073          strb r0,[r2,#0xe]
00008CB4  c6e0          b 0x00008e44
00008CB6  6428          cmp r0,#0x64
00008CB8  09d0          beq 0x00008cce
00008CBA  5a28          cmp r0,#0x5a
00008CBC  21d0          beq 0x00008d02
00008CBE  9178          ldrb r1,[r2,#0x2]
00008CC0  0029          cmp r1,#0x0
00008CC2  f7d0          beq 0x00008cb4
00008CC4  0128          cmp r0,#0x1
00008CC6  0bd0          beq 0x00008ce0
00008CC8  0428          cmp r0,#0x4
00008CCA  09d0          beq 0x00008ce0
00008CCC  bae0          b 0x00008e44
00008CCE  3070          strb r0,[r6,#0x0]
00008CD0  0120          movs r0,#0x1
00008CD2  e070          strb r0,[r4,#0x3]
00008CD4  0220          movs r0,#0x2
00008CD6  9073          strb r0,[r2,#0xe]
00008CD8  1f20          movs r0,#0x1f
00008CDA  2071          strb r0,[r4,#0x4]
00008CDC  6571          strb r5,[r4,#0x5]
00008CDE  b1e0          b 0x00008e44
00008CE0  0321          movs r1,#0x3
00008CE2  9173          strb r1,[r2,#0xe]
00008CE4  0123          movs r3,#0x1
00008CE6  3070          strb r0,[r6,#0x0]
00008CE8  e370          strb r3,[r4,#0x3]
00008CEA  0128          cmp r0,#0x1
00008CEC  07d0          beq 0x00008cfe
00008CEE  d172          strb r1,[r2,#0xb]
00008CF0  1374          strb r3,[r2,#0x10]
00008CF2  6349          ldr r1,[0x00008e80]
00008CF4  0420          movs r0,#0x4
00008CF6  e570          strb r5,[r4,#0x3]
00008CF8  9631          adds r1,#0x96
00008CFA  0870          strb r0,[r1,#0x0]
00008CFC  a2e0          b 0x00008e44
00008CFE  8520          movs r0,#0x85
00008D00  64e0          b 0x00008dcc
00008D02  3070          strb r0,[r6,#0x0]
00008D04  0120          movs r0,#0x1
00008D06  e070          strb r0,[r4,#0x3]
00008D08  0420          movs r0,#0x4
00008D0A  9073          strb r0,[r2,#0xe]
00008D0C  1373          strb r3,[r2,#0xc]
00008D0E  99e0          b 0x00008e44
00008D10  7054          strb r0,[r6,r1]
00008D12  491c          adds r1,r1,#0x1
00008D14  e170          strb r1,[r4,#0x3]
00008D16  0d28          cmp r0,#0xd
00008D18  13d1          bne 0x00008d42
00008D1A  5aa0          adr r0,[0x8e84]
00008D1C  05c8          ldmia r0,{r0,r2}
00008D1E  0021          movs r1,#0x0
00008D20  0390          str r0,[sp,#0xc]
00008D22  0492          str r2,[sp,#0x10]
00008D24  0120          movs r0,#0x1
00008D26  03aa          add r2,sp,#0xc
00008D28  335c          ldrb r3,[r6,r0]
00008D2A  125c          ldrb r2,[r2,r0]
00008D2C  9342          cmp r3,r2
00008D2E  01d1          bne 0x00008d34
00008D30  491c          adds r1,r1,#0x1
00008D32  c9b2          uxtb r1,r1
00008D34  401c          adds r0,r0,#0x1
00008D36  c0b2          uxtb r0,r0
00008D38  0428          cmp r0,#0x4
00008D3A  f4d9          bls 0x00008d26
00008D3C  0429          cmp r1,#0x4
00008D3E  08d0          beq 0x00008d52
00008D40  e570          strb r5,[r4,#0x3]
00008D42  e078          ldrb r0,[r4,#0x3]
00008D44  2179          ldrb r1,[r4,#0x4]
00008D46  8842          cmp r0,r1
00008D48  53d3          bcc 0x00008df2
00008D4A  6179          ldrb r1,[r4,#0x5]
00008D4C  0129          cmp r1,#0x1
00008D4E  16d0          beq 0x00008d7e
00008D50  4fe0          b 0x00008df2
00008D52  0120          movs r0,#0x1
00008D54  6071          strb r0,[r4,#0x5]
00008D56  4da0          adr r0,[0x8e8c]
00008D58  07c8          ldmia r0,{r0,r1,r2}
00008D5A  6b46          mov r3,sp
00008D5C  07c3          stmia r3!,{r0,r1,r2}
00008D5E  4848          ldr r0,[0x00008e80]
00008D60  fff7c6fc      bl 0x000086f0
00008D64  0c28          cmp r0,#0xc
00008D66  07d2          bcs 0x00008d78
00008D68  6946          mov r1,sp
00008D6A  085c          ldrb r0,[r1,r0]
00008D6C  2071          strb r0,[r4,#0x4]
00008D6E  e8e7          b 0x00008d42
00008D70  67e0          b 0x00008e42
00008D74  12e0          b 0x00008d9c
00008D76  31e0          b 0x00008ddc
00008D78  e570          strb r5,[r4,#0x3]
00008D7A  6571          strb r5,[r4,#0x5]
00008D7C  e1e7          b 0x00008d42
00008D7E  3f49          ldr r1,[0x00008e7c]
00008D80  c873          strb r0,[r1,#0xf]
00008D82  0227          movs r7,#0x2
00008D84  35e0          b 0x00008df2
00008D86  7054          strb r0,[r6,r1]
00008D88  491c          adds r1,r1,#0x1
00008D8A  c8b2          uxtb r0,r1
00008D8C  e070          strb r0,[r4,#0x3]
00008D8E  9042          cmp r0,r2
00008D90  2fd3          bcc 0x00008df2
00008D92  3a49          ldr r1,[0x00008e7c]
00008D94  8520          movs r0,#0x85
00008D96  0874          strb r0,[r1,#0x10]
00008D98  0327          movs r7,#0x3
00008D9A  2ae0          b 0x00008df2
00008D9C  7054          strb r0,[r6,r1]
00008D9E  491c          adds r1,r1,#0x1
00008DA0  c8b2          uxtb r0,r1
00008DA2  e070          strb r0,[r4,#0x3]
00008DA4  0328          cmp r0,#0x3
00008DA6  05d0          beq 0x00008db4
00008DA8  9042          cmp r0,r2
00008DAA  22d3          bcc 0x00008df2
00008DAC  3348          ldr r0,[0x00008e7c]
00008DAE  0127          movs r7,#0x1
00008DB0  0274          strb r2,[r0,#0x10]
00008DB2  1ee0          b 0x00008df2
00008DB4  3078          ldrb r0,[r6,#0x0]
00008DB6  5328          cmp r0,#0x53
00008DB8  07d0          beq 0x00008dca
00008DBA  5128          cmp r0,#0x51
00008DBC  08d0          beq 0x00008dd0
00008DBE  5428          cmp r0,#0x54
00008DC0  06d0          beq 0x00008dd0
00008DC2  5228          cmp r0,#0x52
00008DC4  04d0          beq 0x00008dd0
00008DC6  2571          strb r5,[r4,#0x4]
00008DC8  3be0          b 0x00008e42
00008DCA  0420          movs r0,#0x4
00008DCC  2071          strb r0,[r4,#0x4]
00008DCE  39e0          b 0x00008e44
00008DD0  b078          ldrb r0,[r6,#0x2]
00008DD2  401d          adds r0,r0,#0x5
00008DD4  9628          cmp r0,#0x96
00008DD6  0cd2          bcs 0x00008df2
00008DD8  2071          strb r0,[r4,#0x4]
00008DDA  0ae0          b 0x00008df2
00008DDC  0129          cmp r1,#0x1
00008DDE  13d0          beq 0x00008e08
00008DE0  7054          strb r0,[r6,r1]
00008DE2  491c          adds r1,r1,#0x1
00008DE4  c8b2          uxtb r0,r1
00008DE6  e070          strb r0,[r4,#0x3]
00008DE8  0528          cmp r0,#0x5
00008DEA  17d0          beq 0x00008e1c
00008DEC  9042          cmp r0,r2
00008DEE  00d3          bcc 0x00008df2
00008DF0  0527          movs r7,#0x5
00008DF2  e378          ldrb r3,[r4,#0x3]
00008DF4  2079          ldrb r0,[r4,#0x4]
00008DF6  8342          cmp r3,r0
00008DF8  24d3          bcc 0x00008e44
00008DFA  002f          cmp r7,#0x0
00008DFC  22d0          beq 0x00008e44
00008DFE  1f4f          ldr r7,[0x00008e7c]
00008E00  f87a          ldrb r0,[r7,#0xb]
00008E02  0028          cmp r0,#0x0
00008E04  11d0          beq 0x00008e2a
00008E06  1ce0          b 0x00008e42
00008E08  8721          movs r1,#0x87
00008E0A  0140          ands r1,r0
00008E0C  0129          cmp r1,#0x1
00008E0E  01d0          beq 0x00008e14
00008E10  0229          cmp r1,#0x2
00008E12  08d1          bne 0x00008e26
00008E14  7070          strb r0,[r6,#0x1]
00008E16  0220          movs r0,#0x2
00008E18  e070          strb r0,[r4,#0x3]
00008E1A  eae7          b 0x00008df2
00008E1C  3079          ldrb r0,[r6,#0x4]
00008E1E  8f28          cmp r0,#0x8f
00008E20  01d2          bcs 0x00008e26
00008E22  c01d          adds r0,r0,#0x7
00008E24  d8e7          b 0x00008dd8
00008E26  e570          strb r5,[r4,#0x3]
00008E28  e3e7          b 0x00008df2
00008E2A  1549          ldr r1,[0x00008e80]
00008E2C  0020          movs r0,#0x0
00008E2E  9631          adds r1,#0x96
00008E30  03e0          b 0x00008e3a
00008E32  325c          ldrb r2,[r6,r0]
00008E34  0a54          strb r2,[r1,r0]
00008E36  401c          adds r0,r0,#0x1
00008E38  c0b2          uxtb r0,r0
00008E3A  9842          cmp r0,r3
00008E3C  f9d3          bcc 0x00008e32
00008E3E  b87b          ldrb r0,[r7,#0xe]
00008E40  f872          strb r0,[r7,#0xb]
00008E42  e570          strb r5,[r4,#0x3]
00008E44  0c4a          ldr r2,[0x00008e78]
00008E46  106a          ldr r0,[r2,#0x20]
00008E48  c007          lsls r0,r0,#0x1f
00008E4A  11d0          beq 0x00008e70
00008E4C  0120          movs r0,#0x1
00008E4E  1062          str r0,[r2,#0x20]
00008E50  0a49          ldr r1,[0x00008e7c]
00008E52  487a          ldrb r0,[r1,#0x9]
00008E54  8b7a          ldrb r3,[r1,#0xa]
00008E56  9842          cmp r0,r3
00008E58  04d0          beq 0x00008e64
00008E5A  0f4b          ldr r3,[0x00008e98]
00008E5C  1b5c          ldrb r3,[r3,r0]
00008E5E  d360          str r3,[r2,#0xc]
00008E60  401c          adds r0,r0,#0x1
00008E62  4872          strb r0,[r1,#0x9]
00008E64  c0b2          uxtb r0,r0
00008E66  3228          cmp r0,#0x32
00008E68  00d3          bcc 0x00008e6c
00008E6A  4d72          strb r5,[r1,#0x9]
00008E6C  0520          movs r0,#0x5
00008E6E  4873          strb r0,[r1,#0xd]
00008E70  1c20          movs r0,#0x1c
00008E72  1062          str r0,[r2,#0x20]
00008E74  05b0          add sp,#0x14
00008E76  f0bd          pop {r4,r5,r6,r7,pc}
00008E9C  70b5          push {r4,r5,r6,lr}
00008E9E  1249          ldr r1,[0x00008ee8]
00008EA0  c878          ldrb r0,[r1,#0x3]
00008EA2  0028          cmp r0,#0x0
00008EA4  02d0          beq 0x00008eac
00008EA6  8878          ldrb r0,[r1,#0x2]
00008EA8  0028          cmp r0,#0x0
00008EAA  01d0          beq 0x00008eb0
00008EAC  0020          movs r0,#0x0
00008EAE  05e0          b 0x00008ebc
00008EB0  c88f          ldrh r0,[r1,#0x3e]
00008EB2  ff22          movs r2,#0xff
00008EB4  e132          adds r2,#0xe1
00008EB6  9042          cmp r0,r2
00008EB8  02d2          bcs 0x00008ec0
00008EBA  401c          adds r0,r0,#0x1
00008EBC  c887          strh r0,[r1,#0x3e]
00008EBE  70bd          pop {r4,r5,r6,pc}
00008EC0  fbf7eafd      bl 0x00004a98
00008EC4  084c          ldr r4,[0x00008ee8]
00008EC6  0125          movs r5,#0x1
00008EC8  2034          adds r4,#0x20
00008ECA  607a          ldrb r0,[r4,#0x9]
00008ECC  0028          cmp r0,#0x0
00008ECE  02d1          bne 0x00008ed6
00008ED0  fef7e0fe      bl 0x00007c94
00008ED4  6572          strb r5,[r4,#0x9]
00008ED6  0548          ldr r0,[0x00008eec]
00008ED8  0570          strb r5,[r0,#0x0]
00008EDA  0549          ldr r1,[0x00008ef0]
00008EDC  c868          ldr r0,[r1,#0xc]
00008EDE  4a15          asrs r2,r1,#0x15
00008EE0  9043          bics r0,r2
00008EE2  c860          str r0,[r1,#0xc]
00008EE4  70bd          pop {r4,r5,r6,pc}
00008EF4  fcb5          push {r2,r3,r4,r5,r6,r7,lr}
00008EF6  5c48          ldr r0,[0x00009068]
00008EF8  006a          ldr r0,[r0,#0x20]
00008EFA  0126          movs r6,#0x1
00008EFC  8007          lsls r0,r0,#0x1e
00008EFE  0022          movs r2,#0x0
00008F00  0028          cmp r0,#0x0
00008F02  5cda          bge 0x00008fbe
00008F04  5848          ldr r0,[0x00009068]
00008F06  0221          movs r1,#0x2
00008F08  0162          str r1,[r0,#0x20]
00008F0A  c068          ldr r0,[r0,#0xc]
00008F0C  574d          ldr r5,[0x0000906c]
00008F0E  c0b2          uxtb r0,r0
00008F10  2979          ldrb r1,[r5,#0x4]
00008F12  0029          cmp r1,#0x0
00008F14  00d1          bne 0x00008f18
00008F16  aa73          strb r2,[r5,#0xe]
00008F18  0a21          movs r1,#0xa
00008F1A  2971          strb r1,[r5,#0x4]
00008F1C  ab7b          ldrb r3,[r5,#0xe]
00008F1E  0721          movs r1,#0x7
00008F20  534f          ldr r7,[0x00009070]
00008F22  002b          cmp r3,#0x0
00008F24  08d0          beq 0x00008f38
00008F26  322b          cmp r3,#0x32
00008F28  48d2          bcs 0x00008fbc
00008F2A  ac79          ldrb r4,[r5,#0x6]
00008F2C  002c          cmp r4,#0x0
00008F2E  25d0          beq 0x00008f7c
00008F30  a979          ldrb r1,[r5,#0x6]
00008F32  0129          cmp r1,#0x1
00008F34  6bd0          beq 0x0000900e
00008F36  42e0          b 0x00008fbe
00008F38  7428          cmp r0,#0x74
00008F3A  0ed0          beq 0x00008f5a
00008F3C  6428          cmp r0,#0x64
00008F3E  0ed0          beq 0x00008f5e
00008F40  4c4b          ldr r3,[0x00009074]
00008F42  1b78          ldrb r3,[r3,#0x0]
00008F44  002b          cmp r3,#0x0
00008F46  17d0          beq 0x00008f78
00008F48  0628          cmp r0,#0x6
00008F4A  0cd0          beq 0x00008f66
00008F4C  1528          cmp r0,#0x15
00008F4E  0ad0          beq 0x00008f66
00008F50  1828          cmp r0,#0x18
00008F52  08d0          beq 0x00008f66
00008F54  4328          cmp r0,#0x43
00008F56  06d0          beq 0x00008f66
00008F58  0ee0          b 0x00008f78
00008F5A  aa71          strb r2,[r5,#0x6]
00008F5C  00e0          b 0x00008f60
00008F5E  ae71          strb r6,[r5,#0x6]
00008F60  3870          strb r0,[r7,#0x0]
00008F62  ae73          strb r6,[r5,#0xe]
00008F64  08e0          b 0x00008f78
00008F66  0223          movs r3,#0x2
00008F68  ab71          strb r3,[r5,#0x6]
00008F6A  414b          ldr r3,[0x00009070]
00008F6C  323b          subs r3,#0x32
00008F6E  1870          strb r0,[r3,#0x0]
00008F70  aa73          strb r2,[r5,#0xe]
00008F72  ee71          strb r6,[r5,#0x7]
00008F74  0320          movs r0,#0x3
00008F76  e870          strb r0,[r5,#0x3]
00008F78  e973          strb r1,[r5,#0xf]
00008F7A  20e0          b 0x00008fbe
00008F7C  f854          strb r0,[r7,r3]
00008F7E  5b1c          adds r3,r3,#0x1
00008F80  d8b2          uxtb r0,r3
00008F82  a873          strb r0,[r5,#0xe]
00008F84  0228          cmp r0,#0x2
00008F86  02d1          bne 0x00008f8e
00008F88  7b78          ldrb r3,[r7,#0x1]
00008F8A  402b          cmp r3,#0x40
00008F8C  03d0          beq 0x00008f96
00008F8E  6b7b          ldrb r3,[r5,#0xd]
00008F90  002b          cmp r3,#0x0
00008F92  04d0          beq 0x00008f9e
00008F94  0ae0          b 0x00008fac
00008F96  0620          movs r0,#0x6
00008F98  e873          strb r0,[r5,#0xf]
00008F9A  6e73          strb r6,[r5,#0xd]
00008F9C  0fe0          b 0x00008fbe
00008F9E  0328          cmp r0,#0x3
00008FA0  04d1          bne 0x00008fac
00008FA2  bb78          ldrb r3,[r7,#0x2]
00008FA4  5b1d          adds r3,r3,#0x5
00008FA6  322b          cmp r3,#0x32
00008FA8  07d2          bcs 0x00008fba
00008FAA  eb73          strb r3,[r5,#0xf]
00008FAC  e97b          ldrb r1,[r5,#0xf]
00008FAE  8842          cmp r0,r1
00008FB0  05d1          bne 0x00008fbe
00008FB2  e878          ldrb r0,[r5,#0x3]
00008FB4  0028          cmp r0,#0x0
00008FB6  1bd0          beq 0x00008ff0
00008FB8  26e0          b 0x00009008
00008FBA  e973          strb r1,[r5,#0xf]
00008FBC  aa73          strb r2,[r5,#0xe]
00008FBE  2a4b          ldr r3,[0x00009068]
00008FC0  186a          ldr r0,[r3,#0x20]
00008FC2  c007          lsls r0,r0,#0x1f
00008FC4  11d0          beq 0x00008fea
00008FC6  1e62          str r6,[r3,#0x20]
00008FC8  2849          ldr r1,[0x0000906c]
00008FCA  4878          ldrb r0,[r1,#0x1]
00008FCC  8c78          ldrb r4,[r1,#0x2]
00008FCE  a042          cmp r0,r4
00008FD0  05d0          beq 0x00008fde
00008FD2  274c          ldr r4,[0x00009070]
00008FD4  3234          adds r4,#0x32
00008FD6  245c          ldrb r4,[r4,r0]
00008FD8  dc60          str r4,[r3,#0xc]
00008FDA  401c          adds r0,r0,#0x1
00008FDC  4870          strb r0,[r1,#0x1]
00008FDE  c0b2          uxtb r0,r0
00008FE0  9628          cmp r0,#0x96
00008FE2  00d3          bcc 0x00008fe6
00008FE4  4a70          strb r2,[r1,#0x1]
00008FE6  0520          movs r0,#0x5
00008FE8  4871          strb r0,[r1,#0x5]
00008FEA  1c20          movs r0,#0x1c
00008FEC  1862          str r0,[r3,#0x20]
00008FEE  fcbd          pop {r2,r3,r4,r5,r6,r7,pc}
00008FF0  1f4b          ldr r3,[0x00009070]
00008FF2  0020          movs r0,#0x0
00008FF4  323b          subs r3,#0x32
00008FF6  03e0          b 0x00009000
00008FF8  3c5c          ldrb r4,[r7,r0]
00008FFA  1c54          strb r4,[r3,r0]
00008FFC  401c          adds r0,r0,#0x1
00008FFE  c0b2          uxtb r0,r0
00009000  8842          cmp r0,r1
00009002  f9d3          bcc 0x00008ff8
00009004  ee70          strb r6,[r5,#0x3]
00009006  e971          strb r1,[r5,#0x7]
00009008  aa73          strb r2,[r5,#0xe]
0000900A  6a73          strb r2,[r5,#0xd]
0000900C  d7e7          b 0x00008fbe
0000900E  f854          strb r0,[r7,r3]
00009010  5b1c          adds r3,r3,#0x1
00009012  1649          ldr r1,[0x0000906c]
00009014  dbb2          uxtb r3,r3
00009016  8b73          strb r3,[r1,#0xe]
00009018  0d28          cmp r0,#0xd
0000901A  d0d1          bne 0x00008fbe
0000901C  16a0          adr r0,[0x9078]
0000901E  11c8          ldmia r0,{r0,r4}
00009020  0021          movs r1,#0x0
00009022  0090          str r0,[sp,#0x0]
00009024  0194          str r4,[sp,#0x4]
00009026  0120          movs r0,#0x1
00009028  6c46          mov r4,sp
0000902A  3d5c          ldrb r5,[r7,r0]
0000902C  245c          ldrb r4,[r4,r0]
0000902E  a542          cmp r5,r4
00009030  01d1          bne 0x00009036
00009032  491c          adds r1,r1,#0x1
00009034  c9b2          uxtb r1,r1
00009036  401c          adds r0,r0,#0x1
00009038  c0b2          uxtb r0,r0
0000903A  0428          cmp r0,#0x4
0000903C  f4d9          bls 0x00009028
0000903E  0429          cmp r1,#0x4
00009040  0fd1          bne 0x00009062
00009042  0a4d          ldr r5,[0x0000906c]
00009044  eb71          strb r3,[r5,#0x7]
00009046  e878          ldrb r0,[r5,#0x3]
00009048  0028          cmp r0,#0x0
0000904A  0ad1          bne 0x00009062
0000904C  0849          ldr r1,[0x00009070]
0000904E  3239          subs r1,#0x32
00009050  03e0          b 0x0000905a
00009052  3c5c          ldrb r4,[r7,r0]
00009054  0c54          strb r4,[r1,r0]
00009056  401c          adds r0,r0,#0x1
00009058  c0b2          uxtb r0,r0
0000905A  9842          cmp r0,r3
0000905C  f9d3          bcc 0x00009052
0000905E  0220          movs r0,#0x2
00009060  e870          strb r0,[r5,#0x3]
00009062  0248          ldr r0,[0x0000906c]
00009064  8273          strb r2,[r0,#0xe]
00009066  aae7          b 0x00008fbe
00009080  0448          ldr r0,[0x00009094]
00009082  0021          movs r1,#0x0
00009084  0160          str r1,[r0,#0x0]
00009086  1321          movs r1,#0x13
00009088  4160          str r1,[r0,#0x4]
0000908A  8721          movs r1,#0x87
0000908C  8160          str r1,[r0,#0x8]
0000908E  0321          movs r1,#0x3
00009090  c161          str r1,[r0,#0x1c]
00009092  7047          bx lr
00009098  f0b5          push {r4,r5,r6,r7,lr}
0000909A  1f4e          ldr r6,[0x00009118]
0000909C  1f4a          ldr r2,[0x0000911c]
0000909E  5269          ldr r2,[r2,#0x14]
000090A0  9207          lsls r2,r2,#0x1e
000090A2  02d4          bmi 0x000090aa
000090A4  727b          ldrb r2,[r6,#0xd]
000090A6  002a          cmp r2,#0x0
000090A8  f8d1          bne 0x0000909c
000090AA  b77a          ldrb r7,[r6,#0xa]
000090AC  0022          movs r2,#0x0
000090AE  1c4c          ldr r4,[0x00009120]
000090B0  0be0          b 0x000090ca
000090B2  b37a          ldrb r3,[r6,#0xa]
000090B4  855c          ldrb r5,[r0,r2]
000090B6  e554          strb r5,[r4,r3]
000090B8  5b1c          adds r3,r3,#0x1
000090BA  dbb2          uxtb r3,r3
000090BC  b372          strb r3,[r6,#0xa]
000090BE  322b          cmp r3,#0x32
000090C0  01d3          bcc 0x000090c6
000090C2  0023          movs r3,#0x0
000090C4  b372          strb r3,[r6,#0xa]
000090C6  521c          adds r2,r2,#0x1
000090C8  d2b2          uxtb r2,r2
000090CA  8a42          cmp r2,r1
000090CC  f1d3          bcc 0x000090b2
000090CE  134a          ldr r2,[0x0000911c]
000090D0  1c23          movs r3,#0x1c
000090D2  1362          str r3,[r2,#0x20]
000090D4  727a          ldrb r2,[r6,#0x9]
000090D6  ba42          cmp r2,r7
000090D8  02d0          beq 0x000090e0
000090DA  737b          ldrb r3,[r6,#0xd]
000090DC  002b          cmp r3,#0x0
000090DE  19d1          bne 0x00009114
000090E0  ba42          cmp r2,r7
000090E2  0cd0          beq 0x000090fe
000090E4  0022          movs r2,#0x0
000090E6  b272          strb r2,[r6,#0xa]
000090E8  7272          strb r2,[r6,#0x9]
000090EA  06e0          b 0x000090fa
000090EC  b37a          ldrb r3,[r6,#0xa]
000090EE  855c          ldrb r5,[r0,r2]
000090F0  e554          strb r5,[r4,r3]
000090F2  5b1c          adds r3,r3,#0x1
000090F4  521c          adds r2,r2,#0x1
000090F6  b372          strb r3,[r6,#0xa]
000090F8  d2b2          uxtb r2,r2
000090FA  8a42          cmp r2,r1
000090FC  f6d3          bcc 0x000090ec
000090FE  707a          ldrb r0,[r6,#0x9]
00009100  0649          ldr r1,[0x0000911c]
00009102  225c          ldrb r2,[r4,r0]
00009104  ca60          str r2,[r1,#0xc]
00009106  401c          adds r0,r0,#0x1
00009108  c0b2          uxtb r0,r0
0000910A  7072          strb r0,[r6,#0x9]
0000910C  3228          cmp r0,#0x32
0000910E  01d3          bcc 0x00009114
00009110  0020          movs r0,#0x0
00009112  7072          strb r0,[r6,#0x9]
00009114  f0bd          pop {r4,r5,r6,r7,pc}
00009148  0448          ldr r0,[0x0000915c]
0000914A  0021          movs r1,#0x0
0000914C  0160          str r1,[r0,#0x0]
0000914E  1321          movs r1,#0x13
00009150  4160          str r1,[r0,#0x4]
00009152  8721          movs r1,#0x87
00009154  8160          str r1,[r0,#0x8]
00009156  0321          movs r1,#0x3
00009158  c161          str r1,[r0,#0x1c]
0000915A  7047          bx lr
00009160  f0b5          push {r4,r5,r6,r7,lr}
00009162  8c46          mov r12,r1
00009164  164f          ldr r7,[0x000091c0]
00009166  174e          ldr r6,[0x000091c4]
00009168  0146          mov r1,r0
0000916A  7869          ldr r0,[r7,#0x14]
0000916C  8007          lsls r0,r0,#0x1e
0000916E  02d4          bmi 0x00009176
00009170  7079          ldrb r0,[r6,#0x5]
00009172  0028          cmp r0,#0x0
00009174  f9d1          bne 0x0000916a
00009176  b078          ldrb r0,[r6,#0x2]
00009178  0022          movs r2,#0x0
0000917A  8646          mov lr,r0
0000917C  124c          ldr r4,[0x000091c8]
0000917E  1046          mov r0,r2
00009180  0ae0          b 0x00009198
00009182  b378          ldrb r3,[r6,#0x2]
00009184  8d5c          ldrb r5,[r1,r2]
00009186  e554          strb r5,[r4,r3]
00009188  5b1c          adds r3,r3,#0x1
0000918A  dbb2          uxtb r3,r3
0000918C  b370          strb r3,[r6,#0x2]
0000918E  962b          cmp r3,#0x96
00009190  00d3          bcc 0x00009194
00009192  b070          strb r0,[r6,#0x2]
00009194  521c          adds r2,r2,#0x1
00009196  d2b2          uxtb r2,r2
00009198  6245          cmp r2,r12
0000919A  f2d3          bcc 0x00009182
0000919C  1c21          movs r1,#0x1c
0000919E  3962          str r1,[r7,#0x20]
000091A0  7178          ldrb r1,[r6,#0x1]
000091A2  7145          cmp r1,lr
000091A4  02d0          beq 0x000091ac
000091A6  7279          ldrb r2,[r6,#0x5]
000091A8  002a          cmp r2,#0x0
000091AA  07d1          bne 0x000091bc
000091AC  625c          ldrb r2,[r4,r1]
000091AE  fa60          str r2,[r7,#0xc]
000091B0  491c          adds r1,r1,#0x1
000091B2  c9b2          uxtb r1,r1
000091B4  7170          strb r1,[r6,#0x1]
000091B6  9629          cmp r1,#0x96
000091B8  00d3          bcc 0x000091bc
000091BA  7070          strb r0,[r6,#0x1]
000091BC  f0bd          pop {r4,r5,r6,r7,pc}
000091CC  feb5          push {r1,r2,r3,r4,r5,r6,r7,lr}
000091CE  0020          movs r0,#0x0
000091D0  f74f          ldr r7,[0x000095b0]
000091D2  0290          str r0,[sp,#0x8]
000091D4  0090          str r0,[sp,#0x0]
000091D6  3b46          mov r3,r7
000091D8  0546          mov r5,r0
000091DA  9a78          ldrb r2,[r3,#0x2]
000091DC  5878          ldrb r0,[r3,#0x1]
000091DE  3e78          ldrb r6,[r7,#0x0]
000091E0  db78          ldrb r3,[r3,#0x3]
000091E2  f449          ldr r1,[0x000095b4]
000091E4  0124          movs r4,#0x1
000091E6  9c46          mov r12,r3
000091E8  512e          cmp r6,#0x51
000091EA  0bd0          beq 0x00009204
000091EC  522e          cmp r6,#0x52
000091EE  09d0          beq 0x00009204
000091F0  532e          cmp r6,#0x53
000091F2  7dd1          bne 0x000092f0
000091F4  8319          adds r3,r0,r6
000091F6  dbb2          uxtb r3,r3
000091F8  9a42          cmp r2,r3
000091FA  79d1          bne 0x000092f0
000091FC  6246          mov r2,r12
000091FE  ac2a          cmp r2,#0xac
00009200  76d1          bne 0x000092f0
00009202  4ae1          b 0x0000949a
00009204  d21c          adds r2,r2,#0x3
00009206  d2b2          uxtb r2,r2
00009208  0192          str r2,[sp,#0x4]
0000920A  0022          movs r2,#0x0
0000920C  07e0          b 0x0000921e
0000920E  e84b          ldr r3,[0x000095b0]
00009210  9f5c          ldrb r7,[r3,r2]
00009212  009b          ldr r3,[sp,#0x0]
00009214  fb18          adds r3,r7,r3
00009216  dbb2          uxtb r3,r3
00009218  521c          adds r2,r2,#0x1
0000921A  d2b2          uxtb r2,r2
0000921C  0093          str r3,[sp,#0x0]
0000921E  019b          ldr r3,[sp,#0x4]
00009220  9a42          cmp r2,r3
00009222  f4d3          bcc 0x0000920e
00009224  e24f          ldr r7,[0x000095b0]
00009226  009a          ldr r2,[sp,#0x0]
00009228  fb5c          ldrb r3,[r7,r3]
0000922A  9342          cmp r3,r2
0000922C  60d1          bne 0x000092f0
0000922E  019a          ldr r2,[sp,#0x4]
00009230  ba18          adds r2,r7,r2
00009232  5278          ldrb r2,[r2,#0x1]
00009234  9219          adds r2,r2,r6
00009236  ff2a          cmp r2,#0xff
00009238  5ad1          bne 0x000092f0
0000923A  3a46          mov r2,r7
0000923C  5379          ldrb r3,[r2,#0x5]
0000923E  0093          str r3,[sp,#0x0]
00009240  1379          ldrb r3,[r2,#0x4]
00009242  512e          cmp r6,#0x51
00009244  04d0          beq 0x00009250
00009246  522e          cmp r6,#0x52
00009248  7ed0          beq 0x00009348
0000924A  532e          cmp r6,#0x53
0000924C  d9d0          beq 0x00009202
0000924E  81e2          b 0x00009754
00009250  1028          cmp r0,#0x10
00009252  fcd1          bne 0x0000924e
00009254  6046          mov r0,r12
00009256  0007          lsls r0,r0,#0x1c
00009258  d749          ldr r1,[0x000095b8]
0000925A  000f          lsrs r0,r0,#0x1c
0000925C  0870          strb r0,[r1,#0x0]
0000925E  6046          mov r0,r12
00009260  d649          ldr r1,[0x000095bc]
00009262  0009          lsrs r0,r0,#0x4
00009264  0870          strb r0,[r1,#0x0]
00009266  d648          ldr r0,[0x000095c0]
00009268  d909          lsrs r1,r3,#0x7
0000926A  0170          strb r1,[r0,#0x0]
0000926C  5806          lsls r0,r3,#0x19
0000926E  c10f          lsrs r1,r0,#0x1f
00009270  d448          ldr r0,[0x000095c4]
00009272  8176          strb r1,[r0,#0x1a]
00009274  9906          lsls r1,r3,#0x1a
00009276  c90f          lsrs r1,r1,#0x1f
00009278  c176          strb r1,[r0,#0x1b]
0000927A  1907          lsls r1,r3,#0x1c
0000927C  c90f          lsrs r1,r1,#0x1f
0000927E  4176          strb r1,[r0,#0x19]
00009280  d807          lsls r0,r3,#0x1f
00009282  d149          ldr r1,[0x000095c8]
00009284  c00f          lsrs r0,r0,#0x1f
00009286  0870          strb r0,[r1,#0x0]
00009288  0098          ldr r0,[sp,#0x0]
0000928A  ce4e          ldr r6,[0x000095c4]
0000928C  0006          lsls r0,r0,#0x18
0000928E  cf4f          ldr r7,[0x000095cc]
00009290  2036          adds r6,#0x20
00009292  0028          cmp r0,#0x0
00009294  1bdb          blt 0x000092ce
00009296  b079          ldrb r0,[r6,#0x6]
00009298  0228          cmp r0,#0x2
0000929A  02d2          bcs 0x000092a2
0000929C  401c          adds r0,r0,#0x1
0000929E  b071          strb r0,[r6,#0x6]
000092A0  24e0          b 0x000092ec
000092A2  fbf7f9fb      bl 0x00004a98
000092A6  ca48          ldr r0,[0x000095d0]
000092A8  0470          strb r4,[r0,#0x0]
000092AA  ca48          ldr r0,[0x000095d4]
000092AC  0178          ldrb r1,[r0,#0x0]
000092AE  0029          cmp r1,#0x0
000092B0  00d1          bne 0x000092b4
000092B2  3970          strb r1,[r7,#0x0]
000092B4  0470          strb r4,[r0,#0x0]
000092B6  f079          ldrb r0,[r6,#0x7]
000092B8  0028          cmp r0,#0x0
000092BA  02d1          bne 0x000092c2
000092BC  fef7eafc      bl 0x00007c94
000092C0  f471          strb r4,[r6,#0x7]
000092C2  c548          ldr r0,[0x000095d8]
000092C4  c268          ldr r2,[r0,#0xc]
000092C6  4115          asrs r1,r0,#0x15
000092C8  8a43          bics r2,r1
000092CA  c260          str r2,[r0,#0xc]
000092CC  0ee0          b 0x000092ec
000092CE  c148          ldr r0,[0x000095d4]
000092D0  0178          ldrb r1,[r0,#0x0]
000092D2  0029          cmp r1,#0x0
000092D4  00d1          bne 0x000092d8
000092D6  3c70          strb r4,[r7,#0x0]
000092D8  0470          strb r4,[r0,#0x0]
000092DA  bd48          ldr r0,[0x000095d0]
000092DC  0023          movs r3,#0x0
000092DE  0370          strb r3,[r0,#0x0]
000092E0  bd48          ldr r0,[0x000095d8]
000092E2  c168          ldr r1,[r0,#0xc]
000092E4  4215          asrs r2,r0,#0x15
000092E6  1143          orrs r1,r2
000092E8  c160          str r1,[r0,#0xc]
000092EA  b371          strb r3,[r6,#0x6]
000092EC  b04a          ldr r2,[0x000095b0]
000092EE  00e0          b 0x000092f2
000092F0  84e2          b 0x000097fc
000092F2  5079          ldrb r0,[r2,#0x5]
000092F4  b94b          ldr r3,[0x000095dc]
000092F6  4106          lsls r1,r0,#0x19
000092F8  317a          ldrb r1,[r6,#0x8]
000092FA  05d5          bpl 0x00009308
000092FC  0329          cmp r1,#0x3
000092FE  01d2          bcs 0x00009304
00009300  491c          adds r1,r1,#0x1
00009302  04e0          b 0x0000930e
00009304  1c70          strb r4,[r3,#0x0]
00009306  06e0          b 0x00009316
00009308  0029          cmp r1,#0x0
0000930A  02d0          beq 0x00009312
0000930C  491e          subs r1,r1,#0x1
0000930E  3172          strb r1,[r6,#0x8]
00009310  01e0          b 0x00009316
00009312  0021          movs r1,#0x0
00009314  1970          strb r1,[r3,#0x0]
00009316  8106          lsls r1,r0,#0x1a
00009318  b14b          ldr r3,[0x000095e0]
0000931A  c90f          lsrs r1,r1,#0x1f
0000931C  1970          strb r1,[r3,#0x0]
0000931E  0107          lsls r1,r0,#0x1c
00009320  b04b          ldr r3,[0x000095e4]
00009322  c90f          lsrs r1,r1,#0x1f
00009324  1970          strb r1,[r3,#0x0]
00009326  4107          lsls r1,r0,#0x1d
00009328  cb0f          lsrs r3,r1,#0x1f
0000932A  a649          ldr r1,[0x000095c4]
0000932C  cb75          strb r3,[r1,#0x17]
0000932E  8307          lsls r3,r0,#0x1e
00009330  ad4e          ldr r6,[0x000095e8]
00009332  db0f          lsrs r3,r3,#0x1f
00009334  3370          strb r3,[r6,#0x0]
00009336  c007          lsls r0,r0,#0x1f
00009338  ac4b          ldr r3,[0x000095ec]
0000933A  c00f          lsrs r0,r0,#0x1f
0000933C  1870          strb r0,[r3,#0x0]
0000933E  ac4b          ldr r3,[0x000095f0]
00009340  9079          ldrb r0,[r2,#0x6]
00009342  1880          strh r0,[r3,#0x0]
00009344  d079          ldrb r0,[r2,#0x7]
00009346  00e0          b 0x0000934a
00009348  15e0          b 0x00009376
0000934A  aa4b          ldr r3,[0x000095f4]
0000934C  1880          strh r0,[r3,#0x0]
0000934E  107a          ldrb r0,[r2,#0x8]
00009350  6428          cmp r0,#0x64
00009352  00d8          bhi 0x00009356
00009354  0876          strb r0,[r1,#0x18]
00009356  507a          ldrb r0,[r2,#0x9]
00009358  c209          lsrs r2,r0,#0x7
0000935A  0a71          strb r2,[r1,#0x4]
0000935C  4206          lsls r2,r0,#0x19
0000935E  d20f          lsrs r2,r2,#0x1f
00009360  4a71          strb r2,[r1,#0x5]
00009362  8206          lsls r2,r0,#0x1a
00009364  d20f          lsrs r2,r2,#0x1f
00009366  8a71          strb r2,[r1,#0x6]
00009368  0007          lsls r0,r0,#0x1c
0000936A  000f          lsrs r0,r0,#0x1c
0000936C  0872          strb r0,[r1,#0x8]
0000936E  0020          movs r0,#0x0
00009370  0877          strb r0,[r1,#0x1c]
00009372  c870          strb r0,[r1,#0x3]
00009374  eee1          b 0x00009754
00009376  a04e          ldr r6,[0x000095f8]
00009378  0022          movs r2,#0x0
0000937A  0027          movs r7,#0x0
0000937C  b754          strb r7,[r6,r2]
0000937E  521c          adds r2,r2,#0x1
00009380  d2b2          uxtb r2,r2
00009382  0e2a          cmp r2,#0xe
00009384  f9d3          bcc 0x0000937a
00009386  6522          movs r2,#0x65
00009388  3270          strb r2,[r6,#0x0]
0000938A  7070          strb r0,[r6,#0x1]
0000938C  4f22          movs r2,#0x4f
0000938E  b270          strb r2,[r6,#0x2]
00009390  4b22          movs r2,#0x4b
00009392  874f          ldr r7,[0x000095b0]
00009394  f270          strb r2,[r6,#0x3]
00009396  1828          cmp r0,#0x18
00009398  57d0          beq 0x0000944a
0000939A  06dc          bgt 0x000093aa
0000939C  1428          cmp r0,#0x14
0000939E  0fd0          beq 0x000093c0
000093A0  1528          cmp r0,#0x15
000093A2  31d0          beq 0x00009408
000093A4  1628          cmp r0,#0x16
000093A6  e5d1          bne 0x00009374
000093A8  3ce0          b 0x00009424
000093AA  1a28          cmp r0,#0x1a
000093AC  59d0          beq 0x00009462
000093AE  804a          ldr r2,[0x000095b0]
000093B0  d278          ldrb r2,[r2,#0x3]
000093B2  d207          lsls r2,r2,#0x1f
000093B4  d20f          lsrs r2,r2,#0x1f
000093B6  1b28          cmp r0,#0x1b
000093B8  68d0          beq 0x0000948c
000093BA  5328          cmp r0,#0x53
000093BC  dad1          bne 0x00009374
000093BE  69e0          b 0x00009494
000093C0  6046          mov r0,r12
000093C2  0002          lsls r0,r0,#0x8
000093C4  c218          adds r2,r0,r3
000093C6  8d48          ldr r0,[0x000095fc]
000093C8  0280          strh r2,[r0,#0x0]
000093CA  009a          ldr r2,[sp,#0x0]
000093CC  1209          lsrs r2,r2,#0x4
000093CE  8270          strb r2,[r0,#0x2]
000093D0  009a          ldr r2,[sp,#0x0]
000093D2  1207          lsls r2,r2,#0x1c
000093D4  120f          lsrs r2,r2,#0x1c
000093D6  c270          strb r2,[r0,#0x3]
000093D8  ba79          ldrb r2,[r7,#0x6]
000093DA  0271          strb r2,[r0,#0x4]
000093DC  fa79          ldrb r2,[r7,#0x7]
000093DE  d309          lsrs r3,r2,#0x7
000093E0  4371          strb r3,[r0,#0x5]
000093E2  5306          lsls r3,r2,#0x19
000093E4  db0f          lsrs r3,r3,#0x1f
000093E6  d206          lsls r2,r2,#0x1b
000093E8  8371          strb r3,[r0,#0x6]
000093EA  d20e          lsrs r2,r2,#0x1b
000093EC  c271          strb r2,[r0,#0x7]
000093EE  3a7a          ldrb r2,[r7,#0x8]
000093F0  0272          strb r2,[r0,#0x8]
000093F2  7a7a          ldrb r2,[r7,#0x9]
000093F4  4272          strb r2,[r0,#0x9]
000093F6  1320          movs r0,#0x13
000093F8  3071          strb r0,[r6,#0x4]
000093FA  9c20          movs r0,#0x9c
000093FC  7071          strb r0,[r6,#0x5]
000093FE  cc71          strb r4,[r1,#0x7]
00009400  7f49          ldr r1,[0x00009600]
00009402  0020          movs r0,#0x0
00009404  0870          strb r0,[r1,#0x0]
00009406  3fe0          b 0x00009488
00009408  6e49          ldr r1,[0x000095c4]
0000940A  0020          movs r0,#0x0
0000940C  a031          adds r1,#0xa0
0000940E  3a18          adds r2,r7,r0
00009410  d278          ldrb r2,[r2,#0x3]
00009412  0a54          strb r2,[r1,r0]
00009414  401c          adds r0,r0,#0x1
00009416  c0b2          uxtb r0,r0
00009418  1228          cmp r0,#0x12
0000941A  f8d3          bcc 0x0000940e
0000941C  fef7f4fc      bl 0x00007e08
00009420  1420          movs r0,#0x14
00009422  0fe0          b 0x00009444
00009424  6748          ldr r0,[0x000095c4]
00009426  0078          ldrb r0,[r0,#0x0]
00009428  0028          cmp r0,#0x0
0000942A  a3d1          bne 0x00009374
0000942C  6549          ldr r1,[0x000095c4]
0000942E  8931          adds r1,#0x89
00009430  3a18          adds r2,r7,r0
00009432  d278          ldrb r2,[r2,#0x3]
00009434  0a54          strb r2,[r1,r0]
00009436  401c          adds r0,r0,#0x1
00009438  c0b2          uxtb r0,r0
0000943A  1428          cmp r0,#0x14
0000943C  f8d3          bcc 0x00009430
0000943E  fef7e3fc      bl 0x00007e08
00009442  1520          movs r0,#0x15
00009444  3071          strb r0,[r6,#0x4]
00009446  9c20          movs r0,#0x9c
00009448  1de0          b 0x00009486
0000944A  6046          mov r0,r12
0000944C  0128          cmp r0,#0x1
0000944E  91d1          bne 0x00009374
00009450  5c48          ldr r0,[0x000095c4]
00009452  0178          ldrb r1,[r0,#0x0]
00009454  0029          cmp r1,#0x0
00009456  02d1          bne 0x0000945e
00009458  0470          strb r4,[r0,#0x0]
0000945A  fef71bfc      bl 0x00007c94
0000945E  1720          movs r0,#0x17
00009460  0fe0          b 0x00009482
00009462  5848          ldr r0,[0x000095c4]
00009464  0078          ldrb r0,[r0,#0x0]
00009466  0028          cmp r0,#0x0
00009468  84d1          bne 0x00009374
0000946A  6349          ldr r1,[0x000095f8]
0000946C  6431          adds r1,#0x64
0000946E  3a18          adds r2,r7,r0
00009470  d278          ldrb r2,[r2,#0x3]
00009472  0a54          strb r2,[r1,r0]
00009474  401c          adds r0,r0,#0x1
00009476  c0b2          uxtb r0,r0
00009478  1028          cmp r0,#0x10
0000947A  f8d3          bcc 0x0000946e
0000947C  fef70afc      bl 0x00007c94
00009480  1920          movs r0,#0x19
00009482  3071          strb r0,[r6,#0x4]
00009484  9a20          movs r0,#0x9a
00009486  7071          strb r0,[r6,#0x5]
00009488  0125          movs r5,#0x1
0000948A  63e1          b 0x00009754
0000948C  4d48          ldr r0,[0x000095c4]
0000948E  c271          strb r2,[r0,#0x7]
00009490  1a20          movs r0,#0x1a
00009492  f6e7          b 0x00009482
00009494  8a73          strb r2,[r1,#0xe]
00009496  5220          movs r0,#0x52
00009498  f3e7          b 0x00009482
0000949A  0022          movs r2,#0x0
0000949C  564e          ldr r6,[0x000095f8]
0000949E  1746          mov r7,r2
000094A0  b754          strb r7,[r6,r2]
000094A2  521c          adds r2,r2,#0x1
000094A4  d2b2          uxtb r2,r2
000094A6  0e2a          cmp r2,#0xe
000094A8  fad3          bcc 0x000094a0
000094AA  6422          movs r2,#0x64
000094AC  3270          strb r2,[r6,#0x0]
000094AE  7070          strb r0,[r6,#0x1]
000094B0  2b28          cmp r0,#0x2b
000094B2  77d0          beq 0x000095a4
000094B4  0cdc          bgt 0x000094d0
000094B6  2038          subs r0,#0x20
000094B8  0722          movs r2,#0x7
000094BA  1227          movs r7,#0x12
000094BC  0300          movs r3,r0
000094BE  00f0ddfc      bl 0x00009e7c
000094D0  0222          movs r2,#0x2
000094D2  3128          cmp r0,#0x31
000094D4  67d0          beq 0x000095a6
000094D6  07dc          bgt 0x000094e8
000094D8  2c38          subs r0,#0x2c
000094DA  0300          movs r3,r0
000094DC  00f0cefc      bl 0x00009e7c
000094E8  5028          cmp r0,#0x50
000094EA  5dd0          beq 0x000095a8
000094EC  5128          cmp r0,#0x51
000094EE  5cd0          beq 0x000095aa
000094F0  5328          cmp r0,#0x53
000094F2  5bd0          beq 0x000095ac
000094F4  8028          cmp r0,#0x80
000094F6  c8d1          bne 0x0000948a
000094F8  3248          ldr r0,[0x000095c4]
000094FA  b270          strb r2,[r6,#0x2]
000094FC  818f          ldrh r1,[r0,#0x3c]
000094FE  090a          lsrs r1,r1,#0x8
00009500  f170          strb r1,[r6,#0x3]
00009502  808f          ldrh r0,[r0,#0x3c]
00009504  5de1          b 0x000097c2
000095A4  abe0          b 0x000096fe
000095A6  fbe0          b 0x000097a0
000095A8  cfe0          b 0x0000974a
000095AA  d0e0          b 0x0000974e
000095AC  d1e0          b 0x00009752
000096FE  0f21          movs r1,#0xf
00009700  0903          lsls r1,r1,#0xc
00009702  0020          movs r0,#0x0
00009704  fbf7fcfa      bl 0x00004d00
00009708  4149          ldr r1,[0x00009810]
0000970A  a039          subs r1,#0xa0
0000970C  4866          str r0,[r1,#0x64]
0000970E  0420          movs r0,#0x4
00009710  b070          strb r0,[r6,#0x2]
00009712  486e          ldr r0,[r1,#0x64]
00009714  000e          lsrs r0,r0,#0x18
00009716  f070          strb r0,[r6,#0x3]
00009718  486e          ldr r0,[r1,#0x64]
0000971A  000c          lsrs r0,r0,#0x10
0000971C  3071          strb r0,[r6,#0x4]
0000971E  486e          ldr r0,[r1,#0x64]
00009720  000a          lsrs r0,r0,#0x8
00009722  7071          strb r0,[r6,#0x5]
00009724  486e          ldr r0,[r1,#0x64]
00009726  b071          strb r0,[r6,#0x6]
00009728  17e0          b 0x0000975a
0000974A  0c73          strb r4,[r1,#0xc]
0000974C  02e0          b 0x00009754
0000974E  4c73          strb r4,[r1,#0xd]
00009750  00e0          b 0x00009754
00009752  8c73          strb r4,[r1,#0xe]
00009754  0298          ldr r0,[sp,#0x8]
00009756  0028          cmp r0,#0x0
00009758  46d0          beq 0x000097e8
0000975A  2e4a          ldr r2,[0x00009814]
0000975C  643a          subs r2,#0x64
0000975E  9078          ldrb r0,[r2,#0x2]
00009760  c01c          adds r0,r0,#0x3
00009762  c3b2          uxtb r3,r0
00009764  0021          movs r1,#0x0
00009766  0846          mov r0,r1
00009768  32e0          b 0x000097d0
000097A0  2149          ldr r1,[0x00009828]
000097A2  b270          strb r2,[r6,#0x2]
000097A4  0020          movs r0,#0x0
000097A6  085e          ldrsh r0,[r1,r0]
000097A8  7d21          movs r1,#0x7d
000097AA  c900          lsls r1,r1,#0x3
000097AC  4843          muls r0,r1
000097AE  ff21          movs r1,#0xff
000097B0  1331          adds r1,#0x13
000097B2  f9f755f9      bl 0x00002a60
000097B6  1649          ldr r1,[0x00009810]
000097B8  5c39          subs r1,#0x5c
000097BA  0880          strh r0,[r1,#0x0]
000097BC  4878          ldrb r0,[r1,#0x1]
000097BE  f070          strb r0,[r6,#0x3]
000097C0  0878          ldrb r0,[r1,#0x0]
000097C2  3071          strb r0,[r6,#0x4]
000097C4  c9e7          b 0x0000975a
000097C6  155c          ldrb r5,[r2,r0]
000097C8  6918          adds r1,r5,r1
000097CA  401c          adds r0,r0,#0x1
000097CC  c9b2          uxtb r1,r1
000097CE  c0b2          uxtb r0,r0
000097D0  9842          cmp r0,r3
000097D2  f8d3          bcc 0x000097c6
000097D4  1154          strb r1,[r2,r0]
000097D6  1178          ldrb r1,[r2,#0x0]
000097D8  401c          adds r0,r0,#0x1
000097DA  ff23          movs r3,#0xff
000097DC  c0b2          uxtb r0,r0
000097DE  591a          subs r1,r3,r1
000097E0  1154          strb r1,[r2,r0]
000097E2  401c          adds r0,r0,#0x1
000097E4  c1b2          uxtb r1,r0
000097E6  02e0          b 0x000097ee
000097E8  002d          cmp r5,#0x0
000097EA  07d0          beq 0x000097fc
000097EC  0621          movs r1,#0x6
000097EE  0948          ldr r0,[0x00009814]
000097F0  6438          subs r0,#0x64
000097F2  fff751fc      bl 0x00009098
000097F6  0648          ldr r0,[0x00009810]
000097F8  a038          subs r0,#0xa0
000097FA  8475          strb r4,[r0,#0x16]
000097FC  febd          pop {r1,r2,r3,r4,r5,r6,r7,pc}
0000982C  f8b5          push {r3,r4,r5,r6,r7,lr}
0000982E  0024          movs r4,#0x0
00009830  2646          mov r6,r4
00009832  d348          ldr r0,[0x00009b80]
00009834  fef75cff      bl 0x000086f0
00009838  d24f          ldr r7,[0x00009b84]
0000983A  0022          movs r2,#0x0
0000983C  3d46          mov r5,r7
0000983E  d049          ldr r1,[0x00009b80]
00009840  2035          adds r5,#0x20
00009842  0300          movs r3,r0
00009844  00f01afb      bl 0x00009e7c
00009BB8  f0b5          push {r4,r5,r6,r7,lr}
00009BBA  a3b0          sub sp,#0x8c
00009BBC  8821          movs r1,#0x88
00009BBE  01a8          add r0,sp,#0x4
00009BC0  f8f73eff      bl 0x00002a40
00009BC4  8a48          ldr r0,[0x00009df0]
00009BC6  0025          movs r5,#0x0
00009BC8  0078          ldrb r0,[r0,#0x0]
00009BCA  0127          movs r7,#0x1
00009BCC  894c          ldr r4,[0x00009df4]
00009BCE  2e46          mov r6,r5
00009BD0  0128          cmp r0,#0x1
00009BD2  02d0          beq 0x00009bda
00009BD4  0428          cmp r0,#0x4
00009BD6  7dd0          beq 0x00009cd4
00009BD8  eee0          b 0x00009db8
00009BDA  8648          ldr r0,[0x00009df4]
00009BDC  2038          subs r0,#0x20
00009BDE  c07c          ldrb r0,[r0,#0x13]
00009BE0  0028          cmp r0,#0x0
00009BE2  03d0          beq 0x00009bec
00009BE4  8348          ldr r0,[0x00009df4]
00009BE6  2038          subs r0,#0x20
00009BE8  c674          strb r6,[r0,#0x13]
00009BEA  4775          strb r7,[r0,#0x15]
00009BEC  804b          ldr r3,[0x00009df0]
00009BEE  ff22          movs r2,#0xff
00009BF0  9878          ldrb r0,[r3,#0x2]
00009BF2  5978          ldrb r1,[r3,#0x1]
00009BF4  101a          subs r0,r2,r0
00009BF6  8142          cmp r1,r0
00009BF8  6dd1          bne 0x00009cd6
00009BFA  1846          mov r0,r3
00009BFC  8030          adds r0,#0x80
00009BFE  c178          ldrb r1,[r0,#0x3]
00009C00  0079          ldrb r0,[r0,#0x4]
00009C02  0902          lsls r1,r1,#0x8
00009C04  0818          adds r0,r1,r0
00009C06  81b2          uxth r1,r0
00009C08  0091          str r1,[sp,#0x0]
00009C0A  8021          movs r1,#0x80
00009C0C  d81c          adds r0,r3,#0x3
00009C0E  faf7fffb      bl 0x00004410
00009C12  0099          ldr r1,[sp,#0x0]
00009C14  8142          cmp r1,r0
00009C16  efd1          bne 0x00009bf8
00009C18  764e          ldr r6,[0x00009df4]
00009C1A  0020          movs r0,#0x0
00009C1C  203e          subs r6,#0x20
00009C1E  b077          strb r0,[r6,#0x1e]
00009C20  716d          ldr r1,[r6,#0x54]
00009C22  491c          adds r1,r1,#0x1
00009C24  7165          str r1,[r6,#0x54]
00009C26  a073          strb r0,[r4,#0xe]
00009C28  f06c          ldr r0,[r6,#0x4c]
00009C2A  0028          cmp r0,#0x0
00009C2C  49d1          bne 0x00009cc2
00009C2E  f065          str r0,[r6,#0x5c]
00009C30  0f21          movs r1,#0xf
00009C32  0903          lsls r1,r1,#0xc
00009C34  7167          str r1,[r6,#0x74]
00009C36  e073          strb r0,[r4,#0xf]
00009C38  6d48          ldr r0,[0x00009df0]
00009C3A  c278          ldrb r2,[r0,#0x3]
00009C3C  8179          ldrb r1,[r0,#0x6]
00009C3E  1206          lsls r2,r2,#0x18
00009C40  8918          adds r1,r1,r2
00009C42  0279          ldrb r2,[r0,#0x4]
00009C44  4379          ldrb r3,[r0,#0x5]
00009C46  1204          lsls r2,r2,#0x10
00009C48  1b02          lsls r3,r3,#0x8
00009C4A  d218          adds r2,r2,r3
00009C4C  8918          adds r1,r1,r2
00009C4E  3165          str r1,[r6,#0x50]
00009C50  c179          ldrb r1,[r0,#0x7]
00009C52  027a          ldrb r2,[r0,#0x8]
00009C54  0902          lsls r1,r1,#0x8
00009C56  8918          adds r1,r1,r2
00009C58  f186          strh r1,[r6,#0x36]
00009C5A  427a          ldrb r2,[r0,#0x9]
00009C5C  017b          ldrb r1,[r0,#0xc]
00009C5E  1206          lsls r2,r2,#0x18
00009C60  8918          adds r1,r1,r2
00009C62  827a          ldrb r2,[r0,#0xa]
00009C64  c37a          ldrb r3,[r0,#0xb]
00009C66  1204          lsls r2,r2,#0x10
00009C68  1b02          lsls r3,r3,#0x8
00009C6A  d218          adds r2,r2,r3
00009C6C  8918          adds r1,r1,r2
00009C6E  b165          str r1,[r6,#0x58]
00009C70  417b          ldrb r1,[r0,#0xd]
00009C72  827b          ldrb r2,[r0,#0xe]
00009C74  0902          lsls r1,r1,#0x8
00009C76  8918          adds r1,r1,r2
00009C78  3187          strh r1,[r6,#0x38]
00009C7A  c27b          ldrb r2,[r0,#0xf]
00009C7C  817c          ldrb r1,[r0,#0x12]
00009C7E  1206          lsls r2,r2,#0x18
00009C80  8918          adds r1,r1,r2
00009C82  027c          ldrb r2,[r0,#0x10]
00009C84  437c          ldrb r3,[r0,#0x11]
00009C86  1204          lsls r2,r2,#0x10
00009C88  1b02          lsls r3,r3,#0x8
00009C8A  d218          adds r2,r2,r3
00009C8C  8918          adds r1,r1,r2
00009C8E  3166          str r1,[r6,#0x60]
00009C90  c17c          ldrb r1,[r0,#0x13]
00009C92  027d          ldrb r2,[r0,#0x14]
00009C94  0902          lsls r1,r1,#0x8
00009C96  8918          adds r1,r1,r2
00009C98  7187          strh r1,[r6,#0x3a]
00009C9A  3146          mov r1,r6
00009C9C  427d          ldrb r2,[r0,#0x15]
00009C9E  8431          adds r1,#0x84
00009CA0  0a70          strb r2,[r1,#0x0]
00009CA2  827d          ldrb r2,[r0,#0x16]
00009CA4  4a70          strb r2,[r1,#0x1]
00009CA6  c27d          ldrb r2,[r0,#0x17]
00009CA8  8a70          strb r2,[r1,#0x2]
00009CAA  027e          ldrb r2,[r0,#0x18]
00009CAC  ca70          strb r2,[r1,#0x3]
00009CAE  407e          ldrb r0,[r0,#0x19]
00009CB0  0871          strb r0,[r1,#0x4]
00009CB2  306e          ldr r0,[r6,#0x60]
00009CB4  0028          cmp r0,#0x0
00009CB6  04d0          beq 0x00009cc2
00009CB8  b774          strb r7,[r6,#0x12]
00009CBA  7775          strb r7,[r6,#0x15]
00009CBC  f06c          ldr r0,[r6,#0x4c]
00009CBE  401c          adds r0,r0,#0x1
00009CC0  f064          str r0,[r6,#0x4c]
00009CC2  707d          ldrb r0,[r6,#0x15]
00009CC4  0028          cmp r0,#0x0
00009CC6  0dd0          beq 0x00009ce4
00009CC8  b08e          ldrh r0,[r6,#0x34]
00009CCA  401c          adds r0,r0,#0x1
00009CCC  b086          strh r0,[r6,#0x34]
00009CCE  b08e          ldrh r0,[r6,#0x34]
00009CD0  1028          cmp r0,#0x10
00009CD2  01e0          b 0x00009cd8
00009CD4  64e0          b 0x00009da0
00009CD6  5de0          b 0x00009d94
00009CD8  6ed3          bcc 0x00009db8
00009CDA  4548          ldr r0,[0x00009df0]
00009CDC  4078          ldrb r0,[r0,#0x1]
00009CDE  1028          cmp r0,#0x10
00009CE0  43d0          beq 0x00009d6a
00009CE2  69e0          b 0x00009db8
00009CE4  b06d          ldr r0,[r6,#0x58]
00009CE6  3721          movs r1,#0x37
00009CE8  c902          lsls r1,r1,#0xb
00009CEA  8842          cmp r0,r1
00009CEC  49d8          bhi 0x00009d82
00009CEE  4248          ldr r0,[0x00009df8]
00009CF0  0078          ldrb r0,[r0,#0x0]
00009CF2  0128          cmp r0,#0x1
00009CF4  03d1          bne 0x00009cfe
00009CF6  4148          ldr r0,[0x00009dfc]
00009CF8  0078          ldrb r0,[r0,#0x0]
00009CFA  0028          cmp r0,#0x0
00009CFC  29d0          beq 0x00009d52
00009CFE  3c49          ldr r1,[0x00009df0]
00009D00  e27b          ldrb r2,[r4,#0xf]
00009D02  4878          ldrb r0,[r1,#0x1]
00009D04  1923          movs r3,#0x19
00009D06  551c          adds r5,r2,#0x1
00009D08  db02          lsls r3,r3,#0xb
00009D0A  a842          cmp r0,r5
00009D0C  23d1          bne 0x00009d56
00009D0E  f56d          ldr r5,[r6,#0x5c]
00009D10  1835          adds r5,#0x18
00009D12  9d42          cmp r5,r3
00009D14  1fd8          bhi 0x00009d56
00009D16  e073          strb r0,[r4,#0xf]
00009D18  f06c          ldr r0,[r6,#0x4c]
00009D1A  1028          cmp r0,#0x10
00009D1C  16d3          bcc 0x00009d4c
00009D1E  b06d          ldr r0,[r6,#0x58]
00009D20  f26c          ldr r2,[r6,#0x4c]
00009D22  c009          lsrs r0,r0,#0x7
00009D24  1030          adds r0,#0x10
00009D26  9042          cmp r0,r2
00009D28  10d9          bls 0x00009d4c
00009D2A  8022          movs r2,#0x80
00009D2C  c91c          adds r1,r1,#0x3
00009D2E  706f          ldr r0,[r6,#0x74]
00009D30  fbf7bcf8      bl 0x00004eac
00009D34  0f21          movs r1,#0xf
00009D36  706f          ldr r0,[r6,#0x74]
00009D38  0903          lsls r1,r1,#0xc
00009D3A  8842          cmp r0,r1
00009D3C  04d1          bne 0x00009d48
00009D3E  0968          ldr r1,[r1,#0x0]
00009D40  f165          str r1,[r6,#0x5c]
00009D42  f16d          ldr r1,[r6,#0x5c]
00009D44  1831          adds r1,#0x18
00009D46  f165          str r1,[r6,#0x5c]
00009D48  8030          adds r0,#0x80
00009D4A  7067          str r0,[r6,#0x74]
00009D4C  f06c          ldr r0,[r6,#0x4c]
00009D4E  401c          adds r0,r0,#0x1
00009D50  f064          str r0,[r6,#0x4c]
00009D52  0620          movs r0,#0x6
00009D54  10e0          b 0x00009d78
00009D56  9042          cmp r0,r2
00009D58  fbd0          beq 0x00009d52
00009D5A  f06d          ldr r0,[r6,#0x5c]
00009D5C  9842          cmp r0,r3
00009D5E  02d9          bls 0x00009d66
00009D60  0020          movs r0,#0x0
00009D62  a073          strb r0,[r4,#0xe]
00009D64  0de0          b 0x00009d82
00009D66  a773          strb r7,[r4,#0xe]
00009D68  05e0          b 0x00009d76
00009D6A  707c          ldrb r0,[r6,#0x11]
00009D6C  0028          cmp r0,#0x0
00009D6E  23d1          bne 0x00009db8
00009D70  7774          strb r7,[r6,#0x11]
00009D72  3775          strb r7,[r6,#0x14]
00009D74  20e0          b 0x00009db8
00009D76  1520          movs r0,#0x15
00009D78  6946          mov r1,sp
00009D7A  0871          strb r0,[r1,#0x4]
00009D7C  0125          movs r5,#0x1
00009D7E  1be0          b 0x00009db8
00009D80  a673          strb r6,[r4,#0xe]
00009D82  1820          movs r0,#0x18
00009D84  6946          mov r1,sp
00009D86  0871          strb r0,[r1,#0x4]
00009D88  4871          strb r0,[r1,#0x5]
00009D8A  8871          strb r0,[r1,#0x6]
00009D8C  0325          movs r5,#0x3
00009D8E  faf78dff      bl 0x00004cac
00009D92  11e0          b 0x00009db8
00009D94  a07b          ldrb r0,[r4,#0xe]
00009D96  411c          adds r1,r0,#0x1
00009D98  a173          strb r1,[r4,#0xe]
00009D9A  1128          cmp r0,#0x11
00009D9C  f0d2          bcs 0x00009d80
00009D9E  eae7          b 0x00009d76
00009DA0  1548          ldr r0,[0x00009df8]
00009DA2  0178          ldrb r1,[r0,#0x0]
00009DA4  0029          cmp r1,#0x0
00009DA6  02d0          beq 0x00009dae
00009DA8  1449          ldr r1,[0x00009dfc]
00009DAA  0f70          strb r7,[r1,#0x0]
00009DAC  0670          strb r6,[r0,#0x0]
00009DAE  0620          movs r0,#0x6
00009DB0  6946          mov r1,sp
00009DB2  0871          strb r0,[r1,#0x4]
00009DB4  0125          movs r5,#0x1
00009DB6  e673          strb r6,[r4,#0xf]
00009DB8  0e48          ldr r0,[0x00009df4]
00009DBA  2038          subs r0,#0x20
00009DBC  417d          ldrb r1,[r0,#0x15]
00009DBE  0129          cmp r1,#0x1
00009DC0  07d0          beq 0x00009dd2
00009DC2  002d          cmp r5,#0x0
00009DC4  03d0          beq 0x00009dce
00009DC6  2946          mov r1,r5
00009DC8  01a8          add r0,sp,#0x4
00009DCA  fff765f9      bl 0x00009098
00009DCE  23b0          add sp,#0x8c
00009DD0  f0bd          pop {r4,r5,r6,r7,pc}
00009DD2  017c          ldrb r1,[r0,#0x10]
00009DD4  0020          movs r0,#0x0
00009DD6  01ab          add r3,sp,#0x4
00009DD8  054a          ldr r2,[0x00009df0]
00009DDA  03e0          b 0x00009de4
00009DDC  145c          ldrb r4,[r2,r0]
00009DDE  1c54          strb r4,[r3,r0]
00009DE0  401c          adds r0,r0,#0x1
00009DE2  80b2          uxth r0,r0
00009DE4  8842          cmp r0,r1
00009DE6  f9d3          bcc 0x00009ddc
00009DE8  1846          mov r0,r3
00009DEA  fff7b9f9      bl 0x00009160
00009DEE  eee7          b 0x00009dce
00009E00  0021          movs r1,#0x0
00009E02  104a          ldr r2,[0x00009e44]
00009E04  0846          mov r0,r1
00009E06  4300          lsls r3,r0,#0x1
00009E08  d35e          ldrsh r3,[r2,r3]
00009E0A  401c          adds r0,r0,#0x1
00009E0C  5918          adds r1,r3,r1
00009E0E  c0b2          uxtb r0,r0
00009E10  0428          cmp r0,#0x4
00009E12  f8d3          bcc 0x00009e06
00009E14  8811          asrs r0,r1,#0x6
00009E16  00d5          bpl 0x00009e1a
00009E18  0020          movs r0,#0x0
00009E1A  0b49          ldr r1,[0x00009e48]
00009E1C  0881          strh r0,[r1,#0x8]
00009E1E  0889          ldrh r0,[r1,#0x8]
00009E20  0a4a          ldr r2,[0x00009e4c]
00009E22  9042          cmp r0,r2
00009E24  03d9          bls 0x00009e2e
00009E26  0020          movs r0,#0x0
00009E28  0871          strb r0,[r1,#0x4]
00009E2A  4871          strb r0,[r1,#0x5]
00009E2C  7047          bx lr
00009E2E  4879          ldrb r0,[r1,#0x5]
00009E30  401c          adds r0,r0,#0x1
00009E32  c0b2          uxtb r0,r0
00009E34  4871          strb r0,[r1,#0x5]
00009E36  0a28          cmp r0,#0xa
00009E38  f8d9          bls 0x00009e2c
00009E3A  0a20          movs r0,#0xa
00009E3C  4871          strb r0,[r1,#0x5]
00009E3E  0120          movs r0,#0x1
00009E40  0871          strb r0,[r1,#0x4]
00009E42  7047          bx lr
00009E50  8842          cmp r0,r1
00009E52  06dd          ble 0x00009e62
00009E54  8b18          adds r3,r1,r2
00009E56  8342          cmp r3,r0
00009E58  01da          bge 0x00009e5e
00009E5A  801a          subs r0,r0,r2
00009E5C  7047          bx lr
00009E5E  0846          mov r0,r1
00009E60  7047          bx lr
00009E62  8842          cmp r0,r1
00009E64  fbda          bge 0x00009e5e
00009E66  8018          adds r0,r0,r2
00009E68  8842          cmp r0,r1
00009E6A  f8da          bge 0x00009e5e
00009E6C  7047          bx lr
00009E6E  8842          cmp r0,r1
00009E70  00da          bge 0x00009e74
00009E72  0846          mov r0,r1
00009E74  9042          cmp r0,r2
00009E76  00dd          ble 0x00009e7a
00009E78  1046          mov r0,r2
00009E7A  7047          bx lr
00009E7C  30b4          push {r4,r5}
00009E7E  7446          mov r4,lr
00009E80  641e          subs r4,r4,#0x1
00009E82  2578          ldrb r5,[r4,#0x0]
00009E84  641c          adds r4,r4,#0x1
00009E86  ab42          cmp r3,r5
00009E88  00d2          bcs 0x00009e8c
00009E8A  1d46          mov r5,r3
00009E8C  635d          ldrb r3,[r4,r5]
00009E8E  5b00          lsls r3,r3,#0x1
00009E90  e318          adds r3,r4,r3
00009E92  30bc          pop {r4,r5}
00009E94  1847          bx r3
00009E98  0028          cmp r0,#0x0
00009E9A  05db          blt 0x00009ea8
00009E9C  c106          lsls r1,r0,#0x1b
00009E9E  c90e          lsrs r1,r1,#0x1b
00009EA0  0120          movs r0,#0x1
00009EA2  8840          lsls r0,r1
00009EA4  0149          ldr r1,[0x00009eac]
00009EA6  0860          str r0,[r1,#0x0]
00009EA8  7047          bx lr
00009ED0  0028          cmp r0,#0x0
00009ED2  09db          blt 0x00009ee8
00009ED4  c106          lsls r1,r0,#0x1b
00009ED6  c90e          lsrs r1,r1,#0x1b
00009ED8  0120          movs r0,#0x1
00009EDA  8840          lsls r0,r1
00009EDC  0349          ldr r1,[0x00009eec]
00009EDE  0860          str r0,[r1,#0x0]
00009EE0  bff34f8f      dsb #0xf
00009EE4  bff36f8f      isb #0xf
00009EE8  7047          bx lr
00009EF0  0028          cmp r0,#0x0
00009EF2  05db          blt 0x00009f00
00009EF4  c106          lsls r1,r0,#0x1b
00009EF6  c90e          lsrs r1,r1,#0x1b
00009EF8  0120          movs r0,#0x1
00009EFA  8840          lsls r0,r1
00009EFC  0149          ldr r1,[0x00009f04]
00009EFE  0860          str r0,[r1,#0x0]
00009F00  7047          bx lr
00009F08  8307          lsls r3,r0,#0x1e
00009F0A  ff22          movs r2,#0xff
00009F0C  db0e          lsrs r3,r3,#0x1b
00009F0E  9a40          lsls r2,r3
00009F10  8907          lsls r1,r1,#0x1e
00009F12  090e          lsrs r1,r1,#0x18
00009F14  9940          lsls r1,r3
00009F16  0028          cmp r0,#0x0
00009F18  08db          blt 0x00009f2c
00009F1A  8308          lsrs r3,r0,#0x2
00009F1C  0948          ldr r0,[0x00009f44]
00009F1E  9b00          lsls r3,r3,#0x2
00009F20  1818          adds r0,r3,r0
00009F22  0368          ldr r3,[r0,#0x0]
00009F24  9343          bics r3,r2
00009F26  0b43          orrs r3,r1
00009F28  0360          str r3,[r0,#0x0]
00009F2A  7047          bx lr
00009F2C  0007          lsls r0,r0,#0x1c
00009F2E  000f          lsrs r0,r0,#0x1c
00009F30  0838          subs r0,#0x8
00009F32  8308          lsrs r3,r0,#0x2
00009F34  0448          ldr r0,[0x00009f48]
00009F36  9b00          lsls r3,r3,#0x2
00009F38  1818          adds r0,r3,r0
00009F3A  c369          ldr r3,[r0,#0x1c]
00009F3C  9343          bics r3,r2
00009F3E  0b43          orrs r3,r1
00009F40  c361          str r3,[r0,#0x1c]
00009F42  7047          bx lr
00009F4C  f8b5          push {r3,r4,r5,r6,r7,lr}
00009F4E  0446          mov r4,r0
00009F50  4f1e          subs r7,r1,#0x1
00009F52  c800          lsls r0,r1,#0x3
00009F54  0838          subs r0,#0x8
00009F56  2118          adds r1,r4,r0
00009F58  1546          mov r5,r2
00009F5A  1e46          mov r6,r3
00009F5C  0868          ldr r0,[r1,#0x0]
00009F5E  4968          ldr r1,[r1,#0x4]
00009F60  3a46          mov r2,r7
00009F62  0623          movs r3,#0x6
00009F64  9a43          bics r2,r3
00009F66  10d0          beq 0x00009f8a
00009F68  2a46          mov r2,r5
00009F6A  3346          mov r3,r6
00009F6C  f9f7b8fa      bl 0x000034e0
00009F70  3a46          mov r2,r7
00009F72  d200          lsls r2,r2,#0x3
00009F74  083a          subs r2,#0x8
00009F76  a318          adds r3,r4,r2
00009F78  1a68          ldr r2,[r3,#0x0]
00009F7A  7f1e          subs r7,r7,#0x1
00009F7C  5b68          ldr r3,[r3,#0x4]
00009F7E  f8f7d5ff      bl 0x00002f2c
00009F82  0622          movs r2,#0x6
00009F84  3b46          mov r3,r7
00009F86  9343          bics r3,r2
00009F88  eed1          bne 0x00009f68
00009F8A  022f          cmp r7,#0x2
00009F8C  23d0          beq 0x00009fd6
00009F8E  042f          cmp r7,#0x4
00009F90  11d0          beq 0x00009fb6
00009F92  062f          cmp r7,#0x6
00009F94  2fd1          bne 0x00009ff6
00009F96  2a46          mov r2,r5
00009F98  3346          mov r3,r6
00009F9A  f9f7a1fa      bl 0x000034e0
00009F9E  e36a          ldr r3,[r4,#0x2c]
00009FA0  a26a          ldr r2,[r4,#0x28]
00009FA2  f8f7c3ff      bl 0x00002f2c
00009FA6  2a46          mov r2,r5
00009FA8  3346          mov r3,r6
00009FAA  f9f799fa      bl 0x000034e0
00009FAE  636a          ldr r3,[r4,#0x24]
00009FB0  226a          ldr r2,[r4,#0x20]
00009FB2  f8f7bbff      bl 0x00002f2c
00009FB6  2a46          mov r2,r5
00009FB8  3346          mov r3,r6
00009FBA  f9f791fa      bl 0x000034e0
00009FBE  e369          ldr r3,[r4,#0x1c]
00009FC0  a269          ldr r2,[r4,#0x18]
00009FC2  f8f7b3ff      bl 0x00002f2c
00009FC6  2a46          mov r2,r5
00009FC8  3346          mov r3,r6
00009FCA  f9f789fa      bl 0x000034e0
00009FCE  6369          ldr r3,[r4,#0x14]
00009FD0  2269          ldr r2,[r4,#0x10]
00009FD2  f8f7abff      bl 0x00002f2c
00009FD6  2a46          mov r2,r5
00009FD8  3346          mov r3,r6
00009FDA  f9f781fa      bl 0x000034e0
00009FDE  e368          ldr r3,[r4,#0xc]
00009FE0  a268          ldr r2,[r4,#0x8]
00009FE2  f8f7a3ff      bl 0x00002f2c
00009FE6  2a46          mov r2,r5
00009FE8  3346          mov r3,r6
00009FEA  f9f779fa      bl 0x000034e0
00009FEE  6368          ldr r3,[r4,#0x4]
00009FF0  2268          ldr r2,[r4,#0x0]
00009FF2  f8f79bff      bl 0x00002f2c
00009FF6  f8bd          pop {r3,r4,r5,r6,r7,pc}
00009FF8  0022          movs r2,#0x0
00009FFA  10b5          push {r4,lr}
00009FFC  1346          mov r3,r2
00009FFE  1046          mov r0,r2
0000A000  0149          ldr r1,[0x0000a008]
0000A002  f8f7c3ff      bl 0x00002f8c
0000A006  10bd          pop {r4,pc}
0000A00C  10b5          push {r4,lr}
0000A00E  0122          movs r2,#0x1
0000A010  f9f7c4fc      bl 0x0000399c
0000A014  10bd          pop {r4,pc}
0000A016  0022          movs r2,#0x0
0000A018  10b5          push {r4,lr}
0000A01A  1346          mov r3,r2
0000A01C  1046          mov r0,r2
0000A01E  1146          mov r1,r2
0000A020  f8f7b4ff      bl 0x00002f8c
0000A024  10bd          pop {r4,pc}
0000A026  70b5          push {r4,r5,r6,lr}
0000A028  0023          movs r3,#0x0
0000A02A  0022          movs r2,#0x0
0000A02C  9c00          lsls r4,r3,#0x2
0000A02E  2418          adds r4,r4,r0
0000A030  9600          lsls r6,r2,#0x2
0000A032  7618          adds r6,r6,r1
0000A034  a55c          ldrb r5,[r4,r2]
0000A036  f65c          ldrb r6,[r6,r3]
0000A038  7540          eors r5,r6
0000A03A  a554          strb r5,[r4,r2]
0000A03C  521c          adds r2,r2,#0x1
0000A03E  d2b2          uxtb r2,r2
0000A040  042a          cmp r2,#0x4
0000A042  f5d3          bcc 0x0000a030
0000A044  5b1c          adds r3,r3,#0x1
0000A046  dbb2          uxtb r3,r3
0000A048  042b          cmp r3,#0x4
0000A04A  eed3          bcc 0x0000a02a
0000A04C  70bd          pop {r4,r5,r6,pc}
0000A04E  f0b5          push {r4,r5,r6,r7,lr}
0000A050  1646          mov r6,r2
0000A052  0a46          mov r2,r1
0000A054  adb0          sub sp,#0xb4
0000A056  0746          mov r7,r0
0000A058  6946          mov r1,sp
0000A05A  1046          mov r0,r2
0000A05C  00f0b2f8      bl 0x0000a1c4
0000A060  6d46          mov r5,sp
0000A062  002e          cmp r6,#0x0
0000A064  1cd0          beq 0x0000a0a0
0000A066  2946          mov r1,r5
0000A068  3846          mov r0,r7
0000A06A  fff7dcff      bl 0x0000a026
0000A06E  0124          movs r4,#0x1
0000A070  3146          mov r1,r6
0000A072  3846          mov r0,r7
0000A074  00f0b8fc      bl 0x0000a9e8
0000A078  3146          mov r1,r6
0000A07A  3846          mov r0,r7
0000A07C  00f090fc      bl 0x0000a9a0
0000A080  0a2c          cmp r4,#0xa
0000A082  03d0          beq 0x0000a08c
0000A084  3146          mov r1,r6
0000A086  3846          mov r0,r7
0000A088  00f0e2fb      bl 0x0000a850
0000A08C  2001          lsls r0,r4,#0x4
0000A08E  4119          adds r1,r0,r5
0000A090  3846          mov r0,r7
0000A092  fff7c8ff      bl 0x0000a026
0000A096  641c          adds r4,r4,#0x1
0000A098  0a2c          cmp r4,#0xa
0000A09A  e9dd          ble 0x0000a070
0000A09C  2db0          add sp,#0xb4
0000A09E  f0bd          pop {r4,r5,r6,r7,pc}
0000A0A0  2946          mov r1,r5
0000A0A2  a031          adds r1,#0xa0
0000A0A4  3846          mov r0,r7
0000A0A6  fff7beff      bl 0x0000a026
0000A0AA  0924          movs r4,#0x9
0000A0AC  3146          mov r1,r6
0000A0AE  3846          mov r0,r7
0000A0B0  00f076fc      bl 0x0000a9a0
0000A0B4  3146          mov r1,r6
0000A0B6  3846          mov r0,r7
0000A0B8  00f096fc      bl 0x0000a9e8
0000A0BC  2001          lsls r0,r4,#0x4
0000A0BE  4119          adds r1,r0,r5
0000A0C0  3846          mov r0,r7
0000A0C2  fff7b0ff      bl 0x0000a026
0000A0C6  002c          cmp r4,#0x0
0000A0C8  03d0          beq 0x0000a0d2
0000A0CA  3146          mov r1,r6
0000A0CC  3846          mov r0,r7
0000A0CE  00f0bffb      bl 0x0000a850
0000A0D2  641e          subs r4,r4,#0x1
0000A0D4  ead5          bpl 0x0000a0ac
0000A0D6  e1e7          b 0x0000a09c
0000A0D8  f0b5          push {r4,r5,r6,r7,lr}
0000A0DA  0446          mov r4,r0
0000A0DC  0846          mov r0,r1
0000A0DE  0822          movs r2,#0x8
0000A0E0  0e46          mov r6,r1
0000A0E2  1040          ands r0,r2
0000A0E4  0422          movs r2,#0x4
0000A0E6  0d46          mov r5,r1
0000A0E8  1640          ands r6,r2
0000A0EA  cf07          lsls r7,r1,#0x1f
0000A0EC  0222          movs r2,#0x2
0000A0EE  1540          ands r5,r2
0000A0F0  ff21          movs r1,#0xff
0000A0F2  ff0f          lsrs r7,r7,#0x1f
0000A0F4  0022          movs r2,#0x0
0000A0F6  1c31          adds r1,#0x1c
0000A0F8  0028          cmp r0,#0x0
0000A0FA  0cd0          beq 0x0000a116
0000A0FC  2046          mov r0,r4
0000A0FE  0123          movs r3,#0x1
0000A100  4004          lsls r0,r0,#0x11
0000A102  000c          lsrs r0,r0,#0x10
0000A104  ff28          cmp r0,#0xff
0000A106  00d9          bls 0x0000a10a
0000A108  4840          eors r0,r1
0000A10A  5b1c          adds r3,r3,#0x1
0000A10C  dbb2          uxtb r3,r3
0000A10E  032b          cmp r3,#0x3
0000A110  f6d9          bls 0x0000a100
0000A112  c0b2          uxtb r0,r0
0000A114  4240          eors r2,r0
0000A116  002e          cmp r6,#0x0
0000A118  0cd0          beq 0x0000a134
0000A11A  2046          mov r0,r4
0000A11C  0123          movs r3,#0x1
0000A11E  4004          lsls r0,r0,#0x11
0000A120  000c          lsrs r0,r0,#0x10
0000A122  ff28          cmp r0,#0xff
0000A124  00d9          bls 0x0000a128
0000A126  4840          eors r0,r1
0000A128  5b1c          adds r3,r3,#0x1
0000A12A  dbb2          uxtb r3,r3
0000A12C  022b          cmp r3,#0x2
0000A12E  f6d9          bls 0x0000a11e
0000A130  c0b2          uxtb r0,r0
0000A132  4240          eors r2,r0
0000A134  002d          cmp r5,#0x0
0000A136  05d0          beq 0x0000a144
0000A138  6000          lsls r0,r4,#0x1
0000A13A  ff28          cmp r0,#0xff
0000A13C  00d9          bls 0x0000a140
0000A13E  4840          eors r0,r1
0000A140  c0b2          uxtb r0,r0
0000A142  4240          eors r2,r0
0000A144  002f          cmp r7,#0x0
0000A146  00d0          beq 0x0000a14a
0000A148  6240          eors r2,r4
0000A14A  1046          mov r0,r2
0000A14C  f0bd          pop {r4,r5,r6,r7,pc}
0000A150  0549          ldr r1,[0x0000a168]
0000A152  0a68          ldr r2,[r1,#0x0]
0000A154  0423          movs r3,#0x4
0000A156  1a43          orrs r2,r3
0000A158  0a60          str r2,[r1,#0x0]
0000A15A  4860          str r0,[r1,#0x4]
0000A15C  0a69          ldr r2,[r1,#0x10]
0000A15E  0348          ldr r0,[0x0000a16c]
0000A160  0280          strh r2,[r0,#0x0]
0000A162  4969          ldr r1,[r1,#0x14]
0000A164  4180          strh r1,[r0,#0x2]
0000A166  7047          bx lr
0000A170  f3b5          push {r0,r1,r4,r5,r6,r7,lr}
0000A172  0446          mov r4,r0
0000A174  0169          ldr r1,[r0,#0x10]
0000A176  81b0          sub sp,#0x4
0000A178  0068          ldr r0,[r0,#0x0]
0000A17A  00f0f3fc      bl 0x0000ab64
0000A17E  6060          str r0,[r4,#0x4]
0000A180  0546          mov r5,r0
0000A182  6169          ldr r1,[r4,#0x14]
0000A184  00f0eefc      bl 0x0000ab64
0000A188  0146          mov r1,r0
0000A18A  2846          mov r0,r5
0000A18C  f9f7f6fa      bl 0x0000377c
0000A190  e060          str r0,[r4,#0xc]
0000A192  a768          ldr r7,[r4,#0x8]
0000A194  0646          mov r6,r0
0000A196  3946          mov r1,r7
0000A198  0298          ldr r0,[sp,#0x8]
0000A19A  00f081fd      bl 0x0000aca0
0000A19E  3146          mov r1,r6
0000A1A0  00f026fd      bl 0x0000abf0
0000A1A4  3946          mov r1,r7
0000A1A6  00f0ddfc      bl 0x0000ab64
0000A1AA  0746          mov r7,r0
0000A1AC  a060          str r0,[r4,#0x8]
0000A1AE  7f20          movs r0,#0x7f
0000A1B0  3146          mov r1,r6
0000A1B2  c005          lsls r0,r0,#0x17
0000A1B4  00f074fd      bl 0x0000aca0
0000A1B8  2946          mov r1,r5
0000A1BA  00f019fd      bl 0x0000abf0
0000A1BE  2060          str r0,[r4,#0x0]
0000A1C0  3846          mov r0,r7
0000A1C2  febd          pop {r1,r2,r3,r4,r5,r6,r7,pc}
0000A1C4  f8b5          push {r3,r4,r5,r6,r7,lr}
0000A1C6  8e46          mov lr,r1
0000A1C8  0022          movs r2,#0x0
0000A1CA  0021          movs r1,#0x0
0000A1CC  9300          lsls r3,r2,#0x2
0000A1CE  7344          add r3,lr
0000A1D0  8c00          lsls r4,r1,#0x2
0000A1D2  2418          adds r4,r4,r0
0000A1D4  a45c          ldrb r4,[r4,r2]
0000A1D6  5c54          strb r4,[r3,r1]
0000A1D8  491c          adds r1,r1,#0x1
0000A1DA  c9b2          uxtb r1,r1
0000A1DC  0429          cmp r1,#0x4
0000A1DE  f7d3          bcc 0x0000a1d0
0000A1E0  521c          adds r2,r2,#0x1
0000A1E2  d2b2          uxtb r2,r2
0000A1E4  042a          cmp r2,#0x4
0000A1E6  f0d3          bcc 0x0000a1ca
0000A1E8  0124          movs r4,#0x1
0000A1EA  2101          lsls r1,r4,#0x4
0000A1EC  7046          mov r0,lr
0000A1EE  0d18          adds r5,r1,r0
0000A1F0  0022          movs r2,#0x0
0000A1F2  2b46          mov r3,r5
0000A1F4  203b          subs r3,#0x20
0000A1F6  24e0          b 0x0000a242
0000A1F8  002a          cmp r2,#0x0
0000A1FA  22d0          beq 0x0000a242
0000A1FC  9000          lsls r0,r2,#0x2
0000A1FE  2818          adds r0,r5,r0
0000A200  2038          subs r0,#0x20
0000A202  017f          ldrb r1,[r0,#0x1c]
0000A204  6e46          mov r6,sp
0000A206  3170          strb r1,[r6,#0x0]
0000A208  417f          ldrb r1,[r0,#0x1d]
0000A20A  7170          strb r1,[r6,#0x1]
0000A20C  817f          ldrb r1,[r0,#0x1e]
0000A20E  b170          strb r1,[r6,#0x2]
0000A210  c07f          ldrb r0,[r0,#0x1f]
0000A212  f070          strb r0,[r6,#0x3]
0000A214  0020          movs r0,#0x0
0000A216  9100          lsls r1,r2,#0x2
0000A218  6e18          adds r6,r5,r1
0000A21A  3118          adds r1,r6,r0
0000A21C  2039          subs r1,#0x20
0000A21E  0f7c          ldrb r7,[r1,#0x10]
0000A220  6946          mov r1,sp
0000A222  095c          ldrb r1,[r1,r0]
0000A224  4f40          eors r7,r1
0000A226  3754          strb r7,[r6,r0]
0000A228  401c          adds r0,r0,#0x1
0000A22A  c0b2          uxtb r0,r0
0000A22C  0428          cmp r0,#0x4
0000A22E  f4d3          bcc 0x0000a21a
0000A230  521c          adds r2,r2,#0x1
0000A232  d2b2          uxtb r2,r2
0000A234  042a          cmp r2,#0x4
0000A236  dfd3          bcc 0x0000a1f8
0000A238  641c          adds r4,r4,#0x1
0000A23A  e4b2          uxtb r4,r4
0000A23C  0b2c          cmp r4,#0xb
0000A23E  d4d3          bcc 0x0000a1ea
0000A240  f8bd          pop {r3,r4,r5,r6,r7,pc}
0000A242  587f          ldrb r0,[r3,#0x1d]
0000A244  6946          mov r1,sp
0000A246  0870          strb r0,[r1,#0x0]
0000A248  987f          ldrb r0,[r3,#0x1e]
0000A24A  4870          strb r0,[r1,#0x1]
0000A24C  d87f          ldrb r0,[r3,#0x1f]
0000A24E  8870          strb r0,[r1,#0x2]
0000A250  187f          ldrb r0,[r3,#0x1c]
0000A252  c870          strb r0,[r1,#0x3]
0000A254  0f4e          ldr r6,[0x0000a294]
0000A256  0020          movs r0,#0x0
0000A258  3119          adds r1,r6,r4
0000A25A  0d4f          ldr r7,[0x0000a290]
0000A25C  2039          subs r1,#0x20
0000A25E  8c46          mov r12,r1
0000A260  6e46          mov r6,sp
0000A262  365c          ldrb r6,[r6,r0]
0000A264  3109          lsrs r1,r6,#0x4
0000A266  3607          lsls r6,r6,#0x1c
0000A268  0901          lsls r1,r1,#0x4
0000A26A  360f          lsrs r6,r6,#0x1c
0000A26C  c919          adds r1,r1,r7
0000A26E  895d          ldrb r1,[r1,r6]
0000A270  6e46          mov r6,sp
0000A272  3154          strb r1,[r6,r0]
0000A274  0028          cmp r0,#0x0
0000A276  05d1          bne 0x0000a284
0000A278  6146          mov r1,r12
0000A27A  3678          ldrb r6,[r6,#0x0]
0000A27C  c97f          ldrb r1,[r1,#0x1f]
0000A27E  4e40          eors r6,r1
0000A280  6946          mov r1,sp
0000A282  0e70          strb r6,[r1,#0x0]
0000A284  401c          adds r0,r0,#0x1
0000A286  c0b2          uxtb r0,r0
0000A288  0428          cmp r0,#0x4
0000A28A  e9d3          bcc 0x0000a260
0000A28C  c2e7          b 0x0000a214
0000A298  f0b5          push {r4,r5,r6,r7,lr}
0000A29A  c54a          ldr r2,[0x0000a5b0]
0000A29C  0024          movs r4,#0x0
0000A29E  8fb0          sub sp,#0x3c
0000A2A0  9142          cmp r1,r2
0000A2A2  0ada          bge 0x0000a2ba
0000A2A4  4b00          lsls r3,r1,#0x1
0000A2A6  5b08          lsrs r3,r3,#0x1
0000A2A8  9342          cmp r3,r2
0000A2AA  06d8          bhi 0x0000a2ba
0000A2AC  0125          movs r5,#0x1
0000A2AE  4a00          lsls r2,r1,#0x1
0000A2B0  6d05          lsls r5,r5,#0x15
0000A2B2  ea42          cmn r2,r5
0000A2B4  05d1          bne 0x0000a2c2
0000A2B6  0028          cmp r0,#0x0
0000A2B8  03d0          beq 0x0000a2c2
0000A2BA  fff7a7fe      bl 0x0000a00c
0000A2BE  0fb0          add sp,#0x3c
0000A2C0  f0bd          pop {r4,r5,r6,r7,pc}
0000A2C2  0125          movs r5,#0x1
0000A2C4  2d05          lsls r5,r5,#0x14
0000A2C6  a942          cmp r1,r5
0000A2C8  19da          bge 0x0000a2fe
0000A2CA  0343          orrs r3,r0
0000A2CC  08d0          beq 0x0000a2e0
0000A2CE  0029          cmp r1,#0x0
0000A2D0  10da          bge 0x0000a2f4
0000A2D2  0120          movs r0,#0x1
0000A2D4  f9f75cfb      bl 0x00003990
0000A2D8  fff79dfe      bl 0x0000a016
0000A2DC  0fb0          add sp,#0x3c
0000A2DE  f0bd          pop {r4,r5,r6,r7,pc}
0000A2E0  0220          movs r0,#0x2
0000A2E2  f9f755fb      bl 0x00003990
0000A2E6  fff787fe      bl 0x00009ff8
0000A2EA  0122          movs r2,#0x1
0000A2EC  d207          lsls r2,r2,#0x1f
0000A2EE  5140          eors r1,r2
0000A2F0  0fb0          add sp,#0x3c
0000A2F2  f0bd          pop {r4,r5,r6,r7,pc}
0000A2F4  3524          movs r4,#0x35
0000A2F6  e443          mvns r4,r4
0000A2F8  3622          movs r2,#0x36
0000A2FA  f9f74ffb      bl 0x0000399c
0000A2FE  0a15          asrs r2,r1,#0x14
0000A300  ac4b          ldr r3,[0x0000a5b4]
0000A302  1219          adds r2,r2,r4
0000A304  d418          adds r4,r2,r3
0000A306  0a03          lsls r2,r1,#0xc
0000A308  120b          lsrs r2,r2,#0xc
0000A30A  ab49          ldr r1,[0x0000a5b8]
0000A30C  ab4b          ldr r3,[0x0000a5bc]
0000A30E  5618          adds r6,r2,r1
0000A310  2e40          ands r6,r5
0000A312  3146          mov r1,r6
0000A314  5940          eors r1,r3
0000A316  1143          orrs r1,r2
0000A318  0192          str r2,[sp,#0x4]
0000A31A  3215          asrs r2,r6,#0x14
0000A31C  1219          adds r2,r2,r4
0000A31E  0b92          str r2,[sp,#0x2c]
0000A320  0022          movs r2,#0x0
0000A322  f8f710fe      bl 0x00002f46
0000A326  019a          ldr r2,[sp,#0x4]
0000A328  0446          mov r4,r0
0000A32A  921c          adds r2,r2,#0x2
0000A32C  1003          lsls r0,r2,#0xc
0000A32E  a44e          ldr r6,[0x0000a5c0]
0000A330  000b          lsrs r0,r0,#0xc
0000A332  0d46          mov r5,r1
0000A334  7e44          add r6,pc
0000A336  0328          cmp r0,#0x3
0000A338  60d2          bcs 0x0000a3fc
0000A33A  2046          mov r0,r4
0000A33C  7368          ldr r3,[r6,#0x4]
0000A33E  3268          ldr r2,[r6,#0x0]
0000A340  00f0defb      bl 0x0000ab00
0000A344  1cd1          bne 0x0000a380
0000A346  0b98          ldr r0,[sp,#0x2c]
0000A348  0028          cmp r0,#0x0
0000A34A  15d0          beq 0x0000a378
0000A34C  f9f7bdf8      bl 0x000034ca
0000A350  0446          mov r4,r0
0000A352  0e46          mov r6,r1
0000A354  9b4a          ldr r2,[0x0000a5c4]
0000A356  9c4b          ldr r3,[0x0000a5c8]
0000A358  f9f7c2f8      bl 0x000034e0
0000A35C  0d46          mov r5,r1
0000A35E  0746          mov r7,r0
0000A360  9a4a          ldr r2,[0x0000a5cc]
0000A362  9b4b          ldr r3,[0x0000a5d0]
0000A364  2046          mov r0,r4
0000A366  3146          mov r1,r6
0000A368  f9f7baf8      bl 0x000034e0
0000A36C  3a46          mov r2,r7
0000A36E  2b46          mov r3,r5
0000A370  f8f7dcfd      bl 0x00002f2c
0000A374  0fb0          add sp,#0x3c
0000A376  f0bd          pop {r4,r5,r6,r7,pc}
0000A378  7168          ldr r1,[r6,#0x4]
0000A37A  3068          ldr r0,[r6,#0x0]
0000A37C  0fb0          add sp,#0x3c
0000A37E  f0bd          pop {r4,r5,r6,r7,pc}
0000A380  944a          ldr r2,[0x0000a5d4]
0000A382  954b          ldr r3,[0x0000a5d8]
0000A384  2046          mov r0,r4
0000A386  2946          mov r1,r5
0000A388  f9f7aaf8      bl 0x000034e0
0000A38C  0022          movs r2,#0x0
0000A38E  934b          ldr r3,[0x0000a5dc]
0000A390  f8f7e4fd      bl 0x00002f5c
0000A394  0646          mov r6,r0
0000A396  0f46          mov r7,r1
0000A398  2246          mov r2,r4
0000A39A  2b46          mov r3,r5
0000A39C  1046          mov r0,r2
0000A39E  1946          mov r1,r3
0000A3A0  f9f79ef8      bl 0x000034e0
0000A3A4  3246          mov r2,r6
0000A3A6  3b46          mov r3,r7
0000A3A8  f9f79af8      bl 0x000034e0
0000A3AC  0646          mov r6,r0
0000A3AE  0b98          ldr r0,[sp,#0x2c]
0000A3B0  0f46          mov r7,r1
0000A3B2  0028          cmp r0,#0x0
0000A3B4  1dd0          beq 0x0000a3f2
0000A3B6  f9f788f8      bl 0x000034ca
0000A3BA  824a          ldr r2,[0x0000a5c4]
0000A3BC  824b          ldr r3,[0x0000a5c8]
0000A3BE  0591          str r1,[sp,#0x14]
0000A3C0  0490          str r0,[sp,#0x10]
0000A3C2  f9f78df8      bl 0x000034e0
0000A3C6  3246          mov r2,r6
0000A3C8  3b46          mov r3,r7
0000A3CA  f8f7c7fd      bl 0x00002f5c
0000A3CE  2246          mov r2,r4
0000A3D0  2b46          mov r3,r5
0000A3D2  f8f7b8fd      bl 0x00002f46
0000A3D6  0446          mov r4,r0
0000A3D8  0d46          mov r5,r1
0000A3DA  7c4a          ldr r2,[0x0000a5cc]
0000A3DC  7c4b          ldr r3,[0x0000a5d0]
0000A3DE  0599          ldr r1,[sp,#0x14]
0000A3E0  0498          ldr r0,[sp,#0x10]
0000A3E2  f9f77df8      bl 0x000034e0
0000A3E6  2246          mov r2,r4
0000A3E8  2b46          mov r3,r5
0000A3EA  f8f7acfd      bl 0x00002f46
0000A3EE  0fb0          add sp,#0x3c
0000A3F0  f0bd          pop {r4,r5,r6,r7,pc}
0000A3F2  0b46          mov r3,r1
0000A3F4  3246          mov r2,r6
0000A3F6  2046          mov r0,r4
0000A3F8  2946          mov r1,r5
0000A3FA  c4e0          b 0x0000a586
0000A3FC  0123          movs r3,#0x1
0000A3FE  0022          movs r2,#0x0
0000A400  9b07          lsls r3,r3,#0x1e
0000A402  2046          mov r0,r4
0000A404  f8f792fd      bl 0x00002f2c
0000A408  0246          mov r2,r0
0000A40A  0b46          mov r3,r1
0000A40C  2046          mov r0,r4
0000A40E  2946          mov r1,r5
0000A410  f8f7bcfd      bl 0x00002f8c
0000A414  0646          mov r6,r0
0000A416  0f46          mov r7,r1
0000A418  0b98          ldr r0,[sp,#0x2c]
0000A41A  f9f756f8      bl 0x000034ca
0000A41E  3246          mov r2,r6
0000A420  3b46          mov r3,r7
0000A422  0591          str r1,[sp,#0x14]
0000A424  0490          str r0,[sp,#0x10]
0000A426  1046          mov r0,r2
0000A428  1946          mov r1,r3
0000A42A  f9f759f8      bl 0x000034e0
0000A42E  0991          str r1,[sp,#0x24]
0000A430  0c90          str r0,[sp,#0x30]
0000A432  6b49          ldr r1,[0x0000a5e0]
0000A434  0198          ldr r0,[sp,#0x4]
0000A436  099b          ldr r3,[sp,#0x24]
0000A438  4218          adds r2,r0,r1
0000A43A  0092          str r2,[sp,#0x0]
0000A43C  0c9a          ldr r2,[sp,#0x30]
0000A43E  1946          mov r1,r3
0000A440  1046          mov r0,r2
0000A442  f9f74df8      bl 0x000034e0
0000A446  0246          mov r2,r0
0000A448  0791          str r1,[sp,#0x1c]
0000A44A  0a90          str r0,[sp,#0x28]
0000A44C  6549          ldr r1,[0x0000a5e4]
0000A44E  0198          ldr r0,[sp,#0x4]
0000A450  0b1a          subs r3,r1,r0
0000A452  6548          ldr r0,[0x0000a5e8]
0000A454  0193          str r3,[sp,#0x4]
0000A456  0321          movs r1,#0x3
0000A458  7844          add r0,pc
0000A45A  079b          ldr r3,[sp,#0x1c]
0000A45C  fff776fd      bl 0x00009f4c
0000A460  079b          ldr r3,[sp,#0x1c]
0000A462  0a9a          ldr r2,[sp,#0x28]
0000A464  f9f73cf8      bl 0x000034e0
0000A468  0e90          str r0,[sp,#0x38]
0000A46A  5f48          ldr r0,[0x0000a5e8]
0000A46C  0d91          str r1,[sp,#0x34]
0000A46E  0421          movs r1,#0x4
0000A470  7844          add r0,pc
0000A472  079b          ldr r3,[sp,#0x1c]
0000A474  0a9a          ldr r2,[sp,#0x28]
0000A476  fff769fd      bl 0x00009f4c
0000A47A  099b          ldr r3,[sp,#0x24]
0000A47C  0c9a          ldr r2,[sp,#0x30]
0000A47E  f9f72ff8      bl 0x000034e0
0000A482  019b          ldr r3,[sp,#0x4]
0000A484  009a          ldr r2,[sp,#0x0]
0000A486  1a43          orrs r2,r3
0000A488  0092          str r2,[sp,#0x0]
0000A48A  0d9b          ldr r3,[sp,#0x34]
0000A48C  0e9a          ldr r2,[sp,#0x38]
0000A48E  f8f74dfd      bl 0x00002f2c
0000A492  009a          ldr r2,[sp,#0x0]
0000A494  0191          str r1,[sp,#0x4]
0000A496  0c90          str r0,[sp,#0x30]
0000A498  002a          cmp r2,#0x0
0000A49A  4ddd          ble 0x0000a538
0000A49C  0022          movs r2,#0x0
0000A49E  d243          mvns r2,r2
0000A4A0  2046          mov r0,r4
0000A4A2  2946          mov r1,r5
0000A4A4  f9f77afa      bl 0x0000399c
0000A4A8  2246          mov r2,r4
0000A4AA  2b46          mov r3,r5
0000A4AC  f9f718f8      bl 0x000034e0
0000A4B0  0091          str r1,[sp,#0x0]
0000A4B2  0a90          str r0,[sp,#0x28]
0000A4B4  0b98          ldr r0,[sp,#0x2c]
0000A4B6  0028          cmp r0,#0x0
0000A4B8  2bd0          beq 0x0000a512
0000A4BA  424a          ldr r2,[0x0000a5c4]
0000A4BC  424b          ldr r3,[0x0000a5c8]
0000A4BE  0599          ldr r1,[sp,#0x14]
0000A4C0  0498          ldr r0,[sp,#0x10]
0000A4C2  f9f70df8      bl 0x000034e0
0000A4C6  0791          str r1,[sp,#0x1c]
0000A4C8  0e90          str r0,[sp,#0x38]
0000A4CA  019b          ldr r3,[sp,#0x4]
0000A4CC  0c9a          ldr r2,[sp,#0x30]
0000A4CE  0099          ldr r1,[sp,#0x0]
0000A4D0  0a98          ldr r0,[sp,#0x28]
0000A4D2  f8f72bfd      bl 0x00002f2c
0000A4D6  3246          mov r2,r6
0000A4D8  3b46          mov r3,r7
0000A4DA  f9f701f8      bl 0x000034e0
0000A4DE  079b          ldr r3,[sp,#0x1c]
0000A4E0  0e9a          ldr r2,[sp,#0x38]
0000A4E2  f8f723fd      bl 0x00002f2c
0000A4E6  009b          ldr r3,[sp,#0x0]
0000A4E8  0a9a          ldr r2,[sp,#0x28]
0000A4EA  f8f737fd      bl 0x00002f5c
0000A4EE  2246          mov r2,r4
0000A4F0  2b46          mov r3,r5
0000A4F2  f8f728fd      bl 0x00002f46
0000A4F6  0446          mov r4,r0
0000A4F8  0d46          mov r5,r1
0000A4FA  344a          ldr r2,[0x0000a5cc]
0000A4FC  344b          ldr r3,[0x0000a5d0]
0000A4FE  0599          ldr r1,[sp,#0x14]
0000A500  0498          ldr r0,[sp,#0x10]
0000A502  f8f7edff      bl 0x000034e0
0000A506  2246          mov r2,r4
0000A508  2b46          mov r3,r5
0000A50A  f8f71cfd      bl 0x00002f46
0000A50E  0fb0          add sp,#0x3c
0000A510  f0bd          pop {r4,r5,r6,r7,pc}
0000A512  019b          ldr r3,[sp,#0x4]
0000A514  0c9a          ldr r2,[sp,#0x30]
0000A516  0a98          ldr r0,[sp,#0x28]
0000A518  f8f708fd      bl 0x00002f2c
0000A51C  3246          mov r2,r6
0000A51E  3b46          mov r3,r7
0000A520  f8f7deff      bl 0x000034e0
0000A524  009b          ldr r3,[sp,#0x0]
0000A526  0a9a          ldr r2,[sp,#0x28]
0000A528  f8f718fd      bl 0x00002f5c
0000A52C  2246          mov r2,r4
0000A52E  2b46          mov r3,r5
0000A530  f8f714fd      bl 0x00002f5c
0000A534  0fb0          add sp,#0x3c
0000A536  f0bd          pop {r4,r5,r6,r7,pc}
0000A538  0b98          ldr r0,[sp,#0x2c]
0000A53A  0028          cmp r0,#0x0
0000A53C  27d0          beq 0x0000a58e
0000A53E  214a          ldr r2,[0x0000a5c4]
0000A540  214b          ldr r3,[0x0000a5c8]
0000A542  0599          ldr r1,[sp,#0x14]
0000A544  0498          ldr r0,[sp,#0x10]
0000A546  f8f7cbff      bl 0x000034e0
0000A54A  0791          str r1,[sp,#0x1c]
0000A54C  0090          str r0,[sp,#0x0]
0000A54E  2046          mov r0,r4
0000A550  2946          mov r1,r5
0000A552  019b          ldr r3,[sp,#0x4]
0000A554  0c9a          ldr r2,[sp,#0x30]
0000A556  f8f7f6fc      bl 0x00002f46
0000A55A  3246          mov r2,r6
0000A55C  3b46          mov r3,r7
0000A55E  f8f7bfff      bl 0x000034e0
0000A562  079b          ldr r3,[sp,#0x1c]
0000A564  009a          ldr r2,[sp,#0x0]
0000A566  f8f7eefc      bl 0x00002f46
0000A56A  2246          mov r2,r4
0000A56C  2b46          mov r3,r5
0000A56E  f8f7eafc      bl 0x00002f46
0000A572  0446          mov r4,r0
0000A574  0d46          mov r5,r1
0000A576  154a          ldr r2,[0x0000a5cc]
0000A578  154b          ldr r3,[0x0000a5d0]
0000A57A  0599          ldr r1,[sp,#0x14]
0000A57C  0498          ldr r0,[sp,#0x10]
0000A57E  f8f7afff      bl 0x000034e0
0000A582  2246          mov r2,r4
0000A584  2b46          mov r3,r5
0000A586  f8f7defc      bl 0x00002f46
0000A58A  0fb0          add sp,#0x3c
0000A58C  f0bd          pop {r4,r5,r6,r7,pc}
0000A58E  0b46          mov r3,r1
0000A590  2046          mov r0,r4
0000A592  2946          mov r1,r5
0000A594  0c9a          ldr r2,[sp,#0x30]
0000A596  f8f7d6fc      bl 0x00002f46
0000A59A  3246          mov r2,r6
0000A59C  3b46          mov r3,r7
0000A59E  f8f79fff      bl 0x000034e0
0000A5A2  2246          mov r2,r4
0000A5A4  2b46          mov r3,r5
0000A5A6  f8f7d9fc      bl 0x00002f5c
0000A5AA  0fb0          add sp,#0x3c
0000A5AC  f0bd          pop {r4,r5,r6,r7,pc}
0000A5EC  faf7defd      bl 0x000051ac
0000A5F0  faf726fd      bl 0x00005040
0000A5F4  8a4f          ldr r7,[0x0000a820]
0000A5F6  8b4d          ldr r5,[0x0000a824]
0000A5F8  0024          movs r4,#0x0
0000A5FA  8b4e          ldr r6,[0x0000a828]
0000A5FC  3078          ldrb r0,[r6,#0x0]
0000A5FE  0028          cmp r0,#0x0
0000A600  04d0          beq 0x0000a60c
0000A602  fbf71ffd      bl 0x00006044
0000A606  fff7fbfb      bl 0x00009e00
0000A60A  3470          strb r4,[r6,#0x0]
0000A60C  874e          ldr r6,[0x0000a82c]
0000A60E  3078          ldrb r0,[r6,#0x0]
0000A610  0128          cmp r0,#0x1
0000A612  09d0          beq 0x0000a628
0000A614  3078          ldrb r0,[r6,#0x0]
0000A616  0228          cmp r0,#0x2
0000A618  09d0          beq 0x0000a62e
0000A61A  3078          ldrb r0,[r6,#0x0]
0000A61C  0328          cmp r0,#0x3
0000A61E  11d0          beq 0x0000a644
0000A620  3078          ldrb r0,[r6,#0x0]
0000A622  0428          cmp r0,#0x4
0000A624  12d0          beq 0x0000a64c
0000A626  15e0          b 0x0000a654
0000A628  fef7d0fd      bl 0x000091cc
0000A62C  11e0          b 0x0000a652
0000A62E  8048          ldr r0,[0x0000a830]
0000A630  0078          ldrb r0,[r0,#0x0]
0000A632  0028          cmp r0,#0x0
0000A634  0ed0          beq 0x0000a654
0000A636  3c70          strb r4,[r7,#0x0]
0000A638  fff7f8f8      bl 0x0000982c
0000A63C  3470          strb r4,[r6,#0x0]
0000A63E  7c48          ldr r0,[0x0000a830]
0000A640  0470          strb r4,[r0,#0x0]
0000A642  07e0          b 0x0000a654
0000A644  3c70          strb r4,[r7,#0x0]
0000A646  fff7b7fa      bl 0x00009bb8
0000A64A  02e0          b 0x0000a652
0000A64C  3c70          strb r4,[r7,#0x0]
0000A64E  fef707f9      bl 0x00008860
0000A652  3470          strb r4,[r6,#0x0]
0000A654  774e          ldr r6,[0x0000a834]
0000A656  3078          ldrb r0,[r6,#0x0]
0000A658  0128          cmp r0,#0x1
0000A65A  06d0          beq 0x0000a66a
0000A65C  3078          ldrb r0,[r6,#0x0]
0000A65E  0228          cmp r0,#0x2
0000A660  06d0          beq 0x0000a670
0000A662  3078          ldrb r0,[r6,#0x0]
0000A664  0328          cmp r0,#0x3
0000A666  06d0          beq 0x0000a676
0000A668  08e0          b 0x0000a67c
0000A66A  f9f7a5fb      bl 0x00003db8
0000A66E  04e0          b 0x0000a67a
0000A670  f9f73afe      bl 0x000042e8
0000A674  01e0          b 0x0000a67a
0000A676  f9f775fe      bl 0x00004364
0000A67A  3470          strb r4,[r6,#0x0]
0000A67C  6e48          ldr r0,[0x0000a838]
0000A67E  0178          ldrb r1,[r0,#0x0]
0000A680  0029          cmp r1,#0x0
0000A682  bad0          beq 0x0000a5fa
0000A684  0470          strb r4,[r0,#0x0]
0000A686  6d4e          ldr r6,[0x0000a83c]
0000A688  7088          ldrh r0,[r6,#0x2]
0000A68A  401c          adds r0,r0,#0x1
0000A68C  80b2          uxth r0,r0
0000A68E  7080          strh r0,[r6,#0x2]
0000A690  0528          cmp r0,#0x5
0000A692  00d3          bcc 0x0000a696
0000A694  7480          strh r4,[r6,#0x2]
0000A696  b088          ldrh r0,[r6,#0x4]
0000A698  401c          adds r0,r0,#0x1
0000A69A  80b2          uxth r0,r0
0000A69C  b080          strh r0,[r6,#0x4]
0000A69E  0a28          cmp r0,#0xa
0000A6A0  00d3          bcc 0x0000a6a4
0000A6A2  b480          strh r4,[r6,#0x4]
0000A6A4  f088          ldrh r0,[r6,#0x6]
0000A6A6  401c          adds r0,r0,#0x1
0000A6A8  80b2          uxth r0,r0
0000A6AA  f080          strh r0,[r6,#0x6]
0000A6AC  6428          cmp r0,#0x64
0000A6AE  00d3          bcc 0x0000a6b2
0000A6B0  f480          strh r4,[r6,#0x6]
0000A6B2  3089          ldrh r0,[r6,#0x8]
0000A6B4  401c          adds r0,r0,#0x1
0000A6B6  80b2          uxth r0,r0
0000A6B8  3081          strh r0,[r6,#0x8]
0000A6BA  fa28          cmp r0,#0xfa
0000A6BC  00d3          bcc 0x0000a6c0
0000A6BE  3481          strh r4,[r6,#0x8]
0000A6C0  7088          ldrh r0,[r6,#0x2]
0000A6C2  0028          cmp r0,#0x0
0000A6C4  04d0          beq 0x0000a6d0
0000A6C6  0128          cmp r0,#0x1
0000A6C8  05d0          beq 0x0000a6d6
0000A6CA  0228          cmp r0,#0x2
0000A6CC  08d1          bne 0x0000a6e0
0000A6CE  05e0          b 0x0000a6dc
0000A6D0  fcf76efb      bl 0x00006db0
0000A6D4  04e0          b 0x0000a6e0
0000A6D6  00f0a9f9      bl 0x0000aa2c
0000A6DA  01e0          b 0x0000a6e0
0000A6DC  fcf766f8      bl 0x000067ac
0000A6E0  b088          ldrh r0,[r6,#0x4]
0000A6E2  0300          movs r3,r0
0000A6E4  fff7cafb      bl 0x00009e7c
0000A850  f3b5          push {r0,r1,r4,r5,r6,r7,lr}
0000A852  83b0          sub sp,#0xc
0000A854  0024          movs r4,#0x0
0000A856  0398          ldr r0,[sp,#0xc]
0000A858  005d          ldrb r0,[r0,r4]
0000A85A  0090          str r0,[sp,#0x0]
0000A85C  0398          ldr r0,[sp,#0xc]
0000A85E  0519          adds r5,r0,r4
0000A860  2879          ldrb r0,[r5,#0x4]
0000A862  0190          str r0,[sp,#0x4]
0000A864  287a          ldrb r0,[r5,#0x8]
0000A866  0290          str r0,[sp,#0x8]
0000A868  0498          ldr r0,[sp,#0x10]
0000A86A  2e7b          ldrb r6,[r5,#0xc]
0000A86C  0028          cmp r0,#0x0
0000A86E  3bd0          beq 0x0000a8e8
0000A870  0221          movs r1,#0x2
0000A872  0098          ldr r0,[sp,#0x0]
0000A874  fff730fc      bl 0x0000a0d8
0000A878  0746          mov r7,r0
0000A87A  0321          movs r1,#0x3
0000A87C  0198          ldr r0,[sp,#0x4]
0000A87E  fff72bfc      bl 0x0000a0d8
0000A882  4740          eors r7,r0
0000A884  0298          ldr r0,[sp,#0x8]
0000A886  0221          movs r1,#0x2
0000A888  4740          eors r7,r0
0000A88A  0398          ldr r0,[sp,#0xc]
0000A88C  7740          eors r7,r6
0000A88E  0755          strb r7,[r0,r4]
0000A890  0198          ldr r0,[sp,#0x4]
0000A892  fff721fc      bl 0x0000a0d8
0000A896  0746          mov r7,r0
0000A898  0099          ldr r1,[sp,#0x0]
0000A89A  0298          ldr r0,[sp,#0x8]
0000A89C  4f40          eors r7,r1
0000A89E  0221          movs r1,#0x2
0000A8A0  fff71afc      bl 0x0000a0d8
0000A8A4  0299          ldr r1,[sp,#0x8]
0000A8A6  4840          eors r0,r1
0000A8A8  4740          eors r7,r0
0000A8AA  7740          eors r7,r6
0000A8AC  2f71          strb r7,[r5,#0x4]
0000A8AE  0221          movs r1,#0x2
0000A8B0  0298          ldr r0,[sp,#0x8]
0000A8B2  fff711fc      bl 0x0000a0d8
0000A8B6  019a          ldr r2,[sp,#0x4]
0000A8B8  0099          ldr r1,[sp,#0x0]
0000A8BA  0746          mov r7,r0
0000A8BC  5140          eors r1,r2
0000A8BE  4f40          eors r7,r1
0000A8C0  0221          movs r1,#0x2
0000A8C2  3046          mov r0,r6
0000A8C4  fff708fc      bl 0x0000a0d8
0000A8C8  7040          eors r0,r6
0000A8CA  4740          eors r7,r0
0000A8CC  2f72          strb r7,[r5,#0x8]
0000A8CE  0221          movs r1,#0x2
0000A8D0  0098          ldr r0,[sp,#0x0]
0000A8D2  fff701fc      bl 0x0000a0d8
0000A8D6  0099          ldr r1,[sp,#0x0]
0000A8D8  4840          eors r0,r1
0000A8DA  0199          ldr r1,[sp,#0x4]
0000A8DC  4840          eors r0,r1
0000A8DE  0299          ldr r1,[sp,#0x8]
0000A8E0  0746          mov r7,r0
0000A8E2  4f40          eors r7,r1
0000A8E4  0221          movs r1,#0x2
0000A8E6  4fe0          b 0x0000a988
0000A8E8  0e21          movs r1,#0xe
0000A8EA  0098          ldr r0,[sp,#0x0]
0000A8EC  fff7f4fb      bl 0x0000a0d8
0000A8F0  0746          mov r7,r0
0000A8F2  0b21          movs r1,#0xb
0000A8F4  0198          ldr r0,[sp,#0x4]
0000A8F6  fff7effb      bl 0x0000a0d8
0000A8FA  4740          eors r7,r0
0000A8FC  0d21          movs r1,#0xd
0000A8FE  0298          ldr r0,[sp,#0x8]
0000A900  fff7eafb      bl 0x0000a0d8
0000A904  4740          eors r7,r0
0000A906  0921          movs r1,#0x9
0000A908  3046          mov r0,r6
0000A90A  fff7e5fb      bl 0x0000a0d8
0000A90E  4740          eors r7,r0
0000A910  0398          ldr r0,[sp,#0xc]
0000A912  0921          movs r1,#0x9
0000A914  0755          strb r7,[r0,r4]
0000A916  0098          ldr r0,[sp,#0x0]
0000A918  fff7defb      bl 0x0000a0d8
0000A91C  0746          mov r7,r0
0000A91E  0e21          movs r1,#0xe
0000A920  0198          ldr r0,[sp,#0x4]
0000A922  fff7d9fb      bl 0x0000a0d8
0000A926  4740          eors r7,r0
0000A928  0b21          movs r1,#0xb
0000A92A  0298          ldr r0,[sp,#0x8]
0000A92C  fff7d4fb      bl 0x0000a0d8
0000A930  4740          eors r7,r0
0000A932  0d21          movs r1,#0xd
0000A934  3046          mov r0,r6
0000A936  fff7cffb      bl 0x0000a0d8
0000A93A  4740          eors r7,r0
0000A93C  2f71          strb r7,[r5,#0x4]
0000A93E  0d21          movs r1,#0xd
0000A940  0098          ldr r0,[sp,#0x0]
0000A942  fff7c9fb      bl 0x0000a0d8
0000A946  0746          mov r7,r0
0000A948  0921          movs r1,#0x9
0000A94A  0198          ldr r0,[sp,#0x4]
0000A94C  fff7c4fb      bl 0x0000a0d8
0000A950  4740          eors r7,r0
0000A952  0e21          movs r1,#0xe
0000A954  0298          ldr r0,[sp,#0x8]
0000A956  fff7bffb      bl 0x0000a0d8
0000A95A  4740          eors r7,r0
0000A95C  0b21          movs r1,#0xb
0000A95E  3046          mov r0,r6
0000A960  fff7bafb      bl 0x0000a0d8
0000A964  4740          eors r7,r0
0000A966  2f72          strb r7,[r5,#0x8]
0000A968  0b21          movs r1,#0xb
0000A96A  0098          ldr r0,[sp,#0x0]
0000A96C  fff7b4fb      bl 0x0000a0d8
0000A970  0746          mov r7,r0
0000A972  0d21          movs r1,#0xd
0000A974  0198          ldr r0,[sp,#0x4]
0000A976  fff7affb      bl 0x0000a0d8
0000A97A  4740          eors r7,r0
0000A97C  0921          movs r1,#0x9
0000A97E  0298          ldr r0,[sp,#0x8]
0000A980  fff7aafb      bl 0x0000a0d8
0000A984  4740          eors r7,r0
0000A986  0e21          movs r1,#0xe
0000A988  3046          mov r0,r6
0000A98A  fff7a5fb      bl 0x0000a0d8
0000A98E  4740          eors r7,r0
0000A990  641c          adds r4,r4,#0x1
0000A992  e4b2          uxtb r4,r4
0000A994  2f73          strb r7,[r5,#0xc]
0000A996  042c          cmp r4,#0x4
0000A998  00d2          bcs 0x0000a99c
0000A99A  5ce7          b 0x0000a856
0000A99C  05b0          add sp,#0x14
0000A99E  f0bd          pop {r4,r5,r6,r7,pc}
0000A9A0  f0b5          push {r4,r5,r6,r7,lr}
0000A9A2  0023          movs r3,#0x0
0000A9A4  0024          movs r4,#0x0
0000A9A6  18e0          b 0x0000a9da
0000A9A8  0029          cmp r1,#0x0
0000A9AA  0ad0          beq 0x0000a9c2
0000A9AC  9d00          lsls r5,r3,#0x2
0000A9AE  2a18          adds r2,r5,r0
0000A9B0  465d          ldrb r6,[r0,r5]
0000A9B2  5778          ldrb r7,[r2,#0x1]
0000A9B4  4755          strb r7,[r0,r5]
0000A9B6  9578          ldrb r5,[r2,#0x2]
0000A9B8  5570          strb r5,[r2,#0x1]
0000A9BA  d578          ldrb r5,[r2,#0x3]
0000A9BC  9570          strb r5,[r2,#0x2]
0000A9BE  d670          strb r6,[r2,#0x3]
0000A9C0  09e0          b 0x0000a9d6
0000A9C2  9d00          lsls r5,r3,#0x2
0000A9C4  2a18          adds r2,r5,r0
0000A9C6  d678          ldrb r6,[r2,#0x3]
0000A9C8  9778          ldrb r7,[r2,#0x2]
0000A9CA  d770          strb r7,[r2,#0x3]
0000A9CC  5778          ldrb r7,[r2,#0x1]
0000A9CE  9770          strb r7,[r2,#0x2]
0000A9D0  475d          ldrb r7,[r0,r5]
0000A9D2  5770          strb r7,[r2,#0x1]
0000A9D4  4655          strb r6,[r0,r5]
0000A9D6  641c          adds r4,r4,#0x1
0000A9D8  e4b2          uxtb r4,r4
0000A9DA  9c42          cmp r4,r3
0000A9DC  e4d3          bcc 0x0000a9a8
0000A9DE  5b1c          adds r3,r3,#0x1
0000A9E0  dbb2          uxtb r3,r3
0000A9E2  042b          cmp r3,#0x4
0000A9E4  ded3          bcc 0x0000a9a4
0000A9E6  f0bd          pop {r4,r5,r6,r7,pc}
0000A9E8  f0b5          push {r4,r5,r6,r7,lr}
0000A9EA  8446          mov r12,r0
0000A9EC  0024          movs r4,#0x0
0000A9EE  0e4f          ldr r7,[0x0000aa28]
0000A9F0  a000          lsls r0,r4,#0x2
0000A9F2  6346          mov r3,r12
0000A9F4  c318          adds r3,r0,r3
0000A9F6  0022          movs r2,#0x0
0000A9F8  f81d          adds r0,r7,#0x7
0000A9FA  f930          adds r0,#0xf9
0000A9FC  9d5c          ldrb r5,[r3,r2]
0000A9FE  2e09          lsrs r6,r5,#0x4
0000AA00  2d07          lsls r5,r5,#0x1c
0000AA02  2d0f          lsrs r5,r5,#0x1c
0000AA04  0029          cmp r1,#0x0
0000AA06  02d0          beq 0x0000aa0e
0000AA08  3601          lsls r6,r6,#0x4
0000AA0A  f619          adds r6,r6,r7
0000AA0C  01e0          b 0x0000aa12
0000AA0E  3601          lsls r6,r6,#0x4
0000AA10  3618          adds r6,r6,r0
0000AA12  755d          ldrb r5,[r6,r5]
0000AA14  9d54          strb r5,[r3,r2]
0000AA16  521c          adds r2,r2,#0x1
0000AA18  d2b2          uxtb r2,r2
0000AA1A  042a          cmp r2,#0x4
0000AA1C  eed3          bcc 0x0000a9fc
0000AA1E  641c          adds r4,r4,#0x1
0000AA20  e4b2          uxtb r4,r4
0000AA22  042c          cmp r4,#0x4
0000AA24  e3d3          bcc 0x0000a9ee
0000AA26  f0bd          pop {r4,r5,r6,r7,pc}
0000AA2C  70b5          push {r4,r5,r6,lr}
0000AA2E  2c4c          ldr r4,[0x0000aae0]
0000AA30  e089          ldrh r0,[r4,#0xe]
0000AA32  2c49          ldr r1,[0x0000aae4]
0000AA34  4843          muls r0,r1
0000AA36  2c49          ldr r1,[0x0000aae8]
0000AA38  800b          lsrs r0,r0,#0xe
0000AA3A  0880          strh r0,[r1,#0x0]
0000AA3C  e089          ldrh r0,[r4,#0xe]
0000AA3E  2b49          ldr r1,[0x0000aaec]
0000AA40  0126          movs r6,#0x1
0000AA42  0025          movs r5,#0x0
0000AA44  8842          cmp r0,r1
0000AA46  07d2          bcs 0x0000aa58
0000AA48  faf726f8      bl 0x00004a98
0000AA4C  2670          strb r6,[r4,#0x0]
0000AA4E  a670          strb r6,[r4,#0x2]
0000AA50  a089          ldrh r0,[r4,#0xc]
0000AA52  10e0          b 0x0000aa76
0000AA54  401c          adds r0,r0,#0x1
0000AA56  1ce0          b 0x0000aa92
0000AA58  e089          ldrh r0,[r4,#0xe]
0000AA5A  2549          ldr r1,[0x0000aaf0]
0000AA5C  8842          cmp r0,r1
0000AA5E  02d9          bls 0x0000aa66
0000AA60  6670          strb r6,[r4,#0x1]
0000AA62  a581          strh r5,[r4,#0xc]
0000AA64  16e0          b 0x0000aa94
0000AA66  e189          ldrh r1,[r4,#0xe]
0000AA68  204a          ldr r2,[0x0000aaec]
0000AA6A  1d48          ldr r0,[0x0000aae0]
0000AA6C  8c32          adds r2,#0x8c
0000AA6E  8089          ldrh r0,[r0,#0xc]
0000AA70  9142          cmp r1,r2
0000AA72  03d2          bcs 0x0000aa7c
0000AA74  a670          strb r6,[r4,#0x2]
0000AA76  c828          cmp r0,#0xc8
0000AA78  ecd3          bcc 0x0000aa54
0000AA7A  0be0          b 0x0000aa94
0000AA7C  e189          ldrh r1,[r4,#0xe]
0000AA7E  1c4a          ldr r2,[0x0000aaf0]
0000AA80  263a          subs r2,#0x26
0000AA82  9142          cmp r1,r2
0000AA84  00d2          bcs 0x0000aa88
0000AA86  6570          strb r5,[r4,#0x1]
0000AA88  a570          strb r5,[r4,#0x2]
0000AA8A  2570          strb r5,[r4,#0x0]
0000AA8C  0028          cmp r0,#0x0
0000AA8E  01d0          beq 0x0000aa94
0000AA90  401e          subs r0,r0,#0x1
0000AA92  a081          strh r0,[r4,#0xc]
0000AA94  1749          ldr r1,[0x0000aaf4]
0000AA96  0020          movs r0,#0x0
0000AA98  085e          ldrsh r0,[r1,r0]
0000AA9A  ff21          movs r1,#0xff
0000AA9C  1831          adds r1,#0x18
0000AA9E  8842          cmp r0,r1
0000AAA0  0dda          bge 0x0000aabe
0000AAA2  e088          ldrh r0,[r4,#0x6]
0000AAA4  e189          ldrh r1,[r4,#0xe]
0000AAA6  8842          cmp r0,r1
0000AAA8  09d9          bls 0x0000aabe
0000AAAA  6089          ldrh r0,[r4,#0xa]
0000AAAC  5028          cmp r0,#0x50
0000AAAE  02d2          bcs 0x0000aab6
0000AAB0  401c          adds r0,r0,#0x1
0000AAB2  6081          strh r0,[r4,#0xa]
0000AAB4  04e0          b 0x0000aac0
0000AAB6  6581          strh r5,[r4,#0xa]
0000AAB8  e089          ldrh r0,[r4,#0xe]
0000AABA  e080          strh r0,[r4,#0x6]
0000AABC  00e0          b 0x0000aac0
0000AABE  6581          strh r5,[r4,#0xa]
0000AAC0  0d48          ldr r0,[0x0000aaf8]
0000AAC2  0078          ldrb r0,[r0,#0x0]
0000AAC4  0028          cmp r0,#0x0
0000AAC6  04d0          beq 0x0000aad2
0000AAC8  e088          ldrh r0,[r4,#0x6]
0000AACA  f9f7effc      bl 0x000044ac
0000AACE  e070          strb r0,[r4,#0x3]
0000AAD0  70bd          pop {r4,r5,r6,pc}
0000AAD2  0a48          ldr r0,[0x0000aafc]
0000AAD4  4078          ldrb r0,[r0,#0x1]
0000AAD6  e070          strb r0,[r4,#0x3]
0000AAD8  e089          ldrh r0,[r4,#0xe]
0000AADA  e080          strh r0,[r4,#0x6]
0000AADC  70bd          pop {r4,r5,r6,pc}
0000AB00  70b5          push {r4,r5,r6,lr}
0000AB02  0125          movs r5,#0x1
0000AB04  0c00          movs r4,r1
0000AB06  2d05          lsls r5,r5,#0x14
0000AB08  1c43          orrs r4,r3
0000AB0A  10d4          bmi 0x0000ab2e
0000AB0C  ec42          cmn r4,r5
0000AB0E  06d4          bmi 0x0000ab1e
0000AB10  ac42          cmp r4,r5
0000AB12  0ad4          bmi 0x0000ab2a
0000AB14  9942          cmp r1,r3
0000AB16  00d0          beq 0x0000ab1a
0000AB18  70bd          pop {r4,r5,r6,pc}
0000AB1A  9042          cmp r0,r2
0000AB1C  70bd          pop {r4,r5,r6,pc}
0000AB1E  e942          cmn r1,r5
0000AB20  17d4          bmi 0x0000ab52
0000AB22  eb42          cmn r3,r5
0000AB24  15d4          bmi 0x0000ab52
0000AB26  9942          cmp r1,r3
0000AB28  70bd          pop {r4,r5,r6,pc}
0000AB2A  8942          cmp r1,r1
0000AB2C  70bd          pop {r4,r5,r6,pc}
0000AB2E  ec42          cmn r4,r5
0000AB30  06d5          bpl 0x0000ab40
0000AB32  ac42          cmp r4,r5
0000AB34  f9d5          bpl 0x0000ab2a
0000AB36  8b42          cmp r3,r1
0000AB38  00d0          beq 0x0000ab3c
0000AB3A  70bd          pop {r4,r5,r6,pc}
0000AB3C  8242          cmp r2,r0
0000AB3E  70bd          pop {r4,r5,r6,pc}
0000AB40  6d00          lsls r5,r5,#0x1
0000AB42  4c00          lsls r4,r1,#0x1
0000AB44  ec42          cmn r4,r5
0000AB46  04d2          bcs 0x0000ab52
0000AB48  5c00          lsls r4,r3,#0x1
0000AB4A  ec42          cmn r4,r5
0000AB4C  01d2          bcs 0x0000ab52
0000AB4E  8b42          cmp r3,r1
0000AB50  70bd          pop {r4,r5,r6,pc}
0000AB52  034c          ldr r4,[0x0000ab60]
0000AB54  30b4          push {r4,r5}
0000AB56  f8f755ff      bl 0x00003a04
0000AB5A  30bc          pop {r4,r5}
0000AB5C  70bd          pop {r4,r5,r6,pc}
0000AB64  70b5          push {r4,r5,r6,lr}
0000AB66  0125          movs r5,#0x1
0000AB68  0400          movs r4,r0
0000AB6A  ed07          lsls r5,r5,#0x1f
0000AB6C  4c40          eors r4,r1
0000AB6E  20d4          bmi 0x0000abb2
0000AB70  441a          subs r4,r0,r1
0000AB72  01d2          bcs 0x0000ab78
0000AB74  001b          subs r0,r0,r4
0000AB76  0919          adds r1,r1,r4
0000AB78  c60d          lsrs r6,r0,#0x17
0000AB7A  4b00          lsls r3,r1,#0x1
0000AB7C  f2b2          uxtb r2,r6
0000AB7E  ff2a          cmp r2,#0xff
0000AB80  29d0          beq 0x0000abd6
0000AB82  1b0e          lsrs r3,r3,#0x18
0000AB84  2cd0          beq 0x0000abe0
0000AB86  0002          lsls r0,r0,#0x8
0000AB88  0c02          lsls r4,r1,#0x8
0000AB8A  d31a          subs r3,r2,r3
0000AB8C  2c43          orrs r4,r5
0000AB8E  dc40          lsrs r4,r3
0000AB90  2843          orrs r0,r5
0000AB92  0519          adds r5,r0,r4
0000AB94  10d2          bcs 0x0000abb8
0000AB96  280a          lsrs r0,r5,#0x8
0000AB98  02d3          bcc 0x0000aba0
0000AB9A  401c          adds r0,r0,#0x1
0000AB9C  6d06          lsls r5,r5,#0x19
0000AB9E  11d0          beq 0x0000abc4
0000ABA0  761e          subs r6,r6,#0x1
0000ABA2  f605          lsls r6,r6,#0x17
0000ABA4  8019          adds r0,r0,r6
0000ABA6  ff2a          cmp r2,#0xff
0000ABA8  00da          bge 0x0000abac
0000ABAA  70bd          pop {r4,r5,r6,pc}
0000ABAC  c00d          lsrs r0,r0,#0x17
0000ABAE  c005          lsls r0,r0,#0x17
0000ABB0  70bd          pop {r4,r5,r6,pc}
0000ABB2  6940          eors r1,r5
0000ABB4  00f07af8      bl 0x0000acac
0000ABB8  0120          movs r0,#0x1
0000ABBA  0543          orrs r5,r0
0000ABBC  c541          rors r5,r0
0000ABBE  521c          adds r2,r2,#0x1
0000ABC0  761c          adds r6,r6,#0x1
0000ABC2  e8e7          b 0x0000ab96
0000ABC4  6408          lsrs r4,r4,#0x1
0000ABC6  9c40          lsls r4,r3
0000ABC8  c901          lsls r1,r1,#0x7
0000ABCA  6140          eors r1,r4
0000ABCC  8900          lsls r1,r1,#0x2
0000ABCE  e7d1          bne 0x0000aba0
0000ABD0  0124          movs r4,#0x1
0000ABD2  a043          bics r0,r4
0000ABD4  e4e7          b 0x0000aba0
0000ABD6  1b0e          lsrs r3,r3,#0x18
0000ABD8  4402          lsls r4,r0,#0x9
0000ABDA  00d0          beq 0x0000abde
0000ABDC  0348          ldr r0,[0x0000abec]
0000ABDE  70bd          pop {r4,r5,r6,pc}
0000ABE0  002a          cmp r2,#0x0
0000ABE2  fcd1          bne 0x0000abde
0000ABE4  c00f          lsrs r0,r0,#0x1f
0000ABE6  c007          lsls r0,r0,#0x1f
0000ABE8  70bd          pop {r4,r5,r6,pc}
0000ABF0  70b5          push {r4,r5,r6,lr}
0000ABF2  4200          lsls r2,r0,#0x1
0000ABF4  6441          adcs r4,r4
0000ABF6  4b00          lsls r3,r1,#0x1
0000ABF8  5c41          adcs r4,r3
0000ABFA  120e          lsrs r2,r2,#0x18
0000ABFC  39d0          beq 0x0000ac72
0000ABFE  1b0e          lsrs r3,r3,#0x18
0000AC00  38d0          beq 0x0000ac74
0000AC02  ff2a          cmp r2,#0xff
0000AC04  3cd0          beq 0x0000ac80
0000AC06  ff2b          cmp r3,#0xff
0000AC08  3ad0          beq 0x0000ac80
0000AC0A  4002          lsls r0,r0,#0x9
0000AC0C  4902          lsls r1,r1,#0x9
0000AC0E  400a          lsrs r0,r0,#0x9
0000AC10  490a          lsrs r1,r1,#0x9
0000AC12  0600          movs r6,r0
0000AC14  4518          adds r5,r0,r1
0000AC16  4e43          muls r6,r1
0000AC18  000a          lsrs r0,r0,#0x8
0000AC1A  090a          lsrs r1,r1,#0x8
0000AC1C  d218          adds r2,r2,r3
0000AC1E  4843          muls r0,r1
0000AC20  ed01          lsls r5,r5,#0x7
0000AC22  7f3a          subs r2,#0x7f
0000AC24  0104          lsls r1,r0,#0x10
0000AC26  731a          subs r3,r6,r1
0000AC28  4019          adds r0,r0,r5
0000AC2A  190c          lsrs r1,r3,#0x10
0000AC2C  4318          adds r3,r0,r1
0000AC2E  990f          lsrs r1,r3,#0x1e
0000AC30  04d0          beq 0x0000ac3c
0000AC32  0121          movs r1,#0x1
0000AC34  5b08          lsrs r3,r3,#0x1
0000AC36  4907          lsls r1,r1,#0x1d
0000AC38  5b1a          subs r3,r3,r1
0000AC3A  521c          adds r2,r2,#0x1
0000AC3C  d809          lsrs r0,r3,#0x7
0000AC3E  04d3          bcc 0x0000ac4a
0000AC40  401c          adds r0,r0,#0x1
0000AC42  f503          lsls r5,r6,#0xf
0000AC44  01d1          bne 0x0000ac4a
0000AC46  9d06          lsls r5,r3,#0x1a
0000AC48  07d0          beq 0x0000ac5a
0000AC4A  ff2a          cmp r2,#0xff
0000AC4C  08d2          bcs 0x0000ac60
0000AC4E  d505          lsls r5,r2,#0x17
0000AC50  06d0          beq 0x0000ac60
0000AC52  e407          lsls r4,r4,#0x1f
0000AC54  2043          orrs r0,r4
0000AC56  4019          adds r0,r0,r5
0000AC58  70bd          pop {r4,r5,r6,pc}
0000AC5A  0125          movs r5,#0x1
0000AC5C  a843          bics r0,r5
0000AC5E  f4e7          b 0x0000ac4a
0000AC60  002a          cmp r2,#0x0
0000AC62  01dc          bgt 0x0000ac68
0000AC64  e007          lsls r0,r4,#0x1f
0000AC66  70bd          pop {r4,r5,r6,pc}
0000AC68  2402          lsls r4,r4,#0x8
0000AC6A  ff20          movs r0,#0xff
0000AC6C  2043          orrs r0,r4
0000AC6E  c005          lsls r0,r0,#0x17
0000AC70  70bd          pop {r4,r5,r6,pc}
0000AC72  1b0e          lsrs r3,r3,#0x18
0000AC74  ff2a          cmp r2,#0xff
0000AC76  03d0          beq 0x0000ac80
0000AC78  ff2b          cmp r3,#0xff
0000AC7A  01d0          beq 0x0000ac80
0000AC7C  e007          lsls r0,r4,#0x1f
0000AC7E  70bd          pop {r4,r5,r6,pc}
0000AC80  ff26          movs r6,#0xff
0000AC82  4500          lsls r5,r0,#0x1
0000AC84  3606          lsls r6,r6,#0x18
0000AC86  b542          cmp r5,r6
0000AC88  06d8          bhi 0x0000ac98
0000AC8A  4d00          lsls r5,r1,#0x1
0000AC8C  b542          cmp r5,r6
0000AC8E  03d8          bhi 0x0000ac98
0000AC90  d218          adds r2,r2,r3
0000AC92  ff2a          cmp r2,#0xff
0000AC94  00d0          beq 0x0000ac98
0000AC96  e7e7          b 0x0000ac68
0000AC98  0048          ldr r0,[0x0000ac9c]
0000AC9A  70bd          pop {r4,r5,r6,pc}
0000ACA0  70b5          push {r4,r5,r6,lr}
0000ACA2  0125          movs r5,#0x1
0000ACA4  0400          movs r4,r0
0000ACA6  ed07          lsls r5,r5,#0x1f
0000ACA8  4c40          eors r4,r1
0000ACAA  22d4          bmi 0x0000acf2
0000ACAC  441a          subs r4,r0,r1
0000ACAE  02d2          bcs 0x0000acb6
0000ACB0  6c40          eors r4,r5
0000ACB2  001b          subs r0,r0,r4
0000ACB4  0919          adds r1,r1,r4
0000ACB6  c60d          lsrs r6,r0,#0x17
0000ACB8  4b00          lsls r3,r1,#0x1
0000ACBA  f2b2          uxtb r2,r6
0000ACBC  ff2a          cmp r2,#0xff
0000ACBE  4bd0          beq 0x0000ad58
0000ACC0  1b0e          lsrs r3,r3,#0x18
0000ACC2  50d0          beq 0x0000ad66
0000ACC4  0002          lsls r0,r0,#0x8
0000ACC6  0c02          lsls r4,r1,#0x8
0000ACC8  d31a          subs r3,r2,r3
0000ACCA  2c43          orrs r4,r5
0000ACCC  dc40          lsrs r4,r3
0000ACCE  a843          bics r0,r5
0000ACD0  051b          subs r5,r0,r4
0000ACD2  05d5          bpl 0x0000ace0
0000ACD4  ad00          lsls r5,r5,#0x2
0000ACD6  19d3          bcc 0x0000ad0c
0000ACD8  6d08          lsrs r5,r5,#0x1
0000ACDA  761e          subs r6,r6,#0x1
0000ACDC  521e          subs r2,r2,#0x1
0000ACDE  37d0          beq 0x0000ad50
0000ACE0  f605          lsls r6,r6,#0x17
0000ACE2  280a          lsrs r0,r5,#0x8
0000ACE4  01d2          bcs 0x0000acea
0000ACE6  8019          adds r0,r0,r6
0000ACE8  70bd          pop {r4,r5,r6,pc}
0000ACEA  7041          adcs r0,r6
0000ACEC  6d06          lsls r5,r5,#0x19
0000ACEE  03d0          beq 0x0000acf8
0000ACF0  70bd          pop {r4,r5,r6,pc}
0000ACF2  6940          eors r1,r5
0000ACF4  fff73cff      bl 0x0000ab70
0000ACF8  9c40          lsls r4,r3
0000ACFA  0902          lsls r1,r1,#0x8
0000ACFC  6140          eors r1,r4
0000ACFE  4900          lsls r1,r1,#0x1
0000AD00  01d0          beq 0x0000ad06
0000AD02  401e          subs r0,r0,#0x1
0000AD04  70bd          pop {r4,r5,r6,pc}
0000AD06  0124          movs r4,#0x1
0000AD08  a043          bics r0,r4
0000AD0A  70bd          pop {r4,r5,r6,pc}
0000AD0C  6d08          lsrs r5,r5,#0x1
0000AD0E  1dd0          beq 0x0000ad4c
0000AD10  0120          movs r0,#0x1
0000AD12  2b0c          lsrs r3,r5,#0x10
0000AD14  01d1          bne 0x0000ad1a
0000AD16  2d04          lsls r5,r5,#0x10
0000AD18  1030          adds r0,#0x10
0000AD1A  2b0e          lsrs r3,r5,#0x18
0000AD1C  01d1          bne 0x0000ad22
0000AD1E  2d02          lsls r5,r5,#0x8
0000AD20  0830          adds r0,#0x8
0000AD22  2b0f          lsrs r3,r5,#0x1c
0000AD24  01d1          bne 0x0000ad2a
0000AD26  2d01          lsls r5,r5,#0x4
0000AD28  001d          adds r0,r0,#0x4
0000AD2A  ab0f          lsrs r3,r5,#0x1e
0000AD2C  01d1          bne 0x0000ad32
0000AD2E  ad00          lsls r5,r5,#0x2
0000AD30  801c          adds r0,r0,#0x2
0000AD32  eb0f          lsrs r3,r5,#0x1f
0000AD34  01d1          bne 0x0000ad3a
0000AD36  6d00          lsls r5,r5,#0x1
0000AD38  401c          adds r0,r0,#0x1
0000AD3A  6d00          lsls r5,r5,#0x1
0000AD3C  361a          subs r6,r6,r0
0000AD3E  121a          subs r2,r2,r0
0000AD40  680a          lsrs r0,r5,#0x9
0000AD42  f505          lsls r5,r6,#0x17
0000AD44  4019          adds r0,r0,r5
0000AD46  012a          cmp r2,#0x1
0000AD48  02db          blt 0x0000ad50
0000AD4A  70bd          pop {r4,r5,r6,pc}
0000AD4C  0020          movs r0,#0x0
0000AD4E  70bd          pop {r4,r5,r6,pc}
0000AD50  c036          adds r6,#0xc0
0000AD52  300a          lsrs r0,r6,#0x8
0000AD54  c007          lsls r0,r0,#0x1f
0000AD56  70bd          pop {r4,r5,r6,pc}
0000AD58  1b0e          lsrs r3,r3,#0x18
0000AD5A  4402          lsls r4,r0,#0x9
0000AD5C  01d1          bne 0x0000ad62
0000AD5E  ff2b          cmp r3,#0xff
0000AD60  00d1          bne 0x0000ad64
0000AD62  0248          ldr r0,[0x0000ad6c]
0000AD64  70bd          pop {r4,r5,r6,pc}
0000AD66  002a          cmp r2,#0x0
0000AD68  f0d0          beq 0x0000ad4c
0000AD6A  70bd          pop {r4,r5,r6,pc}
0000AFF6  4613          asrs r6,r0,#0xd
0000AFF8  25a1          adr r1,[0xb090]
0000AFFA  f6bd          pop {r1,r2,r4,r5,r6,r7,pc}
